sample_id,role,deltaT_quartile,true_scale_cv_rms_K,physics_24_nearest_train_sample_id,physics_24_nearest_distance,physics_24_mean_k_distance,physics_24_neighbor_log_target_scale_mean,physics_24_neighbor_log_target_scale_variance,physics_24_neighbor_log_target_scale_std,pooled_latent_96_nearest_train_sample_id,pooled_latent_96_nearest_distance,pooled_latent_96_mean_k_distance,pooled_latent_96_neighbor_log_target_scale_mean,pooled_latent_96_neighbor_log_target_scale_variance,pooled_latent_96_neighbor_log_target_scale_std,combined_120_nearest_train_sample_id,combined_120_nearest_distance,combined_120_mean_k_distance,combined_120_neighbor_log_target_scale_mean,combined_120_neighbor_log_target_scale_variance,combined_120_neighbor_log_target_scale_std
sample_0014,valid_iid,Q4,1.2896650226372384,sample_0215,1.6481254304673183,2.035376711344256,-0.009560742827002571,0.40314599102826687,0.6349377851634496,sample_0215,4.551084982428303,5.475475765308974,0.3225810481809984,0.21861250532907409,0.4675601622562321,sample_0215,4.840319405972864,6.215522006592929,0.22407120127014796,0.27523579587109515,0.52462919845458
sample_0023,valid_iid,Q2,0.2629658707962856,sample_0580,0.9673912893501015,1.356715039286724,-1.1767144978111888,0.31852800882241883,0.5643828565986203,sample_0193,3.847798089814202,4.630424013879699,-0.8198234858590709,0.4744966986408799,0.6888372076484254,sample_0193,4.781382773923613,5.338547707584357,-1.0537976536071227,0.5276476043227836,0.7263935602156613
sample_0027,valid_iid,Q3,0.5366140210141005,sample_0567,1.61481906876899,1.943934762871606,-0.5334569196613623,0.18055716617007697,0.42492018800014314,sample_0002,4.011341662881356,4.909618502471662,-0.6426493379984181,0.28374279772189165,0.5326751333804608,sample_0567,4.899473451894481,5.7929352599165815,-0.6985124694811395,0.2119539504295121,0.4603845679749834
sample_0037,valid_iid,Q2,0.22343163865336263,sample_0094,3.012844091794441,4.365491181441548,-0.9664016668243303,1.1644357494914825,1.0790902415884793,sample_0033,6.479780454097184,7.3066856520950605,-1.329056272781754,1.0174415173315368,1.0086830608925366,sample_0150,8.496222005388434,9.456007432322476,-0.805338765152787,1.0375659330924987,1.018609804141163
sample_0053,valid_iid,Q3,0.4663458019698718,sample_0268,1.2207459984629365,1.5438415265127339,-0.995360568368239,0.23193456061003365,0.48159584779152076,sample_0569,4.479240250134551,5.3832617816911945,-0.5632660977401953,0.4105283945318116,0.6407248976993258,sample_0268,5.186871163287015,5.999679061872877,-0.4193991919571995,0.32974146070260496,0.5742311909872233
sample_0059,valid_iid,Q3,0.6962427182377497,sample_0967,1.0977578590522485,1.4385697161256337,-0.4258650720670173,0.35011267182176453,0.5917031957170458,sample_0405,4.031550951696771,4.911792370238407,-0.8673030563569611,0.2246859089413873,0.4740104523545734,sample_0405,4.564932846282992,5.427354376001087,-0.8673030563569611,0.2246859089413873,0.4740104523545734
sample_0061,valid_iid,Q1,0.08382224791294639,sample_0718,1.5005994031527943,1.7569259459935638,-1.6770697532099827,0.40839177467881427,0.6390553768483717,sample_0219,4.241175324843213,4.713101660905503,-1.394234804417398,0.45294281071243303,0.673010260480799,sample_0949,4.774609454441018,5.288304205879514,-1.4669877978368309,0.3809815187504116,0.6172370037112257
sample_0075,valid_iid,Q2,0.1759556525077124,sample_0443,1.606856795768986,2.282357081825609,-1.8604665045586546,0.5526520335543657,0.743405699167262,sample_0237,4.97015259161474,5.66505327797797,-1.2506744539918642,0.3998104104518863,0.6323056305710762,sample_0237,5.784015612734151,6.5107253138943815,-1.2762256710869397,0.33515513823613646,0.5789258486508756
sample_0077,valid_iid,Q3,0.5243418484033366,sample_0646,1.2243334976211375,1.5550211924335224,-0.5597449765617846,0.3413830411554863,0.5842799338976877,sample_0903,3.801987027256289,5.130669983165243,-0.5184168906266927,0.25450375544270076,0.5044836523047113,sample_0903,4.922812734361492,5.782749947850988,-0.6609772740349779,0.2801801398039599,0.5293204509594919
sample_0084,valid_iid,Q1,0.1663770492536331,sample_0090,0.8559977008638646,1.8382888123981984,-0.9080113887422888,0.5818944337210706,0.7628200533029206,sample_0909,4.858594740704232,5.793636437620095,-1.9608995944721586,0.18420111643204998,0.42918657531666804,sample_0909,5.460069441900397,6.574917553491427,-1.9516282729233776,0.21292809788786987,0.461441326592959
sample_0085,valid_iid,Q2,0.35151646004990067,sample_0396,1.5941168218239663,2.410401203815155,-0.8766539963565918,1.0018798149473658,1.0009394661753357,sample_0133,5.010753356481518,6.482630303343446,-0.7335748441118282,0.43726184207005475,0.6612577727861161,sample_0133,5.471650062361904,7.292870915898511,-0.9362995190107007,0.26348463115475906,0.5133075405200659
sample_0108,valid_iid,Q2,0.2914894514933416,sample_0066,1.0409239646285038,1.398629286882859,-1.132070452760253,0.09908838043242793,0.314783068846512,sample_0066,2.9186730477755263,4.016316474172536,-1.4205351283586354,0.135257200860259,0.3677733009073103,sample_0066,3.098737655876858,4.45004213767471,-1.4094057226396768,0.1342454274061983,0.3663951792889725
sample_0130,valid_iid,Q2,0.3034592316489574,sample_0115,2.214289522160718,2.6788498555990263,-0.727277655883114,0.33644396056507064,0.5800378958008439,sample_0143,4.586430141149898,6.619154656030304,-0.584311223870084,0.4822154692002413,0.6944173595182088,sample_0143,5.1481669266656835,7.503081009294749,-0.697268367251071,0.5276592093409928,0.7264015482782183
sample_0153,valid_iid,Q3,0.5671374625740733,sample_0319,2.0427070324273338,2.182309963369998,0.010227033779204942,0.4078638065404688,0.6386421584427924,sample_0593,4.321772886575783,5.520905762965858,-0.030338170958304496,0.23938763771821286,0.4892725597437617,sample_0354,5.733410553630669,6.272474846604725,-0.05614604181152194,0.2394970639549448,0.48938437240572447
sample_0155,valid_iid,Q2,0.23407834265904284,sample_1032,0.9385643082466508,1.4174071371024746,-1.5300847917121054,0.20899100025702974,0.4571553349322632,sample_0627,2.7682258413505623,4.293892358231453,-1.4210366665984613,0.11422588634503743,0.33797320359022165,sample_0627,2.9261357759610327,4.718821916268844,-1.4210366665984613,0.11422588634503743,0.33797320359022165
sample_0162,valid_iid,Q1,0.104607551461206,sample_0495,1.0634434843091172,1.761379446896807,-1.6597899054743572,0.053762371161880304,0.2318671411862412,sample_0495,2.3927089483070905,3.873112086631785,-1.7735122253033193,0.19193833268027954,0.4381076724736506,sample_0495,2.6183903749495294,4.381823993336265,-1.870554865895239,0.1414876720965102,0.37614847081506286
sample_0169,valid_iid,Q4,1.3291137206236883,sample_0363,1.8263361633492314,2.1099763911060307,-0.04853102454067857,0.4505054165489444,0.6711970027860258,sample_0259,2.6325671586582517,5.448486313979254,-0.012977981580450115,0.49302106962529235,0.702154590973592,sample_0259,3.279798862886433,6.123137511070398,-0.164727928173648,0.36529807820731885,0.6043989396146545
sample_0171,valid_iid,Q1,0.07917458795069666,sample_0421,1.3600194272949533,1.949072503071379,-2.0494111850731107,0.8621296694837047,0.9285093803961836,sample_0771,5.563160242038662,6.530384294619381,-1.0751901540109268,1.126446987731675,1.0613420691424962,sample_0771,6.571382172089112,7.2523489466542985,-1.3507728688348326,1.1002792295522799,1.0489419571893766
sample_0194,valid_iid,Q4,0.9539930273758233,sample_1042,1.4964108178222435,2.2595690239041515,-0.14989170720141914,0.12710261216672777,0.35651453289694623,sample_0472,3.395678173801278,5.723482244827483,-0.41070346268512037,0.19397970477308088,0.44043127133876503,sample_0472,4.144173483634427,6.340735049053629,-0.2859167969398251,0.13473229512991983,0.36705898045126184
sample_0195,valid_iid,Q3,0.47324039844335775,sample_0179,1.6599713293290506,1.7937892898444816,-0.02815152654675328,0.20039655467332543,0.44765673754934754,sample_0985,4.188555160498257,5.238382760313423,-0.5342521815951812,0.44398567809944467,0.6663225030714817,sample_0985,4.564917499972363,5.974192691348167,-0.5134680117879872,0.25163713087240275,0.501634459414824
sample_0196,valid_iid,Q1,0.11565347010374963,sample_1047,0.7486776458025254,1.5020437025024456,-2.1818456427648316,0.2657862576011955,0.5155446223181807,sample_0823,2.9263260591714704,3.780876155551327,-1.9474859885843685,0.12870645906669947,0.35875682441829515,sample_0823,3.6237725136787007,4.198085991463769,-1.9125347303949691,0.13272309855399392,0.36431181500741083
sample_0206,valid_iid,Q1,0.057751311223483696,sample_0145,4.873136587832512,6.601482841622508,-3.208334868337365,0.7241707160367604,0.8509822066510911,sample_0233,9.990179121381873,14.2279942862755,-4.017670643834246,0.4594139512912002,0.6778008197776101,sample_0233,11.219695753306533,16.278842403035853,-3.969738696184335,0.45412477716534483,0.6738878075505929
sample_0213,valid_iid,Q3,0.5267958684596359,sample_0852,1.8253775972963568,2.074035173335484,-0.8886764785314432,0.6233481839075449,0.7895240236418046,sample_0241,4.419074081571412,5.820743255490098,-0.5688033987914257,0.5697081271405197,0.7547901212526034,sample_0241,4.946386640929577,6.6322806326414865,-0.5697853462489386,0.4884043215456394,0.6988593002497995
sample_0224,valid_iid,Q3,0.6197833329296856,sample_0412,0.6590226568797991,1.492970806789241,-0.39908143014164127,0.2522369847054339,0.5022320028686283,sample_0405,5.359104607562411,5.872308438316056,-0.7962662675666123,0.21430419043502064,0.4629300059782479,sample_0405,5.545292148223338,6.323850872858264,-0.7987563177081654,0.2160821978513626,0.4648464239416741
sample_0226,valid_iid,Q1,0.058075400567802395,sample_0299,1.460879853451167,1.8839888184286173,-2.3398004128956913,0.4424861675366431,0.6651963375851097,sample_0483,5.903489391673536,6.32220438038757,-2.0798814302969677,0.794088160123081,0.8911162438891354,sample_0483,6.196471993347967,6.886830055492355,-1.9561522152644737,0.7377277871415203,0.8589108144280874
sample_0229,valid_iid,Q4,0.8969272992883323,sample_0354,2.490397263801272,2.591924970420585,-0.18202556213386842,0.1294511267464133,0.35979317217870227,sample_0472,4.680065232797236,5.496333043382183,-0.17455824670448905,0.2147613506479698,0.46342351110832714,sample_0326,5.736954787524983,6.4001490304973405,-0.17455824670448902,0.21476135064796975,0.4634235111083271
sample_0234,valid_iid,Q3,0.38896814091839,sample_0920,1.1210337949890958,1.5147853737229546,-1.1573478266074622,0.4048297984956628,0.6362623660846701,sample_0183,4.0925369154382185,5.048957606824942,-1.6979098402499744,0.4693983662601705,0.6851265330288782,sample_0183,5.159834037000402,5.6938000684884225,-1.50891762600159,0.6122858971983749,0.7824869949068641
sample_0240,valid_iid,Q1,0.08668854138869422,sample_0285,1.4625697182338742,2.2991181662141864,-2.2078998037914,0.6382636104086965,0.7989140194092832,sample_0299,5.9292020908561724,7.281585827219777,-1.2495477468302556,0.8520619001574751,0.9230719907772498,sample_0299,6.213982061952864,8.031147164033282,-1.4223063548980233,0.5178361404724985,0.7196083243490854
sample_0262,valid_iid,Q4,1.4815468124091347,sample_0692,0.9701899388235069,2.220589035900082,-0.0050524812080480095,0.33063211171972984,0.5750061840708584,sample_0428,4.378327728285942,6.598267896556237,-0.2815935451846759,0.5721495993498137,0.7564057108125333,sample_0428,5.7743082665881325,7.473998698168174,-0.47235013760814004,0.8878560421378408,0.9422611326685617
sample_0265,valid_iid,Q2,0.2449745382555374,sample_0491,1.9953929731512423,2.3979614650769077,-1.0110619663533789,0.6606135355702685,0.812781357789577,sample_0013,5.5185429465832865,6.421146130013173,-0.2821876874586934,0.19682475780916978,0.44364936358476814,sample_0832,6.346125402075761,7.318999456506799,-0.13296820501608203,0.10002239714201888,0.3162631770251145
sample_0271,valid_iid,Q4,1.3831723659142101,sample_0878,1.404627859152021,1.8290797258066303,-0.2567280384453045,0.14061087565776342,0.37498116707077894,sample_0309,4.4403071528592815,5.264652093716167,-0.5178071354030547,0.34141037832291066,0.584303327324867,sample_0878,4.7949448567614965,5.755730736864201,-0.31979750779802796,0.16505124742162805,0.40626499654982345
sample_0281,valid_iid,Q4,1.4172206963127103,sample_0160,1.4877602327706323,1.7620511627386866,-0.07827244068288534,0.39368489091831543,0.6274431375975957,sample_0288,4.193972283275594,5.01283682011891,0.38527668086933775,0.16106669896429793,0.4013311587259304,sample_0288,4.695228061411022,5.454272263514632,0.40972589555418626,0.15515790484660358,0.3939008820079026
sample_0283,valid_iid,Q2,0.25939914864171104,sample_0949,1.438363146218982,1.8509660009756252,-1.836040674446,0.19895883740212406,0.4460480214081484,sample_0842,5.405517826925778,5.619193206170953,-0.8497088680071518,0.5654619351680538,0.751972030841609,sample_0842,5.738644445983729,6.213599881017848,-0.9248820867521073,0.45748181043804675,0.6763740166786767
sample_0304,valid_iid,Q2,0.22636690019492287,sample_0900,1.6252979677246893,1.8227187280007164,-1.271105722351019,0.28252760014296385,0.531533254033051,sample_0859,3.9778953773945274,4.994176036058974,-1.3077323314945706,0.5297537688186951,0.7278418570120126,sample_0859,4.847896162494087,5.759494080062514,-1.5056707611584867,0.3255162408514946,0.5705403060709161
sample_0323,valid_iid,Q4,1.1575128402634633,sample_0386,1.399076624418448,1.911710526731148,0.012521044322702346,0.4036084444010636,0.6353018529809775,sample_0923,4.372241539400153,5.618368634372005,-0.5305990949107311,0.5884828415389999,0.7671263530468758,sample_0923,4.7331515737392005,6.0598439687301,-0.0451927558392674,0.4055064350450982,0.6367938717081832
sample_0325,valid_iid,Q4,1.6250987103360819,sample_0393,1.1476208843033484,1.602507523043562,0.1262365753866534,0.2403663249174651,0.4902716848008511,sample_0540,4.143762279812144,5.370091348578621,0.09676816211495702,0.37951517303469623,0.6160480281883031,sample_0540,4.887588879734951,6.102107624742576,0.28120017487641424,0.38680114663204274,0.6219333940479822
sample_0334,valid_iid,Q1,0.009529631065595099,sample_0439,2.723637304790168,3.2011981650981967,-2.623597102960875,1.1374260584112303,1.0665017854702497,sample_0939,6.871372179785339,7.56646129690223,-4.236330112709464,0.18722296009311382,0.43269268550914264,sample_0154,7.813995297886907,8.780570356830971,-4.236330112709464,0.18722296009311382,0.43269268550914264
sample_0348,valid_iid,Q4,1.7594226076455959,sample_0613,1.5776308813834359,2.015195207938182,0.115669256152089,0.2505269911388906,0.5005267137115567,sample_0647,5.836365431648394,6.435765950103521,0.31220512927650246,0.28515264446995275,0.5339968581086904,sample_0647,6.160305791090875,6.954978927144415,0.24960579398874083,0.2833727833378338,0.5323277029592146
sample_0360,valid_iid,Q3,0.5414195306327659,sample_0881,1.6554689362115607,1.9775314393334291,-0.2729392688532026,0.24205074940505708,0.49198653376394064,sample_0472,3.7387857853760735,4.930607268258604,-0.6051062724139882,0.3872551055504115,0.6222982448556411,sample_0472,4.682819042947681,5.63373316238179,-0.5915544505287936,0.3894656706003724,0.6240718473063598
sample_0364,valid_iid,Q4,0.8546407191781071,sample_0943,2.5773419148092747,3.169334790089196,-0.25073733706692947,0.2631610205502244,0.5129922226995497,sample_0042,5.931000277223026,6.600451007595953,-0.7131927636589681,0.7482408112617757,0.8650091394093913,sample_0404,7.333466867374048,8.009767541284095,-0.5014441505145626,0.33652657476107667,0.5801091059111869
sample_0371,valid_iid,Q3,0.6640046958425427,sample_0647,1.880716961080007,2.3750072505369615,0.08870758520215935,0.35166868450735284,0.5930165971601071,sample_0193,4.102193900461127,4.747314803635497,-0.4752596293232241,0.20520548648221953,0.45299612192845484,sample_0225,5.612210007715701,6.048908552783246,-0.5107019836698948,0.2029450064190273,0.4504941802276998
sample_0384,valid_iid,Q1,0.102519256834361,sample_0141,1.2355399897094195,1.6989240550926001,-1.3175261269164247,0.4832204500612791,0.6951405973335748,sample_0721,3.194895304349422,4.96636694103909,-1.7028307240347895,0.3202891239864304,0.5659409191659766,sample_0087,3.559351140131134,5.428398675564485,-1.6196584881703313,0.2937746580117902,0.5420098320250198
sample_0408,valid_iid,Q2,0.18930178633627778,sample_0844,1.2642838462370287,2.37727710914601,-1.6541058557784467,0.3505809580936905,0.5920987739336153,sample_0098,4.659056485411722,5.188021846092498,-2.2527211816274475,0.5432345718430234,0.7370444843040502,sample_0865,5.1612870564285185,5.9785808923007755,-2.2001128741889184,0.4794330047536469,0.6924110085445254
sample_0411,valid_iid,Q1,0.027465730895437586,sample_0828,1.9639957263501258,2.6995402583515373,-3.1966830129460573,0.4574920193964654,0.6763815634658188,sample_0285,5.32916482908343,6.4305492803189015,-2.9389370855132246,0.2392926032745973,0.4891754320022596,sample_0285,6.024542899611744,7.191310804936305,-2.867442368453176,0.27621430542924574,0.5255609435919356
sample_0419,valid_iid,Q3,0.4433530315066084,sample_0481,1.242353728022571,1.7541762450758918,-0.9973795153070484,0.5216323802809991,0.722241220286546,sample_0066,3.3859396987986,4.43933685858004,-1.4202220662060339,0.1349360444027306,0.36733641856305316,sample_0066,3.780866332969507,5.153386734031857,-1.3024441188005567,0.34316536720998286,0.5858031812904253
sample_0426,valid_iid,Q4,1.2874419959677592,sample_0683,2.0191005458313045,2.487932585903958,0.1531287561774312,0.2577868673549753,0.5077271583783709,sample_0440,4.457013007243741,5.833954519578311,0.25131112719370885,0.2905086817098676,0.5389885728935889,sample_0440,5.464492536741561,6.701995747997938,0.27004850444423356,0.31631240015620143,0.5624165717297113
sample_0427,valid_iid,Q3,0.40927183736751865,sample_0046,1.9231818524649622,2.505863404316778,-1.1600970066948855,0.2771024802078162,0.5264052433323743,sample_0469,4.36092196704094,5.190408183391591,-0.9082378181983517,0.5176046609690085,0.7194474692213522,sample_0046,5.0853807600893655,6.1749255089570045,-0.6766008312507725,0.2395247409684572,0.48941264896655173
sample_0445,valid_iid,Q4,0.891042105596325,sample_0921,1.331586657508738,1.8798400690883565,-0.38770740408111654,0.34238221510751593,0.5851343564579984,sample_0991,5.453674212755094,6.779932794079135,-0.0008831011321345228,0.38968581251490575,0.6242481978467425,sample_0319,6.3799475263410175,7.420241196434176,0.0016985143287960246,0.39024462595630854,0.6246956266505381
sample_0446,valid_iid,Q1,0.1310501961976198,sample_0149,2.2251528698697807,2.65714171662994,-1.035654553952089,0.7756718535963897,0.8807223476194922,sample_0909,5.584816713279546,6.476843522041595,-1.969003524041052,0.2763009424047076,0.5256433604685857,sample_0484,6.76867465020307,7.546277021407161,-1.9342449486229225,0.2507836747458273,0.5007830615604199
sample_0454,valid_iid,Q3,0.4176986779773392,sample_0121,2.3520416058326408,2.989076448469991,-0.8954530771996219,0.8873442178227808,0.9419894998474139,sample_0280,5.985359792509302,6.516441536413607,-1.1583870722363332,0.1835699744448243,0.42845066745755495,sample_0968,6.972066933514423,7.970389801468424,-1.1877975432701764,0.20940919207649283,0.45761249117183506
sample_0460,valid_iid,Q1,0.1356497507851659,sample_0498,1.68669041686122,1.9648022939277492,-2.275471399981967,0.36778496945897404,0.6064527759512476,sample_0116,4.176644440328191,5.0789554229901155,-1.9469735346120765,0.6674094027228442,0.816951285403753,sample_0784,4.9854192090500655,5.967698253290441,-2.200611293848727,0.24162814327497747,0.49155685660458187
sample_0463,valid_iid,Q2,0.19819539260262883,sample_1029,2.137042154968271,2.781978519768413,-1.836279477029588,0.6018455272855728,0.7757870373276243,sample_0294,4.983064489337191,6.003163139858752,-1.9698713321787014,0.4477569725076031,0.6691464507173323,sample_0294,5.595793670523027,6.852385899214758,-1.8004468349617,0.19132022670385357,0.43740167661298873
sample_0480,valid_iid,Q3,0.5908209952841686,sample_0275,0.9976405335310342,1.4235346286983253,-0.09442996275775943,0.21110916794129225,0.4594661771461445,sample_0771,4.56260555104925,5.213271477243124,-0.5570443283094276,0.7836296174462769,0.885228567911292,sample_0275,5.144119942218483,5.93803743735264,-0.24596564081621222,0.29562058724668994,0.543710021285878
sample_0497,valid_iid,Q4,1.2061742300649378,sample_0936,1.460139468085518,1.7247595901526729,0.012730345358931736,0.23309166876401566,0.48279568014224783,sample_0357,3.1807509924557813,4.220620788219279,0.18428978416591524,0.35674283936472506,0.597279532015559,sample_0357,3.779071286970109,4.820834224936709,0.24430146420549845,0.29614025875542244,0.5441877054430966
sample_0515,valid_iid,Q4,1.1829935023061868,sample_0474,1.4664581107299706,1.8263944182282619,-0.361591288968243,0.3150847980834367,0.5613241470696203,sample_0474,3.9351529330075534,5.73603321080874,-0.1321944758995163,0.23020598596348424,0.4797978594819742,sample_0474,4.199515209721673,6.410244586065403,-0.1321944758995163,0.23020598596348424,0.4797978594819742
sample_0516,valid_iid,Q3,0.3631327000516148,sample_0219,1.1994674592210286,1.7478859154062238,-0.7382039140510807,0.14575121025734264,0.38177376842489147,sample_0060,2.8414431216568,4.0730751873961974,-0.4601151876375775,0.3387771662747959,0.58204567370164,sample_0060,3.2444665177637604,4.7131908504415865,-0.5360087099631385,0.27601255368236016,0.5253689690896867
sample_0518,valid_iid,Q2,0.30127662022507934,sample_0482,2.3548224035026464,3.1531067777827078,-0.836629057766439,0.7766651245817648,0.8812860628546016,sample_0690,7.263604453541856,8.69486711171317,-0.7038057289408567,0.38286838497301,0.6187635937682582,sample_0690,8.306407777320027,9.60838564953604,-0.7038057289408567,0.38286838497301,0.6187635937682582
sample_0531,valid_iid,Q3,0.6941838932469186,sample_0537,1.5620663779334871,1.963293255255794,-0.38534380271468804,0.22250778643370617,0.47170731013384365,sample_0462,4.03774408508672,4.493168616578338,-0.2897159501924002,0.23221558495028502,0.48188752313199085,sample_0160,4.635446746301127,5.3459515402705176,-0.28316588237536555,0.2961326270293595,0.5441806933632978
sample_0534,valid_iid,Q3,0.5440257418572824,sample_0251,1.7450045221968717,2.2975237968736026,-1.2826074374647634,0.5367973075967385,0.7326645259576435,sample_0625,4.70790830805246,6.175944961334061,0.24272781410197836,0.1749718139488084,0.4182963231356551,sample_0625,5.168588114672242,7.09290934255058,0.24272781410197836,0.1749718139488084,0.4182963231356551
sample_0545,valid_iid,Q2,0.1781799768004829,sample_0954,1.7936668088992958,2.0820782139302807,-1.4265465719036663,0.5326614927401785,0.7298366205803725,sample_0372,4.966051063898742,5.587154694921802,-1.102642699549241,0.2450850834931944,0.4950606866770926,sample_0372,5.816616747205187,6.32169835730115,-1.1355606200023582,0.2448731667005199,0.4948466092644466
sample_0561,valid_iid,Q1,0.15197174668891367,sample_0481,1.2758690855523371,1.7834266297646182,-0.9805633609211023,0.5245878243487566,0.7242843532403255,sample_0891,5.377395620081202,6.431908179241086,-1.9547749747209615,0.3448470553634335,0.5872367966701623,sample_0912,6.043592112751084,6.999506566601791,-1.7726318688538434,0.28713987879552494,0.5358543447575329
sample_0562,valid_iid,Q3,0.5364410717359955,sample_0091,1.0189689727236473,1.577882590069922,-0.07333932034329327,0.2028847606410101,0.4504273089423088,sample_0635,4.365721671795957,5.169283167175801,-0.7469542245901569,0.29957484842662624,0.5473343113916999,sample_0678,5.025307637579927,5.688427584295902,-0.702287407132344,0.20265342418600835,0.450170439040602
sample_0587,valid_iid,Q4,0.9443167116507968,sample_0091,1.0842760009563015,1.510837828981807,-0.19271474643291403,0.17983574749655865,0.424070451100473,sample_0352,3.529392676992017,4.20821504432527,-0.685139349011151,0.2589017087731996,0.5088238484713542,sample_0069,4.337687981316414,4.766588768603173,-0.5341180448195806,0.28544168902074724,0.5342674321168634
sample_0588,valid_iid,Q2,0.31733188376254684,sample_0747,1.1061754166756386,1.507543748391912,-0.9010304666139547,0.28667243821097355,0.5354180032563096,sample_0280,4.700039683712497,5.547629942571595,-1.2461206407891408,0.12327382384315826,0.3511037223430681,sample_0280,5.020008966801426,5.947618040932921,-1.2926881097516376,0.11419657985856253,0.3379298445810351
sample_0594,valid_iid,Q3,0.35887469769471425,sample_0633,1.2151409747939723,1.4773005202327527,-0.9842571934284349,0.1472548761444647,0.38373803062045425,sample_0826,3.7004169080073557,4.3261369739957,-0.8985878864724957,0.2073496479390748,0.4553566162241137,sample_0219,4.204361077493365,4.762643291854174,-0.8985878864724957,0.2073496479390748,0.4553566162241137
sample_0599,valid_iid,Q3,0.5728209870138453,sample_0443,1.4383700859621897,1.9323871092573532,-0.543602645250704,0.2868697840526573,0.5356022629271251,sample_0575,4.8433333578835445,6.851063657490144,-0.9719053928386938,0.40650597387539233,0.6375782100067351,sample_0575,5.4804194234150705,7.444116276230639,-0.7133027140380881,0.5904692311871941,0.7684199575669506
sample_0606,valid_iid,Q2,0.35486834510187976,sample_0205,2.9719666271205187,3.549803189506055,-0.8377149026537307,0.43732612765451656,0.6613063795658685,sample_0928,5.934809459957016,7.165775629073872,0.03653294178598392,0.2974649168487906,0.5454034441115958,sample_0328,7.676200790577095,8.431363324466407,0.023537951802009807,0.28409595259274495,0.5330065220921268
sample_0617,valid_iid,Q4,1.6954972295571176,sample_0413,0.699491771348781,1.4106276631760606,0.23086217456768235,0.12062599967897877,0.3473125389026126,sample_0250,4.16970706775818,5.3677146017567905,0.5448851572443546,0.0930422382645266,0.30502825814099027,sample_0559,5.289873841154149,6.088920429782724,0.4519846570529979,0.10823367852107053,0.32898887294416285
sample_0664,valid_iid,Q2,0.21182580625281516,sample_0895,0.7673228147272185,1.2819645877433685,-1.284520356235183,0.7946436037612914,0.8914278455159965,sample_0895,4.318564267765603,5.144751902036502,-1.580393936360137,0.26191834508279294,0.5117795864264155,sample_0895,4.3862035562457375,5.633151275505569,-1.6226659940574486,0.29755778898740093,0.5454885782373458
sample_0674,valid_iid,Q4,1.9653323024035245,sample_0814,0.7640620872305596,1.8834608711712761,0.37184920678704403,0.3174938850432899,0.563465957306464,sample_0814,4.563841834568328,5.644263764992839,0.11555873070231497,0.17001786014032677,0.4123322205944216,sample_0814,4.627358119283521,6.230896853232571,0.15023997984233134,0.18566113584910454,0.43088413274232384
sample_0680,valid_iid,Q1,0.13988127549974655,sample_0796,1.6301672757099466,2.4493649698947952,-1.432611519849394,0.9552179474985613,0.9773525195642365,sample_0909,4.599081983102745,5.675364206657455,-1.9458197645543958,0.43396181942373024,0.6587577850953492,sample_0909,5.312098827547337,6.586927109702989,-2.080610629973883,0.30763327620941483,0.5546469834132471
sample_0684,valid_iid,Q3,0.4675902590684859,sample_0737,1.034079266866178,1.6135272306190866,-0.6011013302781479,0.5272184372366462,0.7260980906438511,sample_0832,4.794154036651622,6.054860168497685,-0.2231634829640611,0.47162035258714197,0.6867462068239926,sample_0569,5.271442052984044,6.694886096877424,-0.30308465863751477,0.42242619448749313,0.6499432240492189
sample_0699,valid_iid,Q4,1.0241175065901906,sample_0207,1.4948266875027012,1.8963843254213988,0.06560851223869879,0.5303277607866888,0.7282360611688279,sample_0834,4.423661836915086,5.0109711039740015,-0.21396692865059216,0.223673185710395,0.47294099601366235,sample_0834,4.687308636341264,5.775341989874496,-0.26408412843181417,0.13821261938648738,0.37176957834993357
sample_0701,valid_iid,Q3,0.6309969147914593,sample_0032,1.7147837787520979,3.1347550484541196,-1.2317889264930604,0.8128712744785892,0.9015937413705738,sample_0948,5.923131247443933,7.050118939470545,-0.4973702978660949,0.382357486241447,0.6183506175637306,sample_0948,7.817706431364155,9.081618830585702,-0.08067141431684556,0.30567952053710323,0.5528829175667334
sample_0722,valid_iid,Q1,0.03031260371682112,sample_0607,2.72424456560802,2.993181109900817,-2.9708238263876376,0.445782791272695,0.6676696722726703,sample_0770,6.319122273536898,7.569166188713567,-3.3215072451270453,0.8500475760566939,0.9219802471076557,sample_0770,7.385258824448659,8.403225421193234,-3.3068931270788733,0.857497200213477,0.9260114471287474
sample_0730,valid_iid,Q2,0.1680360198605653,sample_0309,1.3399280648885519,1.8628153689779237,-1.1106737432178393,0.30371163935385515,0.5511003895424637,sample_0163,4.571054146989095,5.810822995039589,-1.3352161433026117,0.33115767327031087,0.5754630077340427,sample_0163,5.266569352966544,6.587880037607258,-1.3543411040091111,0.3583446215233835,0.5986189284706787
sample_0734,valid_iid,Q2,0.2662510666922884,sample_0245,0.8187739120377152,1.6018248829685438,-1.0877812654132177,0.28695751515156726,0.5356841561513345,sample_0795,3.6749465190243793,5.354700862328668,-1.2988600625245472,0.050654304390048775,0.22506511144566316,sample_0795,4.027938988405077,5.893320672483967,-1.2988600625245472,0.050654304390048775,0.22506511144566316
sample_0735,valid_iid,Q3,0.45204530633689216,sample_0131,1.883077007254947,2.702314392479597,-0.24215473518153896,0.19061796110213966,0.43659816891752956,sample_0383,4.463978766133231,6.222730654666696,-0.9114750732447003,0.27228260299780166,0.5218070553354004,sample_0383,5.54406625106889,7.15019567605474,-0.7801346269368648,0.16766373415469943,0.40946762284056043
sample_0739,valid_iid,Q2,0.33980068084372145,sample_0973,1.6759819026004985,2.4466380855199734,-0.7748554579851682,0.3704879795088545,0.6086772375478275,sample_0167,4.413618936413036,5.763212420425629,-1.0123842394105986,0.7571683350809967,0.8701542018981444,sample_0167,5.436126875809018,6.451261286803485,-1.020700057778622,0.7420306465265417,0.8614120074195284
sample_0740,valid_iid,Q4,0.9467577459326376,sample_0641,1.4665037121786886,1.735991549045968,-0.08253182037629239,0.4416136186645532,0.664540155795384,sample_0259,4.248108692519064,5.6684573073463485,-0.41817784958125603,0.6160534647305094,0.784890734262107,sample_0259,5.08820255275405,6.336033272147879,-0.37073933477365506,0.5904838261243368,0.7684294542274761
sample_0746,valid_iid,Q1,0.031153507794917278,sample_1028,2.0661906320299974,2.4729957381798955,-2.509657316338455,1.2627417718681282,1.1237178346311534,sample_0642,4.911509730705108,6.10575226112777,-2.518108061059338,0.7447656039175736,0.8629980323949606,sample_0642,5.9028287134052695,6.854397860954437,-2.739230144170741,1.132749461889567,1.0643070336559686
sample_0748,valid_iid,Q3,0.37768429755399546,sample_0943,2.550757262469041,3.4755974011994275,-1.058961954016425,0.5767726190386313,0.759455475349695,sample_0380,5.972995216189378,7.255928047703492,-1.2129997187810635,0.3354465069957173,0.5791774399920264,sample_0943,6.845247784234694,8.488570889126983,-1.2713992509641303,0.44140885010971553,0.6643860700750096
sample_0752,valid_iid,Q4,0.8682062442779067,sample_0881,1.3789437976667724,1.6632764076119275,0.02598216451267743,0.19050450987165585,0.43646822320949763,sample_0923,4.549528364087161,5.401272812327826,-0.46281275437387925,0.4176899896044299,0.6462894008139309,sample_0923,4.848672062845956,5.898506182101648,-0.23872519750036486,0.3219304341607809,0.5673891382118457
sample_0768,valid_iid,Q1,0.09950632540401465,sample_0891,1.8318910493036011,2.183213429940012,-1.5383949370650627,0.32446246051790223,0.5696160641325895,sample_0877,5.414653512232605,6.19016945975649,-2.2502753356070833,0.5180246552415698,0.7197392967190063,sample_0891,5.960340621938501,6.953889637463807,-2.3696359487331695,0.3026616719799017,0.5501469548946915
sample_0773,valid_iid,Q2,0.18970871213666388,sample_0070,1.6348789629396823,2.0559534993235924,-0.9705255355210406,0.48211245865304636,0.6943431850699238,sample_0133,5.320872884411496,5.983362552743531,-1.9141985830331965,0.4389123358784147,0.6625045930998628,sample_0865,6.038567644410458,6.758113045365394,-1.6365952312820842,0.27418406428021386,0.5236258819808413
sample_0777,valid_iid,Q4,1.3618774105837694,sample_0069,1.1075296901655354,1.3945970737483404,0.01674736194931243,0.21192772238534752,0.46035608216395657,sample_0160,3.1274724687294646,4.015828186572336,0.21278489195650288,0.16975718030330322,0.41201599520322413,sample_0160,3.376028820154355,4.4555834568309916,0.21278489195650288,0.16975718030330325,0.4120159952032242
sample_0783,valid_iid,Q2,0.19290908591257305,sample_0076,1.6992646965238902,2.414580790434985,-1.2719427007414557,0.5227277612325149,0.7229991433138181,sample_0346,6.298665543870353,6.755869462136458,-1.24324521440319,0.8121230321589528,0.9011786904709591,sample_0901,7.7034767289588935,8.080964150165052,-1.4038367764035597,0.7321717387357659,0.8556703446630401
sample_0787,valid_iid,Q4,1.4901649789785576,sample_0646,2.516434012595199,2.984616755479824,-0.413202920676504,0.8155210478066367,0.9030620398436846,sample_0208,4.8842730581950065,5.972578268235728,-0.0017051639851697776,0.22102318059343773,0.4701310249211785,sample_0208,5.904345741307661,7.037020174074994,-0.20335876635401276,0.35076497919557725,0.5922541508470643
sample_0788,valid_iid,Q2,0.1904758375061115,sample_1022,1.4760089130015774,1.8213756258664386,-1.5430842463558023,0.6745538991471907,0.8213123030535892,sample_0275,5.09633301654912,6.049220112715646,-0.9020183562570365,0.3177374339074347,0.5636820326278236,sample_0275,5.772142500579058,6.620551184095509,-0.9582854774649416,0.4239104361387174,0.6510840469084751
sample_0798,valid_iid,Q2,0.21652212105393603,sample_0510,0.8087253921107124,1.6046640358684492,-0.7090146556517282,0.6153540978385517,0.7844450891162182,sample_0817,4.570967707791198,5.560436029198513,-1.8099784080641228,0.6913341795053748,0.8314650801479126,sample_0510,4.999348768491866,6.382330295793968,-2.0185147901391103,0.3552011121509586,0.595987510062886
sample_0800,valid_iid,Q4,1.3864010038579835,sample_0472,0.7451791682881306,1.9462248616840252,0.20263426845884927,0.09159075858380146,0.30263965137404164,sample_0861,3.755068419131974,4.988766438315535,0.17653321935593075,0.29931821051538565,0.5470998176890445,sample_0861,4.060718957765491,5.659910723883901,0.11738372844239442,0.24572206030092617,0.49570360125878266
sample_0802,valid_iid,Q1,0.03823776978842746,sample_0912,0.7520365120245555,1.6784634705728525,-2.4229769649543758,0.7478716667316776,0.8647957369990197,sample_0933,3.7599452536105233,5.32303675583934,-2.8676894671534803,0.2880065121692981,0.5366623819211648,sample_0933,4.0399151128466855,5.8924523612122055,-2.8676894671534803,0.2880065121692981,0.5366623819211648
sample_0806,valid_iid,Q2,0.2988627763714577,sample_0309,1.403719880618441,1.929029002995901,-0.892873349573956,0.30945887269920114,0.5562902773725253,sample_0920,3.9866738734449725,4.899434057614118,-0.872208294191444,0.45765069915253537,0.6764988537703042,sample_1020,4.728574206465265,5.7164368223209925,-0.969992772714722,0.5127246933537241,0.7160479686122461
sample_0811,valid_iid,Q3,0.6058346369779412,sample_0717,1.325528937758994,1.750298128459067,-0.6591857587345613,0.6324607714366035,0.7952740228604248,sample_0207,5.6945554179483056,6.045546530575878,-0.6665078148781137,0.679578317664579,0.8243654030007439,sample_0717,6.017496832489295,6.648072949719842,-0.764366329280813,0.5604669121926318,0.748643381185349
sample_0815,valid_iid,Q1,0.12099318699053234,sample_0503,1.3534368394012455,2.5296657694006712,-2.146076046999837,0.3319900217165629,0.5761857527885976,sample_0675,5.493164074640819,6.4875830243530626,-1.9024363921089122,0.23007916437177994,0.4796656797935203,sample_0675,6.526678441219213,7.546816660983078,-2.02089198914748,0.11826480270609525,0.34389649999105143
sample_0820,valid_iid,Q3,0.6545074046956869,sample_0920,0.8671344046429906,1.5803104351942534,-1.1903566871829088,0.3738673750850319,0.6114469519795089,sample_0042,4.40330888326659,5.626812820167663,-0.848584287335392,0.23673358087058377,0.48655275240263907,sample_0920,4.738578822932711,6.4679541160833,-0.8164862860879349,0.19188582252921615,0.4380477400115382
sample_0822,valid_iid,Q2,0.30741532560527396,sample_0026,0.9360698730320937,1.2495204596809,-1.4453215121718734,0.38458218491547086,0.6201469059146154,sample_0900,4.493421833242895,4.803180651903981,-1.0000287916283461,0.4830213872027305,0.6949974008604136,sample_0026,4.759661838284354,5.353137749636102,-1.171726486369411,0.18340501213391464,0.4282581139148617
sample_0824,valid_iid,Q3,0.6801394855857713,sample_0047,1.353145675836025,1.4999166000995623,-0.1287386760394833,0.26363024024798737,0.5134493550955025,sample_1036,4.855985643683382,5.738016416943382,-0.6257028170376183,0.24507216637533863,0.49504764051082867,sample_1036,5.057804517092851,6.331798729532542,-0.3604420860295067,0.12222602955679618,0.34960839457426673
sample_0827,valid_iid,Q2,0.23350757826032542,sample_0438,2.265865148617444,2.8407435993131953,-1.5000279684158095,0.9305224041984967,0.9646358920331012,sample_0058,6.397704704628891,7.437258853271243,-2.0685059635739664,0.6972762450918062,0.835030685119898,sample_0058,7.091834876138326,8.190434171648445,-2.233496282296456,0.5876724050591237,0.7665979422481668
sample_0837,valid_iid,Q4,1.0825333348612247,sample_0615,1.1652955873491646,1.367071900912127,-0.4155518976088256,0.4664337826224716,0.6829595761261947,sample_0212,4.3053586190182696,5.519623132563802,0.017899969913518898,0.7597959597108772,0.8716627557208563,sample_0212,5.10297726388673,6.231550964586441,0.31195517543902007,0.24364162420325824,0.49360067281483544
sample_0839,valid_iid,Q2,0.2567781295953886,sample_0148,1.134449226960249,1.9098939766037215,-1.58991714633434,0.4100633282375492,0.6403618728793503,sample_0148,5.13944875172562,5.753796059801593,-1.5517382161238928,0.7567723330867078,0.8699266251165714,sample_0148,5.263165256778922,6.578028994892264,-1.500576428801574,0.8070538200750402,0.8983617423260188
sample_0845,valid_iid,Q2,0.23122289144063335,sample_0485,1.0391585780367756,1.6534639431726141,-1.0171543466105415,0.10938097651866549,0.33072794940655603,sample_0512,3.8438083833353587,4.932563925524547,-0.7825870311847833,0.3944171137795796,0.6280263639207988,sample_0394,4.9884375795997435,5.635005407814364,-0.9871177786144024,0.26733725243510803,0.5170466636920772
sample_0854,valid_iid,Q2,0.22607793312921215,sample_0900,1.4825720239227973,1.7535324140239712,-1.0337550988989612,0.27537704052881024,0.5247637949866685,sample_0663,4.4603967151805906,5.065602267139947,-1.572716838294346,0.6621208650251517,0.813708095710711,sample_0663,5.167005356982147,5.82302951054294,-1.708189281466813,0.4189586601671499,0.647270160108706
sample_0856,valid_iid,Q3,0.6742043106048178,sample_0765,1.1100831929747268,1.3639641324595488,-1.1998401442293347,0.525218225699967,0.7247194117035689,sample_0123,6.305265154057634,7.241425031156,-0.18380834868620188,0.49091324385490986,0.7006520133810434,sample_0123,7.029382138808228,7.8994563360149375,-0.596340400253138,0.30178538017228074,0.549349961474724
sample_0857,valid_iid,Q2,0.19848550963653272,sample_0754,0.9109104567304016,1.309914695261881,-1.3571471473256547,0.12839819357887414,0.35832693671963056,sample_1002,3.77838562705391,4.882426878596496,-1.4046137413706972,0.1299852394857734,0.36053465781499205,sample_1002,4.069366343153392,5.443218279351781,-1.4324007357280224,0.11868338117870243,0.3445045444964441
sample_0863,valid_iid,Q3,0.6187228573697245,sample_0974,1.4812236924608322,1.9643749907304262,-0.4474718255563962,0.3610280416602338,0.6008560906408736,sample_0377,4.656930704617451,5.763045337695145,-0.952237998426335,0.32430403466793406,0.5694769834400105,sample_0377,5.150212260236644,6.309978525797382,-0.9522379984263349,0.32430403466793406,0.5694769834400105
sample_0870,valid_iid,Q1,0.12927367957681227,sample_0141,1.2858404890616972,1.6721355144058498,-1.4211180116546753,0.3846834173031427,0.6202285202271359,sample_0721,4.454510609384962,5.454526129020863,-1.63334092675262,0.2752145097431083,0.5246089112311269,sample_0087,4.991527214149423,6.007917292136442,-1.660620947280678,0.2576786830004728,0.5076206093141539
sample_0879,valid_iid,Q1,0.0911675151631598,sample_0098,1.130906097756565,1.5728326990656805,-1.644594455556166,0.33192757304599685,0.5761315588005893,sample_1012,3.9268320961803416,4.828908066338259,-2.1899438096311585,0.3006458273587175,0.5483117975738964,sample_0663,4.3280337572786,5.467615571463325,-2.2173228199339463,0.294796953764617,0.5429520731746191
sample_0915,valid_iid,Q4,0.7379869588999469,sample_0076,1.6660925783597924,2.2965860623606034,-0.9757435323031409,0.28151629062428085,0.5305810876994023,sample_0758,5.306299676768872,6.228455155828127,-0.6541870336837923,0.8786845660451263,0.9373817611011676,sample_0758,6.14575179088217,6.9681305273655925,-0.6465439966098663,0.5828960563857857,0.7634762971997138
sample_0934,valid_iid,Q1,0.12722107809921532,sample_0844,1.6311171320961542,1.8920366835119224,-2.3501922542835203,0.4816874341653275,0.6940370553258144,sample_0315,4.258354494277124,5.196437113184234,-2.4077314890453474,0.26866179725198647,0.5183259565678594,sample_0315,4.643122726908668,6.077784108108626,-2.3863509954737463,0.35647967177196815,0.5970591861549139
sample_0937,valid_iid,Q3,0.5954615653492036,sample_0212,0.9384520000345088,1.170093118512968,-0.22731889762828703,0.2675760919275024,0.5172775772518101,sample_1018,4.356556015308545,4.935241657601869,-0.5671895494910296,0.5894529970617487,0.7677584236345106,sample_0842,5.1012524353358035,5.534574554456765,-0.5787677347524575,0.5768108703603401,0.7594806583187883
sample_0953,valid_iid,Q1,0.06616211508393838,sample_0021,1.4187327239247813,2.3668306035460787,-2.3380160175042706,0.22477911711546067,0.47410876085077847,sample_0590,4.016611897405603,4.846076875035806,-2.6270673058393283,0.24497894555648952,0.4949534781739487,sample_0590,4.437441249140566,5.805314174098137,-2.4984343067794335,0.2823650073163724,0.5313802850279378
sample_0969,valid_iid,Q4,1.4908652166666831,sample_0885,1.2487305999419367,1.5626171778323594,0.33701537899219697,0.13459817586239659,0.36687624052587076,sample_0082,3.467929790425795,4.3109719746622694,-0.2344037855664613,0.28137524796695923,0.5304481576619521,sample_0082,3.811162214033863,4.911690691923306,-0.08190357841115396,0.21369505774115005,0.46227162766186514
sample_0971,valid_iid,Q4,1.0591130731985174,sample_0544,1.8632067343419934,2.545647043829938,-0.3210113627841843,0.53665182034881,0.7325652328283195,sample_0709,6.131264888647888,6.990068061945655,-0.012949539665868672,0.2527142245171541,0.5027068972245697,sample_0544,6.637948011311839,7.833534288215068,-0.11187130283095717,0.3018597761614349,0.5494176700484203
sample_0997,valid_iid,Q1,0.04704652452600687,sample_0869,1.6164759613707942,2.0666425014602443,-2.563802782296926,1.6449206055208123,1.282544582274165,sample_0663,4.997625612543128,5.57901359243215,-2.7526893619423882,0.8338380562445167,0.9131473354527826,sample_0663,5.651034580150912,6.598913636372596,-2.8907872312813083,0.7168954236536983,0.8466967719636695
sample_1008,valid_iid,Q2,0.21124609340382852,sample_0268,1.2313842947181821,1.6490658150294375,-1.2252011048833562,0.23227617273282442,0.4819503840986377,sample_0707,4.450681976321558,4.925166825475339,-1.045586569933257,0.17010444312233214,0.41243719900408127,sample_0485,4.73663932251626,5.651754835990696,-1.1371807447960782,0.1944435149431934,0.44095749788748734
sample_1049,valid_iid,Q4,1.9032183992054632,sample_0733,1.1807439299371514,1.6636788869091443,-0.013819441594838056,0.3037957171212894,0.5511766659804181,sample_0250,5.660778146680698,6.616787766392354,0.31078406168026695,0.2727163521474246,0.5222225121032458,sample_0250,6.601652435469437,7.382570260843687,0.340540245723823,0.13401693786049915,0.36608323897783024
sample_1050,valid_iid,Q4,0.9807758322989045,sample_0834,1.2120833428145397,1.4929883281540368,-0.6778236588829961,0.20041064240411574,0.447672472242951,sample_0450,4.79747824467144,5.551047373465635,0.03351641293476448,0.3340095842153391,0.5779356228987266,sample_0212,5.574219511215201,6.195771626939235,-0.15955406769439223,0.4089816496306303,0.6395167313140684
sample_1051,valid_iid,Q1,0.03403015720166213,sample_0535,2.0321909629483774,2.3878792945298946,-2.6428315763672443,0.4595138667340712,0.6778745213784563,sample_0590,5.344925590433458,5.938174931322341,-2.6855826837567855,0.52447252936765,0.7242047565210062,sample_0557,5.996886157113598,6.813897773956944,-2.6138360789839807,0.557168038496074,0.746436895186776
sample_1052,valid_iid,Q1,0.07790402189126991,sample_1029,1.2732191934744326,2.126885775994322,-1.2569958582213794,0.4968167626060792,0.7048522984328555,sample_0197,4.0542968884675235,5.8830174241141595,-1.7702781179075089,0.17142763806981537,0.4140382084660972,sample_0197,4.527669493059282,6.432694868108948,-1.6919538624461907,0.14225808003934004,0.37717115483469843
sample_1053,valid_iid,Q3,0.47820897125877004,sample_0885,0.939405584831437,1.3669328400750063,0.12445234239801597,0.2297302012639994,0.47930178516671457,sample_0678,3.5991689125520927,4.948521161706196,-0.6020845392055697,0.5718362514422148,0.7561985529225872,sample_0678,4.020842283261786,5.700302537983694,-0.5175489472963132,0.6641802495761788,0.8149725452898268
sample_1054,valid_iid,Q1,0.09720882431363774,sample_0654,1.493838265951041,2.0639751245907143,-1.6172288352555995,0.20823793832183193,0.4563309526230189,sample_0640,4.256684455364945,6.594808954856015,-0.9425848979636177,0.5719080156018876,0.756246002040267,sample_0640,5.340991129554339,7.392137029361064,-1.3458351371142323,0.5131508519282145,0.7163454836377587
sample_1055,valid_iid,Q4,2.0236222692071117,sample_0636,1.3317588431262355,1.6620942768633327,0.018440574250218066,0.24494747432705957,0.49492168504427,sample_0792,4.873640230803482,5.881539663339757,-0.18997750440721034,0.4053466943820851,0.6366684336309482,sample_0559,5.873377339997676,6.426881038850714,-0.21202821457637064,0.3772924301324167,0.614241345183159
sample_1056,valid_iid,Q1,0.13191182232653484,sample_0832,1.002105032097739,1.4841267996593583,-1.6213557384722317,1.3557704717940673,1.1643755716237212,sample_0227,5.185395986143603,6.132954187127895,-1.502154235559108,0.3030782745632844,0.550525453147522,sample_0675,5.866696763650334,6.73774609172235,-1.6512505837988793,0.43856076845560044,0.6622392078815633
sample_1057,valid_iid,Q1,0.15908654532782923,sample_0554,1.2906004088478773,1.5366340129074036,-1.7496149122655935,0.26741693993706944,0.5171237182116766,sample_0754,3.732760760846714,4.876636838077528,-1.4029210261629297,0.07993994880163371,0.28273653602184795,sample_0754,4.1018511680399685,5.239970628446401,-1.3891540740793058,0.07711364369487897,0.27769343473492303
sample_1058,valid_iid,Q1,0.05886776671670268,sample_0796,2.964209067332139,3.2573597811378,-2.041492982587549,0.682897488263712,0.826376117917085,sample_0172,6.098254507833641,6.705734412676881,-2.5521163669502633,0.5802277503592106,0.7617268213468728,sample_0897,7.045051766043458,7.811327408357704,-2.798855976745546,0.36823792799234967,0.6068261101768362
sample_1059,valid_iid,Q4,0.7629146079337809,sample_0178,1.5009187045863992,1.8218691673134448,0.0812610737404865,0.1853247721634021,0.4304936377734311,sample_0413,3.6551489244983597,5.259812838593784,-0.08884083441939469,0.20257381895284682,0.45008201358513183,sample_0413,4.811503944320603,6.209073865759591,-0.2661742591114473,0.3771077561616284,0.6140909999028062
sample_1060,valid_iid,Q1,0.15048065253417015,sample_0648,1.644961986983737,2.176444288331714,-1.0299563654404686,0.3616448213139768,0.6013691223483101,sample_1030,4.270615897878994,5.211263288397864,-1.6695077790898492,0.2403644373757925,0.4902697598014714,sample_0715,4.951249187293368,5.901875351693377,-1.5774257480213343,0.20518548659031857,0.45297404626569787
