sample_id,group_id,split_role,variant_id,intended_temperature_bin,realized_temperature_bin,package_total_power_W,top_h_W_m2K,bottom_h_W_m2K,peak_deltaT_K,mean_deltaT_K,cv_rms_deltaT_K,projected_peak_deltaT_K,top_heat_fraction,bottom_heat_fraction,energy_balance_relative_error,linear_residual,cg_iterations,support_coordinate_sha256,layout_hash,solve_and_write_seconds
rb_g000_v0,rb_g000,valid,v0,0,0,1.8000000000000003,333.33,333.33,46.126951274215855,33.85055010991175,35.107474421662765,46.0801953826645,0.7699695210576798,0.23003047908698196,-1.4466178255290172e-10,7.622178846274402e-11,1194,78e3f01870ce26eebfbabce3af7ed80c20696b9413a0f87307cf2cb49426863d,fa9fa33ddb2cc0515c137572aedaef4f7732e80af28bd3fd00dcf13da212e9da,1.5445098130148835
rb_g000_v1,rb_g000,valid,v1,0,0,2.4999999999999996,500.0,333.33,46.73899737539938,34.03080059883575,35.28887348777021,46.64544362892491,0.8332446285199493,0.1667553715892125,-1.0916181292230933e-10,7.71598445562521e-11,1143,78e3f01870ce26eebfbabce3af7ed80c20696b9413a0f87307cf2cb49426863d,fa9fa33ddb2cc0515c137572aedaef4f7732e80af28bd3fd00dcf13da212e9da,1.478755429998273
rb_g000_v2,rb_g000,valid,v2,1,1,6.999999999999998,1000.0,333.33,78.43974893030264,52.429268005984625,54.34971756200717,78.39454543860859,0.9078290330898731,0.09217096694740809,-3.728119400493923e-11,8.867472669275012e-11,1174,78e3f01870ce26eebfbabce3af7ed80c20696b9413a0f87307cf2cb49426863d,fa9fa33ddb2cc0515c137572aedaef4f7732e80af28bd3fd00dcf13da212e9da,1.46904009199352
rb_g000_v3,rb_g000,valid,v3,1,1,6.999999999999998,1000.0,500.0,78.11384466204254,50.55496193259353,52.95279233527732,78.06751825219453,0.8987494365775962,0.10125056345979862,-3.7394849122002995e-11,9.00720115857126e-11,1175,78e3f01870ce26eebfbabce3af7ed80c20696b9413a0f87307cf2cb49426863d,fa9fa33ddb2cc0515c137572aedaef4f7732e80af28bd3fd00dcf13da212e9da,1.6384603379992768
rb_g000_v4,rb_g000,valid,v4,2,2,16.5,2050.0,500.0,111.04452453966127,62.48268155153313,65.4432441727426,110.94247502347412,0.9464041038726654,0.05359589614413268,-1.67980915372909e-11,1.192062973085569e-10,1168,78e3f01870ce26eebfbabce3af7ed80c20696b9413a0f87307cf2cb49426863d,fa9fa33ddb2cc0515c137572aedaef4f7732e80af28bd3fd00dcf13da212e9da,1.4886427790042944
rb_g000_v5,rb_g000,valid,v5,2,2,17.0,2050.0,1000.0,111.4298766539601,61.795411722622866,65.72657030163458,111.32068181626755,0.9402180399099886,0.05978196010697062,-1.69592314048326e-11,1.1657603347874898e-10,1167,78e3f01870ce26eebfbabce3af7ed80c20696b9413a0f87307cf2cb49426863d,fa9fa33ddb2cc0515c137572aedaef4f7732e80af28bd3fd00dcf13da212e9da,1.5394863569817971
rb_g000_v6,rb_g000,valid,v6,3,3,24.999999999999993,2500.0,1000.0,143.9962529915104,75.90541342998974,80.74804413489291,143.83233126421334,0.9498721877645435,0.05012781224719326,-1.1736798199990521e-11,1.1076859193790246e-10,1171,78e3f01870ce26eebfbabce3af7ed80c20696b9413a0f87307cf2cb49426863d,fa9fa33ddb2cc0515c137572aedaef4f7732e80af28bd3fd00dcf13da212e9da,1.543244396976661
rb_g000_v7,rb_g000,valid,v7,3,3,24.999999999999993,2500.0,1000.0,143.82796539387692,75.90652314324079,80.74792884528154,143.6650366204209,0.9498714155389493,0.050128584473466534,-1.2415810601851267e-11,1.1100637775784686e-10,1170,78e3f01870ce26eebfbabce3af7ed80c20696b9413a0f87307cf2cb49426863d,fa9fa33ddb2cc0515c137572aedaef4f7732e80af28bd3fd00dcf13da212e9da,1.553322587016737
rb_g001_v0,rb_g001,train,v0,0,0,1.8000000000000003,333.33,333.33,46.222991016200865,33.83207340937924,35.09144609717748,46.22265838627925,0.770208422721644,0.22979157742346712,-1.451111144825903e-10,7.63577341983511e-11,1185,aa53d971f65f325e8b7ab250b179ef5d310a6ef155eef674d30c4bc942aba0f9,0351666a3017ea503704355fecf48b75a51f0e48117fba53b5ce1289e2c46c0e,1.5932210340106394
rb_g001_v1,rb_g001,train,v1,0,0,2.5,500.0,333.33,48.115268999932994,34.00159074345044,35.263106789599945,48.115268999932994,0.8334989989553151,0.16650100115136296,-1.066780219716179e-10,7.90815618141683e-11,1197,aa53d971f65f325e8b7ab250b179ef5d310a6ef155eef674d30c4bc942aba0f9,0351666a3017ea503704355fecf48b75a51f0e48117fba53b5ce1289e2c46c0e,1.5521811459911987
rb_g001_v2,rb_g001,train,v2,1,1,7.000000000000001,1000.0,333.33,81.39120461140027,52.332213527601056,54.26371961674716,81.37840299685871,0.9081125588080176,0.09188744122970656,-3.7724109550448955e-11,9.086516157891112e-11,1191,aa53d971f65f325e8b7ab250b179ef5d310a6ef155eef674d30c4bc942aba0f9,0351666a3017ea503704355fecf48b75a51f0e48117fba53b5ce1289e2c46c0e,1.5623542579996865
rb_g001_v3,rb_g001,train,v3,1,1,7.000000000000001,1000.0,500.0,80.36754392581668,50.4617719399063,52.8703543992879,80.29291923919567,0.899067315977291,0.10093268406085218,-3.8143123580271416e-11,9.204751809012072e-11,1196,aa53d971f65f325e8b7ab250b179ef5d310a6ef155eef674d30c4bc942aba0f9,0351666a3017ea503704355fecf48b75a51f0e48117fba53b5ce1289e2c46c0e,1.5527843430172652
rb_g001_v4,rb_g001,train,v4,2,2,16.5,2050.0,500.0,117.24447716851012,62.24623730093004,65.24417884334528,116.98693763951121,0.9467339869385798,0.05326601307795611,-1.6535877044747615e-11,1.1924611964321124e-10,1172,aa53d971f65f325e8b7ab250b179ef5d310a6ef155eef674d30c4bc942aba0f9,0351666a3017ea503704355fecf48b75a51f0e48117fba53b5ce1289e2c46c0e,1.5386467720090877
rb_g001_v5,rb_g001,train,v5,2,3,17.0,2050.0,1000.0,120.57027787719227,61.569781015866695,65.53958704211524,120.27419281106728,0.9405827101359502,0.05941728988032039,-1.6270618839170686e-11,1.146618309076657e-10,1173,aa53d971f65f325e8b7ab250b179ef5d310a6ef155eef674d30c4bc942aba0f9,0351666a3017ea503704355fecf48b75a51f0e48117fba53b5ce1289e2c46c0e,1.4612574630009476
rb_g001_v6,rb_g001,train,v6,3,,24.999999999999993,2500.0,1000.0,158.7265644667304,75.57386590350674,80.47670960728259,158.5363967509698,0.9502340696492904,0.04976593036285581,-1.2146168515414506e-11,1.1114076280478754e-10,1169,aa53d971f65f325e8b7ab250b179ef5d310a6ef155eef674d30c4bc942aba0f9,0351666a3017ea503704355fecf48b75a51f0e48117fba53b5ce1289e2c46c0e,1.448770577000687
rb_g001_v7,rb_g001,train,v7,3,,25.000000000000004,2500.0,1000.0,159.86156426955472,75.5953412531245,80.50355147646717,159.66323946201396,0.9502121879222485,0.049787812090110156,-1.2358594148054178e-11,1.1110954663352035e-10,1171,aa53d971f65f325e8b7ab250b179ef5d310a6ef155eef674d30c4bc942aba0f9,0351666a3017ea503704355fecf48b75a51f0e48117fba53b5ce1289e2c46c0e,1.4766528659965843
rb_g002_v0,rb_g002,train,v0,0,0,1.8000000000000003,333.33,333.33,44.82036302900832,33.85614574512714,35.11157884064115,44.79742956970938,0.7698969216236946,0.2301030785183142,-1.4200878127744607e-10,7.651832600646192e-11,1195,2cd1b1b17d1607f1615c6b59dc7c55f8a233341300df1ee7a17fb34a16156ecd,ace7cc565b95d70fb1f6ae519bb4a0e8131a8b60a72aef012991b5cebef8fbe8,1.4811771499807946
rb_g002_v1,rb_g002,train,v1,0,0,2.5,500.0,333.33,46.501498786072375,34.04216984735499,35.297768792191285,46.4667209862788,0.8331454918460105,0.16685450826069642,-1.0670695438363965e-10,7.974275660455404e-11,1200,2cd1b1b17d1607f1615c6b59dc7c55f8a233341300df1ee7a17fb34a16156ecd,ace7cc565b95d70fb1f6ae519bb4a0e8131a8b60a72aef012991b5cebef8fbe8,1.5634239419887308
rb_g002_v2,rb_g002,train,v2,1,1,7.000000000000001,1000.0,333.33,77.16135311624828,52.475701446477,54.3859661501317,77.06147277223772,0.9076947061232933,0.09230529391439188,-3.768515658261354e-11,9.000439368959359e-11,1193,2cd1b1b17d1607f1615c6b59dc7c55f8a233341300df1ee7a17fb34a16156ecd,ace7cc565b95d70fb1f6ae519bb4a0e8131a8b60a72aef012991b5cebef8fbe8,1.535367580014281
rb_g002_v3,rb_g002,train,v3,1,1,6.999999999999998,1000.0,500.0,75.56693507284893,50.5878162775161,52.975602414725216,75.47388502903277,0.8986377744242138,0.10136222561316323,-3.737700625196438e-11,9.262187954536981e-11,1193,2cd1b1b17d1607f1615c6b59dc7c55f8a233341300df1ee7a17fb34a16156ecd,ace7cc565b95d70fb1f6ae519bb4a0e8131a8b60a72aef012991b5cebef8fbe8,1.518624207994435
rb_g002_v4,rb_g002,train,v4,2,2,16.499999999999996,2050.0,500.0,103.74047460399993,62.54528194961433,65.46534977020633,103.53381286713204,0.9463166159242965,0.053683384092797416,-1.7093888594173005e-11,1.1713391223857757e-10,1165,2cd1b1b17d1607f1615c6b59dc7c55f8a233341300df1ee7a17fb34a16156ecd,ace7cc565b95d70fb1f6ae519bb4a0e8131a8b60a72aef012991b5cebef8fbe8,1.554668586992193
rb_g002_v5,rb_g002,train,v5,2,2,17.0,2050.0,1000.0,106.82010971569099,61.845831129614396,65.73500418419827,106.19520376499258,0.9401363912144598,0.0598636088015827,-1.6042448415439192e-11,1.1565483430084494e-10,1167,2cd1b1b17d1607f1615c6b59dc7c55f8a233341300df1ee7a17fb34a16156ecd,ace7cc565b95d70fb1f6ae519bb4a0e8131a8b60a72aef012991b5cebef8fbe8,1.5323861830111127
rb_g002_v6,rb_g002,train,v6,3,3,25.0,2500.0,1000.0,138.42795559990486,76.00829241890222,80.77865437940127,138.10325648173352,0.9497600488206099,0.05023995119064262,-1.125252779843322e-11,1.110984992289168e-10,1174,2cd1b1b17d1607f1615c6b59dc7c55f8a233341300df1ee7a17fb34a16156ecd,ace7cc565b95d70fb1f6ae519bb4a0e8131a8b60a72aef012991b5cebef8fbe8,1.4885285590135027
rb_g002_v7,rb_g002,train,v7,3,3,25.0,2500.0,1000.0,139.6395878777305,76.01017585010798,80.7797317211343,139.30662159329324,0.9497580444269142,0.05024195558497568,-1.1889946804899409e-11,1.0921197304967416e-10,1168,2cd1b1b17d1607f1615c6b59dc7c55f8a233341300df1ee7a17fb34a16156ecd,ace7cc565b95d70fb1f6ae519bb4a0e8131a8b60a72aef012991b5cebef8fbe8,1.5124734390119556
rb_g003_v0,rb_g003,train,v0,0,0,1.8,333.33,333.33,44.70320264196363,33.84282882387191,35.09998545206754,44.642285613590275,0.7700695901734872,0.22993040996885777,-1.423450246562652e-10,7.662984699106258e-11,1188,cfb7a8e0009835c0b6054fb45732031a2ed22e4c8bb45c9ffd062e80f047b40e,42ba6f67cbcae5495b73a2c28643e1a8fcac3dd9f7bb5cb4b7d7692a7578b783,1.5210364480153657
rb_g003_v1,rb_g003,train,v1,0,0,2.5,500.0,333.33,46.425995945630234,34.0191915763089,35.277823228413574,46.33144587400642,0.8333458105451683,0.16665418956232306,-1.0749137135945829e-10,7.845569566416734e-11,1183,cfb7a8e0009835c0b6054fb45732031a2ed22e4c8bb45c9ffd062e80f047b40e,42ba6f67cbcae5495b73a2c28643e1a8fcac3dd9f7bb5cb4b7d7692a7578b783,1.56845923900255
rb_g003_v2,rb_g003,train,v2,1,1,6.999999999999999,1000.0,333.33,77.6122332898862,52.388707105119465,54.31154341705577,77.32707392989744,0.9079474549632236,0.09205254507465715,-3.7880746158894656e-11,9.004911692793029e-11,1186,cfb7a8e0009835c0b6054fb45732031a2ed22e4c8bb45c9ffd062e80f047b40e,42ba6f67cbcae5495b73a2c28643e1a8fcac3dd9f7bb5cb4b7d7692a7578b783,1.576445621001767
rb_g003_v3,rb_g003,train,v3,1,1,7.0,1000.0,500.0,76.62198559672595,50.511519739165806,52.91139324755905,76.33860396531651,0.8988976769948895,0.10110232304399044,-3.888001032237298e-11,9.097036131809336e-11,1174,cfb7a8e0009835c0b6054fb45732031a2ed22e4c8bb45c9ffd062e80f047b40e,42ba6f67cbcae5495b73a2c28643e1a8fcac3dd9f7bb5cb4b7d7692a7578b783,1.5406081670080312
rb_g003_v4,rb_g003,train,v4,2,2,16.5,2050.0,500.0,106.38904454915195,62.36484613259405,65.31546902481205,105.77109803637751,0.9465686585811294,0.05343134143597266,-1.7102003315189354e-11,1.1464120068581269e-10,1169,cfb7a8e0009835c0b6054fb45732031a2ed22e4c8bb45c9ffd062e80f047b40e,42ba6f67cbcae5495b73a2c28643e1a8fcac3dd9f7bb5cb4b7d7692a7578b783,1.535733940982027
rb_g003_v5,rb_g003,train,v5,2,2,17.000000000000004,2050.0,1000.0,106.83173112352267,61.68886113337398,65.59704181944768,106.26324011189371,0.9403913232923392,0.05960867672419831,-1.6537503392843222e-11,1.1532668836011506e-10,1165,cfb7a8e0009835c0b6054fb45732031a2ed22e4c8bb45c9ffd062e80f047b40e,42ba6f67cbcae5495b73a2c28643e1a8fcac3dd9f7bb5cb4b7d7692a7578b783,1.5046501909964718
rb_g003_v6,rb_g003,train,v6,3,3,25.000000000000004,2500.0,1000.0,139.1629550949434,75.75726851488729,80.56246509855323,138.29269156398527,0.950034150209243,0.049965849802473906,-1.171684971268405e-11,1.1037561135389928e-10,1167,cfb7a8e0009835c0b6054fb45732031a2ed22e4c8bb45c9ffd062e80f047b40e,42ba6f67cbcae5495b73a2c28643e1a8fcac3dd9f7bb5cb4b7d7692a7578b783,1.5045764120004606
rb_g003_v7,rb_g003,train,v7,3,3,25.0,2500.0,1000.0,139.89690288415744,75.76013576597283,80.57173078818117,139.03688780179493,0.9500305028948809,0.04996949711723419,-1.2115055625372406e-11,1.1006461689644924e-10,1165,cfb7a8e0009835c0b6054fb45732031a2ed22e4c8bb45c9ffd062e80f047b40e,42ba6f67cbcae5495b73a2c28643e1a8fcac3dd9f7bb5cb4b7d7692a7578b783,1.4851902139780577
rb_g004_v0,rb_g004,train,v0,0,0,1.7999999999999998,333.33,333.33,44.331212570544494,33.842342080984395,35.0987396477673,44.27689835392255,0.7700759650097441,0.22992403513229917,-1.4204329070979485e-10,7.700950466056777e-11,1201,2026be472ab51eeba73bdc74cc05903c39dbb1be4d7e9b370f6d2317dd97ded0,6643cc2884ba92edc2317151eb82c45aadd551b9782520763bef0675cfa92f72,1.5661555000115186
rb_g004_v1,rb_g004,train,v1,0,0,2.4999999999999996,500.0,333.33,45.37465336860072,34.01822825693537,35.27482222982922,45.30053757449804,0.833354163711905,0.16664583639677238,-1.0867728938990241e-10,8.058634552529656e-11,1205,2026be472ab51eeba73bdc74cc05903c39dbb1be4d7e9b370f6d2317dd97ded0,6643cc2884ba92edc2317151eb82c45aadd551b9782520763bef0675cfa92f72,1.5505144579801708
rb_g004_v2,rb_g004,train,v2,1,1,6.999999999999998,1000.0,333.33,73.76733289537981,52.384464969669146,54.29393953216469,73.18235716227042,0.9079595086323579,0.09204049140538292,-3.7740810476805115e-11,9.19984065180954e-11,1201,2026be472ab51eeba73bdc74cc05903c39dbb1be4d7e9b370f6d2317dd97ded0,6643cc2884ba92edc2317151eb82c45aadd551b9782520763bef0675cfa92f72,1.5637520340096671
rb_g004_v3,rb_g004,train,v3,1,1,7.0,1000.0,500.0,71.92046226534728,50.504293256202416,52.89056087531792,71.72511807165029,0.8989217858248351,0.10107821421313198,-3.7967042208565867e-11,9.236279109580246e-11,1187,2026be472ab51eeba73bdc74cc05903c39dbb1be4d7e9b370f6d2317dd97ded0,6643cc2884ba92edc2317151eb82c45aadd551b9782520763bef0675cfa92f72,1.4826727900072
rb_g004_v4,rb_g004,train,v4,2,2,16.499999999999996,2050.0,500.0,98.58851019683533,62.34825734610698,65.248188502386,97.5738575229023,0.9465925961556445,0.053407403861554674,-1.7199231937648953e-11,1.191935427548147e-10,1175,2026be472ab51eeba73bdc74cc05903c39dbb1be4d7e9b370f6d2317dd97ded0,6643cc2884ba92edc2317151eb82c45aadd551b9782520763bef0675cfa92f72,1.4690949479991104
rb_g004_v5,rb_g004,train,v5,2,2,16.999999999999996,2050.0,1000.0,101.8458802627132,61.66298329649958,65.53132912428205,100.75530072500084,0.9404329537106003,0.05956704630580207,-1.6402343535680625e-11,1.1637919838685788e-10,1176,2026be472ab51eeba73bdc74cc05903c39dbb1be4d7e9b370f6d2317dd97ded0,6643cc2884ba92edc2317151eb82c45aadd551b9782520763bef0675cfa92f72,1.4514590300095733
rb_g004_v6,rb_g004,train,v6,3,3,24.999999999999993,2500.0,1000.0,127.32465008082659,75.73199463734505,80.46749020489654,125.83267901437443,0.9500615498418223,0.049938450170371,-1.2193295262363794e-11,1.1131488127382114e-10,1169,2026be472ab51eeba73bdc74cc05903c39dbb1be4d7e9b370f6d2317dd97ded0,6643cc2884ba92edc2317151eb82c45aadd551b9782520763bef0675cfa92f72,1.4713401410263032
rb_g004_v7,rb_g004,train,v7,3,,24.999999999999993,2500.0,1000.0,151.5459357357031,75.74431583927604,80.48486180972102,148.98679888659376,0.9500479744509477,0.049952025561248746,-1.2196395005048547e-11,1.1050074377072052e-10,1164,2026be472ab51eeba73bdc74cc05903c39dbb1be4d7e9b370f6d2317dd97ded0,6643cc2884ba92edc2317151eb82c45aadd551b9782520763bef0675cfa92f72,1.4877168709936086
rb_g005_v0,rb_g005,train,v0,0,0,1.8000000000000003,333.33,333.33,44.36931384991834,33.84026085709653,35.09836414950644,44.31938985717068,0.770102666431324,0.22989733371422563,-1.4554962173778877e-10,7.681868475631941e-11,1207,1164cc429c543125455f268ef619b54ff812ebb7d12e3145f64678989ebb1007,028f6e4cdab561e1914e8abf5ee9c47a70bd1a775a8b3000a158b3d05c390104,1.5524922490003519
rb_g005_v1,rb_g005,train,v1,0,0,2.5,500.0,333.33,48.15943259554439,34.01547700305822,35.27558188077082,48.06334653352235,0.8333782369431161,0.16662176316343502,-1.0655107907098227e-10,7.760501886594423e-11,1183,1164cc429c543125455f268ef619b54ff812ebb7d12e3145f64678989ebb1007,028f6e4cdab561e1914e8abf5ee9c47a70bd1a775a8b3000a158b3d05c390104,1.5420569209964015
rb_g005_v2,rb_g005,train,v2,1,1,6.999999999999999,1000.0,333.33,79.10375818303419,52.37365357200935,54.30038379972619,79.00300455225329,0.9079914487837275,0.09200855125347651,-3.7204001784069924e-11,8.942155622841278e-11,1180,1164cc429c543125455f268ef619b54ff812ebb7d12e3145f64678989ebb1007,028f6e4cdab561e1914e8abf5ee9c47a70bd1a775a8b3000a158b3d05c390104,1.5342658199951984
rb_g005_v3,rb_g005,train,v3,1,1,7.0,1000.0,500.0,76.2383841853474,50.49978503501331,52.90230212693434,76.22285708503136,0.8989377773655383,0.10106222267146837,-3.7006635850949414e-11,9.0157594141891e-11,1135,1164cc429c543125455f268ef619b54ff812ebb7d12e3145f64678989ebb1007,028f6e4cdab561e1914e8abf5ee9c47a70bd1a775a8b3000a158b3d05c390104,1.461109444993781
rb_g005_v4,rb_g005,train,v4,2,2,16.5,2050.0,500.0,107.92608063961012,62.34208743529197,65.30930177628456,107.89120129388118,0.9466005107026607,0.0533994893136291,-1.628976415037359e-11,1.1539052024847374e-10,1126,1164cc429c543125455f268ef619b54ff812ebb7d12e3145f64678989ebb1007,028f6e4cdab561e1914e8abf5ee9c47a70bd1a775a8b3000a158b3d05c390104,1.4894741600146517
rb_g005_v5,rb_g005,train,v5,2,2,17.0,2050.0,1000.0,111.49588583347077,61.6665712238299,65.60160770016238,111.45615482340872,0.9404263881319089,0.05957361188461001,-1.651895613760831e-11,1.1276638370873904e-10,1161,1164cc429c543125455f268ef619b54ff812ebb7d12e3145f64678989ebb1007,028f6e4cdab561e1914e8abf5ee9c47a70bd1a775a8b3000a158b3d05c390104,1.480964326998219
rb_g005_v6,rb_g005,train,v6,3,3,25.0,2500.0,1000.0,143.28990480511135,75.72102525112116,80.57796213036458,143.24340368265297,0.9500734598314,0.04992654018088549,-1.2285479300544466e-11,1.1081775409921903e-10,1160,1164cc429c543125455f268ef619b54ff812ebb7d12e3145f64678989ebb1007,028f6e4cdab561e1914e8abf5ee9c47a70bd1a775a8b3000a158b3d05c390104,1.5086855239933357
rb_g005_v7,rb_g005,train,v7,3,3,24.999999999999993,2500.0,1000.0,136.8548460484024,75.71556186282528,80.57129667737287,136.19625745298293,0.9500794314278831,0.0499205685833205,-1.1203553640370959e-11,1.1042863818676777e-10,1169,1164cc429c543125455f268ef619b54ff812ebb7d12e3145f64678989ebb1007,028f6e4cdab561e1914e8abf5ee9c47a70bd1a775a8b3000a158b3d05c390104,1.4826096080068965
rb_g006_v0,rb_g006,train,v0,0,0,1.8000000000000003,333.33,333.33,43.94407726413158,33.839200666639805,35.0957218904327,43.853622403605414,0.7701167028795133,0.22988329726517037,-1.446836786181096e-10,7.678429738566684e-11,1198,21bdb6e24f9cbd1e664fd3ba94feedc2619db3b399b586065384a3357495fb23,a5e170a79b5328e8379ff02130604036cac8162a4bc3e494e9ed3566a0b66228,1.5811380230006762
rb_g006_v1,rb_g006,train,v1,0,0,2.5,500.0,333.33,44.839694926682455,34.01228072795457,35.269147912067176,44.72384390980733,0.8334059066183052,0.1665940934886696,-1.0697478458610021e-10,7.86198860657462e-11,1184,21bdb6e24f9cbd1e664fd3ba94feedc2619db3b399b586065384a3357495fb23,a5e170a79b5328e8379ff02130604036cac8162a4bc3e494e9ed3566a0b66228,1.5343235920008738
rb_g006_v2,rb_g006,train,v2,1,1,7.0,1000.0,333.33,72.761033745497,52.36471982835978,54.27534512958232,72.69211232734466,0.9080174912319359,0.09198250880530798,-3.72438112096672e-11,9.052867129957506e-11,1183,21bdb6e24f9cbd1e664fd3ba94feedc2619db3b399b586065384a3357495fb23,a5e170a79b5328e8379ff02130604036cac8162a4bc3e494e9ed3566a0b66228,1.612086792010814
rb_g006_v3,rb_g006,train,v3,1,1,7.000000000000001,1000.0,500.0,71.93965797149644,50.49064753879231,52.87772196292903,71.81715744927197,0.8989689396187437,0.10103106042058992,-3.933361572957697e-11,9.092519030841436e-11,1180,21bdb6e24f9cbd1e664fd3ba94feedc2619db3b399b586065384a3357495fb23,a5e170a79b5328e8379ff02130604036cac8162a4bc3e494e9ed3566a0b66228,1.598992293002084
rb_g006_v4,rb_g006,train,v4,2,2,16.5,2050.0,500.0,97.91335321338926,62.3124215131581,65.21086938778129,97.75486921830105,0.9466418894632259,0.05335811055453475,-1.7760675085514087e-11,1.1563979232708732e-10,1169,21bdb6e24f9cbd1e664fd3ba94feedc2619db3b399b586065384a3357495fb23,a5e170a79b5328e8379ff02130604036cac8162a4bc3e494e9ed3566a0b66228,1.5265420830110088
rb_g006_v5,rb_g006,train,v5,2,2,17.0,2050.0,1000.0,101.87692370855297,61.6338680614674,65.49628386529689,101.81199450375408,0.9404790808747221,0.05952091914263495,-1.735703084527947e-11,1.1432364618247452e-10,1165,21bdb6e24f9cbd1e664fd3ba94feedc2619db3b399b586065384a3357495fb23,a5e170a79b5328e8379ff02130604036cac8162a4bc3e494e9ed3566a0b66228,1.540530486003263
rb_g006_v6,rb_g006,train,v6,3,3,24.999999999999993,2500.0,1000.0,127.0725127793171,75.68044263226886,80.40639805799997,126.81584678557579,0.9501175633106316,0.049882436701586486,-1.2218013267784048e-11,1.0679943948425491e-10,1167,21bdb6e24f9cbd1e664fd3ba94feedc2619db3b399b586065384a3357495fb23,a5e170a79b5328e8379ff02130604036cac8162a4bc3e494e9ed3566a0b66228,1.5329224299930502
rb_g006_v7,rb_g006,train,v7,3,3,25.0,2500.0,1000.0,127.50025504630264,75.67998585379208,80.40653038122359,126.30523829220431,0.950118120321333,0.04988187969041927,-1.1752332440551073e-11,1.1087497467035515e-10,1172,21bdb6e24f9cbd1e664fd3ba94feedc2619db3b399b586065384a3357495fb23,a5e170a79b5328e8379ff02130604036cac8162a4bc3e494e9ed3566a0b66228,1.5405730060010683
rb_g007_v0,rb_g007,train,v0,0,0,1.8000000000000003,333.33,333.33,43.651745777473764,33.83679510759577,35.09345371279603,43.62807269617019,0.7701473458147863,0.22985265433291985,-1.477060757654808e-10,7.481366564003751e-11,1146,47aca93e023cc8e653ca272a70cc317b7d0943bb6d27b5d765fddb64dbaf4d31,c3aaa902d77dc1d2942d2325a4d619f452a5e527e7fd960c01c775214f642b5e,1.4304430409974884
rb_g007_v1,rb_g007,train,v1,0,0,2.5000000000000004,500.0,333.33,44.753830827971456,34.01001454964853,35.26692427612961,44.71967054373164,0.8334256669251001,0.16657433318257342,-1.0767355895779927e-10,7.80251078311584e-11,1173,47aca93e023cc8e653ca272a70cc317b7d0943bb6d27b5d765fddb64dbaf4d31,c3aaa902d77dc1d2942d2325a4d619f452a5e527e7fd960c01c775214f642b5e,1.5348487999872304
rb_g007_v2,rb_g007,train,v2,1,1,6.999999999999999,1000.0,333.33,72.31315324292518,52.361154832502706,54.27150343090283,72.21151314421786,0.9080279981306111,0.09197200190784172,-3.845282822315507e-11,8.991292513080145e-11,1167,47aca93e023cc8e653ca272a70cc317b7d0943bb6d27b5d765fddb64dbaf4d31,c3aaa902d77dc1d2942d2325a4d619f452a5e527e7fd960c01c775214f642b5e,1.4525776540103834
rb_g007_v3,rb_g007,train,v3,1,1,7.0,1000.0,500.0,71.17657691475438,50.487524758065355,52.87405055821057,71.16940200832335,0.898979418956096,0.1010205810816932,-3.7789184480020917e-11,9.246719759619747e-11,1181,47aca93e023cc8e653ca272a70cc317b7d0943bb6d27b5d765fddb64dbaf4d31,c3aaa902d77dc1d2942d2325a4d619f452a5e527e7fd960c01c775214f642b5e,1.5967138739943039
rb_g007_v4,rb_g007,train,v4,2,2,16.499999999999996,2050.0,500.0,97.39364971329758,62.307845235901645,65.20225260663207,97.30840411679532,0.9466479523074283,0.053352047709039216,-1.6467514220928276e-11,1.1582357770015317e-10,1160,47aca93e023cc8e653ca272a70cc317b7d0943bb6d27b5d765fddb64dbaf4d31,c3aaa902d77dc1d2942d2325a4d619f452a5e527e7fd960c01c775214f642b5e,1.4875910849950742
rb_g007_v5,rb_g007,train,v5,2,2,17.0,2050.0,1000.0,99.25933215033359,61.62270921055132,65.48072609274442,99.15692783085444,0.9404971768711688,0.05950282314485354,-1.60223990937592e-11,1.1391635052715038e-10,1164,47aca93e023cc8e653ca272a70cc317b7d0943bb6d27b5d765fddb64dbaf4d31,c3aaa902d77dc1d2942d2325a4d619f452a5e527e7fd960c01c775214f642b5e,1.4920507869974244
rb_g007_v6,rb_g007,train,v6,3,3,24.999999999999993,2500.0,1000.0,125.28318187283946,75.67603155021315,80.39665714857294,125.0866757865366,0.9501235727831093,0.04987642722878182,-1.1891101436845023e-11,1.0977609433120437e-10,1141,47aca93e023cc8e653ca272a70cc317b7d0943bb6d27b5d765fddb64dbaf4d31,c3aaa902d77dc1d2942d2325a4d619f452a5e527e7fd960c01c775214f642b5e,1.4714232250116765
rb_g007_v7,rb_g007,train,v7,3,3,25.0,2500.0,1000.0,124.9307172633317,75.66364245409665,80.38530134969776,124.73774967995706,0.9501364988320566,0.04986350117946019,-1.1516778641862402e-11,1.1027981910127637e-10,1139,47aca93e023cc8e653ca272a70cc317b7d0943bb6d27b5d765fddb64dbaf4d31,c3aaa902d77dc1d2942d2325a4d619f452a5e527e7fd960c01c775214f642b5e,1.4828767139988486
rb_g008_v0,rb_g008,train,v0,0,0,1.7999999999999998,333.33,333.33,45.74032765104374,33.84949569541585,35.10791407496267,45.704462773743785,0.7699830767672823,0.2300169233769843,-1.442665431561352e-10,7.660782841327847e-11,1196,0f88fb3f6da431502e30020fd815e8692213116d21079c8adc72e1cc0843162d,e1a0cb8198221602e6ea371dcd7b9e53d5f8c6dfd384a8e565d4e3aa486853ae,1.532546453003306
rb_g008_v1,rb_g008,train,v1,0,0,2.4999999999999996,500.0,333.33,47.14314065969569,34.02944114706104,35.289997945997975,47.11004423205134,0.8332564706242699,0.16674352948291896,-1.0718887999416895e-10,7.80279261291736e-11,1187,0f88fb3f6da431502e30020fd815e8692213116d21079c8adc72e1cc0843162d,e1a0cb8198221602e6ea371dcd7b9e53d5f8c6dfd384a8e565d4e3aa486853ae,1.517136261012638
rb_g008_v2,rb_g008,train,v2,1,1,6.999999999999999,1000.0,333.33,78.18020221088483,52.41628716222726,54.34756195605523,78.10870755953414,0.907866897538016,0.09213310249993202,-3.794800981385801e-11,9.026562172088452e-11,1189,0f88fb3f6da431502e30020fd815e8692213116d21079c8adc72e1cc0843162d,e1a0cb8198221602e6ea371dcd7b9e53d5f8c6dfd384a8e565d4e3aa486853ae,1.545943333010655
rb_g008_v3,rb_g008,train,v3,1,1,7.0,1000.0,500.0,77.08587868775686,50.530913757443884,52.93907569877101,77.04964146935345,0.898831197431076,0.10116880260612422,-3.720014772414158e-11,9.205369624799245e-11,1187,0f88fb3f6da431502e30020fd815e8692213116d21079c8adc72e1cc0843162d,e1a0cb8198221602e6ea371dcd7b9e53d5f8c6dfd384a8e565d4e3aa486853ae,1.5202575480216183
rb_g008_v4,rb_g008,train,v4,2,2,16.499999999999996,2050.0,500.0,111.84805977734243,62.41151038566949,65.42186188562259,111.59439106144185,0.9465030096594471,0.05349699035733566,-1.6782797374048645e-11,1.1751789388739803e-10,1171,0f88fb3f6da431502e30020fd815e8692213116d21079c8adc72e1cc0843162d,e1a0cb8198221602e6ea371dcd7b9e53d5f8c6dfd384a8e565d4e3aa486853ae,1.569095359009225
rb_g008_v5,rb_g008,train,v5,2,2,16.999999999999993,2050.0,1000.0,116.4382800968994,61.732168769103055,65.7164118953446,116.165646465674,0.9403198314256819,0.05968016859010749,-1.5789382873061406e-11,1.15708911721479e-10,1155,0f88fb3f6da431502e30020fd815e8692213116d21079c8adc72e1cc0843162d,e1a0cb8198221602e6ea371dcd7b9e53d5f8c6dfd384a8e565d4e3aa486853ae,1.503359406022355
rb_g008_v6,rb_g008,train,v6,3,,24.999999999999996,2500.0,1000.0,153.23230307987666,75.8922289918341,80.84534437134414,152.98298935662956,0.9498898315406857,0.05011016847131124,-1.1997007831610064e-11,1.1046179562270517e-10,1168,0f88fb3f6da431502e30020fd815e8692213116d21079c8adc72e1cc0843162d,e1a0cb8198221602e6ea371dcd7b9e53d5f8c6dfd384a8e565d4e3aa486853ae,1.5129882670007646
rb_g008_v7,rb_g008,train,v7,3,,25.0,2500.0,1000.0,152.08841631216376,75.87207571718197,80.81879603488136,151.60186926199356,0.9499095388412987,0.0500904611704329,-1.1731557947314286e-11,1.085723733956694e-10,1171,0f88fb3f6da431502e30020fd815e8692213116d21079c8adc72e1cc0843162d,e1a0cb8198221602e6ea371dcd7b9e53d5f8c6dfd384a8e565d4e3aa486853ae,1.5014322079950944
rb_g009_v0,rb_g009,valid,v0,0,0,1.7999999999999998,333.33,333.33,45.215346966827724,33.84540280202083,35.10187527600063,45.179115808248866,0.7700380974830741,0.22996190266143765,-1.4451174824693505e-10,7.732852860831586e-11,1206,4c890f631cb72c1bac0ffd2de00faefc58396a0e5e809a83bb833db299400381,16d9ac591a9a61db2dc9d5b2d140214f0462f6c6e17d756582aaa18cb2b3e76c,1.5368971129937563
rb_g009_v1,rb_g009,valid,v1,0,0,2.5,500.0,333.33,45.65828067526826,34.024415819668114,35.28103354453296,45.57567163362353,0.8333009240872224,0.16669907602101494,-1.0823735241416444e-10,7.777620878239639e-11,1165,4c890f631cb72c1bac0ffd2de00faefc58396a0e5e809a83bb833db299400381,16d9ac591a9a61db2dc9d5b2d140214f0462f6c6e17d756582aaa18cb2b3e76c,1.510997540986864
rb_g009_v2,rb_g009,valid,v2,1,1,7.0,1000.0,333.33,75.28325232690759,52.405679180089734,54.31664609182896,75.02768767814109,0.9078980150781601,0.09210198495889987,-3.7059989997447114e-11,9.020339941445678e-11,1188,4c890f631cb72c1bac0ffd2de00faefc58396a0e5e809a83bb833db299400381,16d9ac591a9a61db2dc9d5b2d140214f0462f6c6e17d756582aaa18cb2b3e76c,1.525976911012549
rb_g009_v3,rb_g009,valid,v3,1,1,6.999999999999998,1000.0,500.0,76.83949182593665,50.52594527148496,52.91551449623034,75.7922882340767,0.8988483963804017,0.10115160365713229,-3.7533991787646377e-11,9.233787937260826e-11,1184,4c890f631cb72c1bac0ffd2de00faefc58396a0e5e809a83bb833db299400381,16d9ac591a9a61db2dc9d5b2d140214f0462f6c6e17d756582aaa18cb2b3e76c,1.5594577439769637
rb_g009_v4,rb_g009,valid,v4,2,2,16.500000000000004,2050.0,500.0,106.92642108573455,62.384335792144725,65.30397100912512,106.28748518315166,0.9465412463463161,0.053458753671491166,-1.780730445254834e-11,1.1570095271151343e-10,1167,4c890f631cb72c1bac0ffd2de00faefc58396a0e5e809a83bb833db299400381,16d9ac591a9a61db2dc9d5b2d140214f0462f6c6e17d756582aaa18cb2b3e76c,1.5512002859904896
rb_g009_v5,rb_g009,valid,v5,2,2,17.0,2050.0,1000.0,107.27479987147177,61.68296399438842,65.56809529583282,107.00842283493387,0.9403999052814505,0.059600094733615154,-1.5065635014031933e-11,1.1521862570326662e-10,1179,4c890f631cb72c1bac0ffd2de00faefc58396a0e5e809a83bb833db299400381,16d9ac591a9a61db2dc9d5b2d140214f0462f6c6e17d756582aaa18cb2b3e76c,1.5434948210022412
rb_g009_v6,rb_g009,valid,v6,3,3,25.000000000000004,2500.0,1000.0,135.76840135113804,75.77341355772067,80.5326643702718,135.40359038873038,0.9500164663894747,0.04998353362148973,-1.0964367191945711e-11,1.1130677586933961e-10,1181,4c890f631cb72c1bac0ffd2de00faefc58396a0e5e809a83bb833db299400381,16d9ac591a9a61db2dc9d5b2d140214f0462f6c6e17d756582aaa18cb2b3e76c,1.4661580810206942
rb_g009_v7,rb_g009,valid,v7,3,3,25.0,2500.0,1000.0,133.69995111793457,75.77435509476616,80.52925710020679,133.40725148715813,0.9500151201721337,0.049984879839137554,-1.127127724487309e-11,1.1108340164425952e-10,1179,4c890f631cb72c1bac0ffd2de00faefc58396a0e5e809a83bb833db299400381,16d9ac591a9a61db2dc9d5b2d140214f0462f6c6e17d756582aaa18cb2b3e76c,1.4652426920074504
rb_g010_v0,rb_g010,valid,v0,0,0,1.7999999999999996,333.33,333.33,45.02446097415577,33.85198697268297,35.107538129213154,44.98429348946712,0.7699521041218158,0.23004789602316825,-1.4498408646485614e-10,7.635469702064474e-11,1191,0abf2fccf1ca98b75b3ce3a0dcbe4d88e7139b05d89892fc3464c7fbf3f3dff6,3f3a24a9450a1fbec05520b5735cd5078504ef25aae6fcfa2097f59d01e2ff11,1.5115669390070252
rb_g010_v1,rb_g010,valid,v1,0,0,2.499999999999999,500.0,333.33,46.327701721760775,34.030685294671194,35.286407832942224,46.274578464369085,0.8332459891215162,0.16675401098487955,-1.0639569225645577e-10,7.84320415243571e-11,1196,0abf2fccf1ca98b75b3ce3a0dcbe4d88e7139b05d89892fc3464c7fbf3f3dff6,3f3a24a9450a1fbec05520b5735cd5078504ef25aae6fcfa2097f59d01e2ff11,1.5093869800039101
rb_g010_v2,rb_g010,valid,v2,1,1,7.000000000000001,1000.0,333.33,75.78012710826641,52.41658467387663,54.32457553947324,75.63832806538056,0.9078660059068122,0.09213399413148465,-3.829687360885307e-11,8.889453558171791e-11,1177,0abf2fccf1ca98b75b3ce3a0dcbe4d88e7139b05d89892fc3464c7fbf3f3dff6,3f3a24a9450a1fbec05520b5735cd5078504ef25aae6fcfa2097f59d01e2ff11,1.5403983340074774
rb_g010_v3,rb_g010,valid,v3,1,1,7.0,1000.0,500.0,74.2281395899667,50.5345034942865,52.918993942835364,74.08770369827539,0.8988191443505674,0.10118085568818454,-3.875193816631801e-11,9.136447556125616e-11,1177,0abf2fccf1ca98b75b3ce3a0dcbe4d88e7139b05d89892fc3464c7fbf3f3dff6,3f3a24a9450a1fbec05520b5735cd5078504ef25aae6fcfa2097f59d01e2ff11,1.4930957129981834
rb_g010_v4,rb_g010,valid,v4,2,2,16.500000000000004,2050.0,500.0,102.94987035940488,62.43492203609788,65.33183145082555,102.64830066744236,0.946471001730903,0.05352899828689552,-1.7798550512214782e-11,1.175639030100001e-10,1161,0abf2fccf1ca98b75b3ce3a0dcbe4d88e7139b05d89892fc3464c7fbf3f3dff6,3f3a24a9450a1fbec05520b5735cd5078504ef25aae6fcfa2097f59d01e2ff11,1.5302187289926223
rb_g010_v5,rb_g010,valid,v5,2,2,17.000000000000004,2050.0,1000.0,106.84036081629222,61.76890051632782,65.63575226119977,106.5088643780278,0.9402609812074272,0.059739018809420855,-1.6848026242107202e-11,1.1622199948841224e-10,1166,0abf2fccf1ca98b75b3ce3a0dcbe4d88e7139b05d89892fc3464c7fbf3f3dff6,3f3a24a9450a1fbec05520b5735cd5078504ef25aae6fcfa2097f59d01e2ff11,1.4954039290023502
rb_g010_v6,rb_g010,valid,v6,3,3,25.000000000000004,2500.0,1000.0,140.16832447076888,75.88998686925872,80.6282963811303,139.63967388862028,0.9498887524556581,0.050111247556794435,-1.2452519015937466e-11,1.0846768664880761e-10,1165,0abf2fccf1ca98b75b3ce3a0dcbe4d88e7139b05d89892fc3464c7fbf3f3dff6,3f3a24a9450a1fbec05520b5735cd5078504ef25aae6fcfa2097f59d01e2ff11,1.5140300320053939
rb_g010_v7,rb_g010,valid,v7,3,3,25.000000000000004,2500.0,1000.0,141.1427130621807,75.8915491845706,80.63115721178325,140.61431661743126,0.94988708215312,0.05011291785943872,-1.2558745154933602e-11,1.0997413526714142e-10,1165,0abf2fccf1ca98b75b3ce3a0dcbe4d88e7139b05d89892fc3464c7fbf3f3dff6,3f3a24a9450a1fbec05520b5735cd5078504ef25aae6fcfa2097f59d01e2ff11,1.5025850620004348
rb_g011_v0,rb_g011,train,v0,0,0,1.7999999999999996,333.33,333.33,44.58925303348826,33.84567852670835,35.10317239357075,44.58717330674125,0.7700333907759846,0.2299666093668676,-1.4285227322040508e-10,7.75282188545296e-11,1211,ab25678666c64a0ec86f25689e4c2b7667a663510ee08981eefea20e4e25ed6a,381387934b6840415b5c5f2a1142fea470d98705990e9356bd06dbcc2e303c5a,1.6077501719992142
rb_g011_v1,rb_g011,train,v1,0,0,2.5,500.0,333.33,46.089890961522315,34.02314237769034,35.28219166762215,46.08593734355668,0.8333112922294224,0.16668870787808715,-1.0750946799475968e-10,7.90888219518024e-11,1203,ab25678666c64a0ec86f25689e4c2b7667a663510ee08981eefea20e4e25ed6a,381387934b6840415b5c5f2a1142fea470d98705990e9356bd06dbcc2e303c5a,1.5664647159865126
rb_g011_v2,rb_g011,train,v2,1,1,6.999999999999999,1000.0,333.33,76.91709648687004,52.402130132015415,54.32551678175517,76.83887767734933,0.9079079749801366,0.09209202505782894,-3.796561477896278e-11,8.978867767038976e-11,1185,ab25678666c64a0ec86f25689e4c2b7667a663510ee08981eefea20e4e25ed6a,381387934b6840415b5c5f2a1142fea470d98705990e9356bd06dbcc2e303c5a,1.542620669992175
rb_g011_v3,rb_g011,train,v3,1,1,7.000000000000001,1000.0,500.0,76.7830502627985,50.52651430127857,52.92653263936229,76.66169120844563,0.8988466037592517,0.10115339627870563,-3.7957319826935936e-11,9.099503576830584e-11,1182,ab25678666c64a0ec86f25689e4c2b7667a663510ee08981eefea20e4e25ed6a,381387934b6840415b5c5f2a1142fea470d98705990e9356bd06dbcc2e303c5a,1.5468312019947916
rb_g011_v4,rb_g011,train,v4,2,2,16.5,2050.0,500.0,109.27103706095488,62.411918862066166,65.37504842800088,108.92010509283233,0.946503804382172,0.05349619563379528,-1.5967227540159e-11,1.1800488000437326e-10,1128,ab25678666c64a0ec86f25689e4c2b7667a663510ee08981eefea20e4e25ed6a,381387934b6840415b5c5f2a1142fea470d98705990e9356bd06dbcc2e303c5a,1.4616752330039162
rb_g011_v5,rb_g011,train,v5,2,2,17.0,2050.0,1000.0,109.8393752580838,61.7167429656835,65.64639843771064,109.62808881412502,0.9403454078347223,0.059654592181190444,-1.591280048905767e-11,1.162450489170657e-10,1165,ab25678666c64a0ec86f25689e4c2b7667a663510ee08981eefea20e4e25ed6a,381387934b6840415b5c5f2a1142fea470d98705990e9356bd06dbcc2e303c5a,1.53543791899574
rb_g011_v6,rb_g011,train,v6,3,3,25.000000000000004,2500.0,1000.0,140.4695740998685,75.80433330547893,80.65169198062625,140.30020339674792,0.9499818893085855,0.05001811070355301,-1.2138485772084093e-11,1.1101593285490557e-10,1167,ab25678666c64a0ec86f25689e4c2b7667a663510ee08981eefea20e4e25ed6a,381387934b6840415b5c5f2a1142fea470d98705990e9356bd06dbcc2e303c5a,1.5366350919939578
rb_g011_v7,rb_g011,train,v7,3,3,25.000000000000004,2500.0,1000.0,139.63605972228493,75.79792212549454,80.64083351086299,139.4762353008864,0.9499890999809608,0.05001090003066325,-1.1624070594962175e-11,1.1130109019960221e-10,1172,ab25678666c64a0ec86f25689e4c2b7667a663510ee08981eefea20e4e25ed6a,381387934b6840415b5c5f2a1142fea470d98705990e9356bd06dbcc2e303c5a,1.544545344018843
rb_g012_v0,rb_g012,train,v0,0,0,1.7999999999999996,333.33,333.33,44.861229174977666,33.8473931974819,35.103505178295805,44.855038781863584,0.7700101651210726,0.2299898350235203,-1.4459282536726117e-10,7.625491270896261e-11,1191,3a5a5edcc1c48cdd7efc9fa2014105dd5a9c95bb996c60beda96c3849e1bd8f7,6d4bcfde6cc912517f17103396c452c69ce6e8300a58d99fc6896cb2064055db,1.5599546229932457
rb_g012_v1,rb_g012,train,v1,0,0,2.5,500.0,333.33,45.985219766505224,34.02690097468205,35.28316169986963,45.97809586076903,0.8332785623356577,0.1667214377719975,-1.07655151460051e-10,7.77294320451381e-11,1184,3a5a5edcc1c48cdd7efc9fa2014105dd5a9c95bb996c60beda96c3849e1bd8f7,6d4bcfde6cc912517f17103396c452c69ce6e8300a58d99fc6896cb2064055db,1.543018452997785
rb_g012_v2,rb_g012,train,v2,1,1,7.0,1000.0,333.33,75.6812310065236,52.416527985111976,54.325973912057954,75.49406199176315,0.9078662442446619,0.09213375579227144,-3.693329769000846e-11,9.036246237440884e-11,1179,3a5a5edcc1c48cdd7efc9fa2014105dd5a9c95bb996c60beda96c3849e1bd8f7,6d4bcfde6cc912517f17103396c452c69ce6e8300a58d99fc6896cb2064055db,1.6132289239903912
rb_g012_v3,rb_g012,train,v3,1,1,7.000000000000001,1000.0,500.0,75.60448868121557,50.54137660004162,52.927246603019036,75.40787369099849,0.8987957740028745,0.10120422603593543,-3.8809844227216666e-11,9.093109696111977e-11,1179,3a5a5edcc1c48cdd7efc9fa2014105dd5a9c95bb996c60beda96c3849e1bd8f7,6d4bcfde6cc912517f17103396c452c69ce6e8300a58d99fc6896cb2064055db,1.4683304670033976
rb_g012_v4,rb_g012,train,v4,2,2,16.5,2050.0,500.0,107.6004280767541,62.44411017608022,65.34906800767261,107.12543613520302,0.9464579439894975,0.05354205602775134,-1.72487747990448e-11,1.1538292610942638e-10,1168,3a5a5edcc1c48cdd7efc9fa2014105dd5a9c95bb996c60beda96c3849e1bd8f7,6d4bcfde6cc912517f17103396c452c69ce6e8300a58d99fc6896cb2064055db,1.4445206160016824
rb_g012_v5,rb_g012,train,v5,2,2,17.0,2050.0,1000.0,110.6294774623442,61.755943273131074,65.63259305348899,110.09466970564159,0.940281806134585,0.05971819388346969,-1.8054721116848616e-11,1.1566695029895263e-10,1162,3a5a5edcc1c48cdd7efc9fa2014105dd5a9c95bb996c60beda96c3849e1bd8f7,6d4bcfde6cc912517f17103396c452c69ce6e8300a58d99fc6896cb2064055db,1.4660566359816585
rb_g012_v6,rb_g012,train,v6,3,3,24.999999999999996,2500.0,1000.0,140.9807841092313,75.85348240130247,80.60451485841536,140.89392393802763,0.9499288383884118,0.050071161622742,-1.1153797885299356e-11,1.1051311376599909e-10,1176,3a5a5edcc1c48cdd7efc9fa2014105dd5a9c95bb996c60beda96c3849e1bd8f7,6d4bcfde6cc912517f17103396c452c69ce6e8300a58d99fc6896cb2064055db,1.4836511120083742
rb_g012_v7,rb_g012,train,v7,3,3,24.999999999999993,2500.0,1000.0,140.93840729415143,75.86009839232096,80.61250205910851,140.8663070716746,0.9499222605944587,0.05007773941779382,-1.2252501235821004e-11,1.0957052275250778e-10,1170,3a5a5edcc1c48cdd7efc9fa2014105dd5a9c95bb996c60beda96c3849e1bd8f7,6d4bcfde6cc912517f17103396c452c69ce6e8300a58d99fc6896cb2064055db,1.4988177469931543
rb_g013_v0,rb_g013,train,v0,0,0,1.8000000000000003,333.33,333.33,44.591803903734274,33.836945497804535,35.0945871368794,44.58271266779195,0.7701454733185485,0.2298545268276898,-1.4623836092692636e-10,7.584793490299763e-11,1185,57745155e072709c96a15aed37aa0d1f501c62a68cf9537558af1b04dcc79d53,b11744a4478fd180ce964f6fc7328c34034820b1367c22e225b1bd12d2d4782d,1.547463687020354
rb_g013_v1,rb_g013,train,v1,0,0,2.5,500.0,333.33,45.74815494615001,34.01084240506542,35.269188676688216,45.73628953603367,0.8334184438643149,0.16658155624030294,-1.0461782551374199e-10,7.890360450661052e-11,1190,57745155e072709c96a15aed37aa0d1f501c62a68cf9537558af1b04dcc79d53,b11744a4478fd180ce964f6fc7328c34034820b1367c22e225b1bd12d2d4782d,1.5180125690239947
rb_g013_v2,rb_g013,train,v2,1,1,6.999999999999999,1000.0,333.33,74.44814450865863,52.36246325001339,54.27893819142734,74.42029093960036,0.9080242696680901,0.09197573037098156,-3.9071729978396825e-11,9.019575673707628e-11,1173,57745155e072709c96a15aed37aa0d1f501c62a68cf9537558af1b04dcc79d53,b11744a4478fd180ce964f6fc7328c34034820b1367c22e225b1bd12d2d4782d,1.5104098510055337
rb_g013_v3,rb_g013,train,v3,1,1,7.0,1000.0,500.0,73.3349158246022,50.48430969123316,52.87756211784993,73.31291428334879,0.8989904900154521,0.10100951002290282,-3.8354922412712054e-11,9.252024960691414e-11,1191,57745155e072709c96a15aed37aa0d1f501c62a68cf9537558af1b04dcc79d53,b11744a4478fd180ce964f6fc7328c34034820b1367c22e225b1bd12d2d4782d,1.5616009720251895
rb_g013_v4,rb_g013,train,v4,2,2,16.500000000000004,2050.0,500.0,107.13401598060557,62.290207499073844,65.22030031873221,104.48261548619536,0.9466728502729744,0.0533271497451688,-1.8143264668424305e-11,1.1559411140718342e-10,1174,57745155e072709c96a15aed37aa0d1f501c62a68cf9537558af1b04dcc79d53,b11744a4478fd180ce964f6fc7328c34034820b1367c22e225b1bd12d2d4782d,1.5072963369893841
rb_g013_v5,rb_g013,train,v5,2,2,17.0,2050.0,1000.0,104.56984406118625,61.60397781734836,65.50782411093161,104.50572451799923,0.9405274681800163,0.0594725318373362,-1.7352550768838923e-11,1.1571521787997314e-10,1166,57745155e072709c96a15aed37aa0d1f501c62a68cf9537558af1b04dcc79d53,b11744a4478fd180ce964f6fc7328c34034820b1367c22e225b1bd12d2d4782d,1.5259914440102875
rb_g013_v6,rb_g013,train,v6,3,3,25.000000000000007,2500.0,1000.0,135.56435753865293,75.64569142252286,80.43934795639365,135.4518591699603,0.9501557151764952,0.04984428483573694,-1.223214418644147e-11,1.1086210878202157e-10,1168,57745155e072709c96a15aed37aa0d1f501c62a68cf9537558af1b04dcc79d53,b11744a4478fd180ce964f6fc7328c34034820b1367c22e225b1bd12d2d4782d,1.524070990999462
rb_g013_v7,rb_g013,train,v7,3,3,25.0,2500.0,1000.0,136.05688988099848,75.660210967962,80.45421615887491,135.93848120351998,0.950140593140396,0.0498594068721718,-1.2567795693030348e-11,1.0754362188709672e-10,1165,57745155e072709c96a15aed37aa0d1f501c62a68cf9537558af1b04dcc79d53,b11744a4478fd180ce964f6fc7328c34034820b1367c22e225b1bd12d2d4782d,1.5274510809977073
rb_g014_v0,rb_g014,train,v0,0,0,1.8,333.33,333.33,43.83288646224605,33.84018600674916,35.09676848240736,43.83015297341461,0.7701032813138076,0.2298967188291928,-1.430003337965502e-10,7.714105611539877e-11,1202,440f133e7959fdb53fff349835e698f0391974e597fa507be28a682334e85a84,99b158bd4f80c10702da1e6d13c89247e211bcd03d3870e3d4f4daad5df5cf57,1.5498201359878294
rb_g014_v1,rb_g014,train,v1,0,0,2.5,500.0,333.33,45.195018594166356,34.018587245784744,35.27522078554392,45.195018594166356,0.833352373574531,0.16664762653301396,-1.0754492851816621e-10,7.926471552635596e-11,1191,440f133e7959fdb53fff349835e698f0391974e597fa507be28a682334e85a84,99b158bd4f80c10702da1e6d13c89247e211bcd03d3870e3d4f4daad5df5cf57,1.5529914109793026
rb_g014_v2,rb_g014,train,v2,1,1,7.000000000000001,1000.0,333.33,73.01162453894563,52.38208582271104,54.29217838232448,73.00979491301354,0.9079672665370728,0.09203273350046794,-3.754081172908334e-11,9.087057966809268e-11,1188,440f133e7959fdb53fff349835e698f0391974e597fa507be28a682334e85a84,99b158bd4f80c10702da1e6d13c89247e211bcd03d3870e3d4f4daad5df5cf57,1.555694089998724
rb_g014_v3,rb_g014,train,v3,1,1,7.000000000000001,1000.0,500.0,72.11188905927793,50.50510920519143,52.89224408183121,72.04459342916363,0.8989193403090557,0.1010806597298389,-3.8894633545640185e-11,9.079594198011136e-11,1174,440f133e7959fdb53fff349835e698f0391974e597fa507be28a682334e85a84,99b158bd4f80c10702da1e6d13c89247e211bcd03d3870e3d4f4daad5df5cf57,1.5490987779921852
rb_g014_v4,rb_g014,train,v4,2,2,16.5,2050.0,500.0,98.61657644996939,62.34486780757627,65.24794302772224,98.44933037116317,0.9465965110250723,0.05340348899224946,-1.7321665987079733e-11,1.162120119072281e-10,1161,440f133e7959fdb53fff349835e698f0391974e597fa507be28a682334e85a84,99b158bd4f80c10702da1e6d13c89247e211bcd03d3870e3d4f4daad5df5cf57,1.5190209579886869
rb_g014_v5,rb_g014,train,v5,2,2,16.999999999999996,2050.0,1000.0,100.44955709876291,61.659072923768136,65.52936868083162,100.32434816912553,0.9404385547518253,0.05956144526297232,-1.4797561868650683e-11,1.1559111302479559e-10,1127,440f133e7959fdb53fff349835e698f0391974e597fa507be28a682334e85a84,99b158bd4f80c10702da1e6d13c89247e211bcd03d3870e3d4f4daad5df5cf57,1.4600530600000639
rb_g014_v6,rb_g014,train,v6,3,3,25.0,2500.0,1000.0,127.01729225050303,75.71955171758373,80.4595549976491,126.78527758900896,0.9500750938429856,0.04992490616834315,-1.1328733506843492e-11,1.0988354206460676e-10,1113,440f133e7959fdb53fff349835e698f0391974e597fa507be28a682334e85a84,99b158bd4f80c10702da1e6d13c89247e211bcd03d3870e3d4f4daad5df5cf57,1.4447091020119842
rb_g014_v7,rb_g014,train,v7,3,3,24.999999999999996,2500.0,1000.0,126.65745667843032,75.71607789941613,80.4564780532762,126.40914455723367,0.9500787022216075,0.04992129779090534,-1.2512799685282518e-11,1.0762840969514974e-10,1159,440f133e7959fdb53fff349835e698f0391974e597fa507be28a682334e85a84,99b158bd4f80c10702da1e6d13c89247e211bcd03d3870e3d4f4daad5df5cf57,1.4957629189884756
rb_g015_v0,rb_g015,test,v0,0,0,1.8,333.33,333.33,44.1622779053028,33.83951886863715,35.09636525511678,44.1220673395415,0.7701131059180004,0.22988689422612607,-1.4412653169691855e-10,7.690506136137544e-11,1198,667ff5202f2e3027eef2d568765a9b7c2176f0094b8a715e85f41d83e4583305,18b19bd5aaf7ed56a11af5f268f734b5d400a90e2f136b4c838924712f83e895,1.5543601980025414
rb_g015_v1,rb_g015,test,v1,0,0,2.4999999999999996,500.0,333.33,45.519076237267484,34.0136775786319,35.2713553051545,45.44258467640003,0.8333947893944004,0.1666052107129796,-1.0737990496778595e-10,7.821171854497262e-11,1180,667ff5202f2e3027eef2d568765a9b7c2176f0094b8a715e85f41d83e4583305,18b19bd5aaf7ed56a11af5f268f734b5d400a90e2f136b4c838924712f83e895,1.4494063279998954
rb_g015_v2,rb_g015,test,v2,1,1,6.999999999999999,1000.0,333.33,74.74370119230122,52.36394566719726,54.28002051972857,74.50683221347555,0.9080199867096945,0.09198001332774286,-3.743733894318829e-11,8.985405343187397e-11,1189,667ff5202f2e3027eef2d568765a9b7c2176f0094b8a715e85f41d83e4583305,18b19bd5aaf7ed56a11af5f268f734b5d400a90e2f136b4c838924712f83e895,1.509979486989323
rb_g015_v3,rb_g015,test,v3,1,1,6.999999999999999,1000.0,500.0,73.84978859376082,50.48676719038295,52.87979767817839,73.64334346885352,0.8989819389146965,0.10101806112363836,-3.8334843236295266e-11,9.071078168427758e-11,1166,667ff5202f2e3027eef2d568765a9b7c2176f0094b8a715e85f41d83e4583305,18b19bd5aaf7ed56a11af5f268f734b5d400a90e2f136b4c838924712f83e895,1.46513856301317
rb_g015_v4,rb_g015,test,v4,2,2,16.499999999999996,2050.0,500.0,100.65236922392018,62.30364117723779,65.2239203731809,100.21169317572321,0.9466539769401943,0.05334602307728592,-1.748016546324986e-11,1.1650013008430268e-10,1166,667ff5202f2e3027eef2d568765a9b7c2176f0094b8a715e85f41d83e4583305,18b19bd5aaf7ed56a11af5f268f734b5d400a90e2f136b4c838924712f83e895,1.4895909680053592
rb_g015_v5,rb_g015,test,v5,2,2,17.0,2050.0,1000.0,102.0324420140895,61.63630673587632,65.51748367496721,101.66953448346027,0.9404760108451032,0.05952398917167447,-1.6777690348135366e-11,1.1434023702892036e-10,1169,667ff5202f2e3027eef2d568765a9b7c2176f0094b8a715e85f41d83e4583305,18b19bd5aaf7ed56a11af5f268f734b5d400a90e2f136b4c838924712f83e895,1.501033214997733
rb_g015_v6,rb_g015,test,v6,3,3,25.0,2500.0,1000.0,130.67538701001558,75.67791091073602,80.43503774472087,129.9221774784046,0.9501205023793841,0.04987949763201014,-1.1394245547080573e-11,1.0920809017808767e-10,1169,667ff5202f2e3027eef2d568765a9b7c2176f0094b8a715e85f41d83e4583305,18b19bd5aaf7ed56a11af5f268f734b5d400a90e2f136b4c838924712f83e895,1.506278235989157
rb_g015_v7,rb_g015,test,v7,3,3,25.0,2500.0,1000.0,132.64327345331253,75.67058992575173,80.42689745025577,130.1799149343994,0.9501284929126078,0.04987150709976981,-1.2377592284451566e-11,1.1101806718655122e-10,1157,667ff5202f2e3027eef2d568765a9b7c2176f0094b8a715e85f41d83e4583305,18b19bd5aaf7ed56a11af5f268f734b5d400a90e2f136b4c838924712f83e895,1.4898700510093477
