sample_id,true_cv_rms_deltaT_K,total_power_W,source_occupancy_fraction,q_weighted_inverse_kz_mK_W,generator_condition_category,true_point_squared_sum_K2,cv_volume_m3,attention_residual_mean_pool_cosine,attention_residual_l2_norm,mean_pool_l2_norm,attention_residual_to_mean_pool_norm_ratio,v13_sample_relative_rmse_pct,v32_sample_relative_rmse_pct,v32_minus_v13_sample_relative_rmse_pct,v13_sample_point_relative_rmse_pct,v32_sample_point_relative_rmse_pct,v32_minus_v13_sample_point_relative_rmse_pct,v13_raw_cv_rmse_K,v32_raw_cv_rmse_K,v32_minus_v13_raw_cv_rmse_K,v13_shape_cv_rmse,v32_shape_cv_rmse,v32_minus_v13_shape_cv_rmse,v13_scale_log_abs_error,v32_scale_log_abs_error,v32_minus_v13_scale_log_abs_error,v13_scale_log_signed_error,v32_scale_log_signed_error,v32_minus_v13_scale_log_signed_error,v13_point_sse_K2,v32_point_sse_K2,v32_minus_v13_point_sse_K2,v13_raw_cv_sse_K2_m3,v32_raw_cv_sse_K2_m3,v32_minus_v13_raw_cv_sse_K2_m3
sample_0014,1.2896650226372384,1.4152010381866746,0.0634765625,0.1661538199456739,nominal_to_hard,1212.4752217344799,2.0000000000000004e-07,0.20721859392373515,8.107369754642257,10.347610756041558,0.7835016165358448,10.967317338454977,16.66213857574523,5.694821237290254,11.338921322994818,16.34989021125475,5.0109688882599315,0.14144165563568314,0.21488577323473276,0.07344411759904962,0.10974932447730243,0.1300103929867485,0.020261068509446062,0.010500142194885839,0.11991563041544924,0.1094154882205634,-0.010500142194885839,-0.11991563041544924,-0.1094154882205634,15.58893175627281,32.411755457917316,16.822823701644506,4.001148389792636e-09,9.2351791077378e-09,5.2340307179451645e-09
sample_0023,0.2629658707962856,0.4648959858257915,0.095703125,0.13091247094509895,low_to_nominal,51.79908573660821,2.0000000000000004e-07,0.029494652298582676,7.763336980638281,11.02298631415189,0.7042861851938708,16.94346661816186,16.61343267512625,-0.33003394303560896,16.83859377940917,16.279793721619875,-0.5588000577892949,0.0445555345355273,0.04368765790330039,-0.0008678766322269063,0.1682276596608464,0.16059933667661688,-0.007628322984229524,0.010448366996522906,0.03105514009940752,0.020606773102884612,0.010448366996522906,0.03105514009940752,0.020606773102884612,1.468702162760675,1.3728398902671985,-0.09586227249347634,3.970391315493132e-10,3.8172229061516116e-10,-1.5316840934152065e-11
sample_0027,0.5366140210141005,0.7282132765770551,0.029296875,0.02931186123869092,nominal_to_hard,290.03830779957553,2.0000000000000004e-07,0.018642549127675337,9.593686691526857,13.37845477000822,0.7170997590120762,18.214408424309287,20.688216753395274,2.473808329085987,20.357853385391937,21.356197173597995,0.9983437882060571,0.09774106944961712,0.11101587179650717,0.013274802346890047,0.1302104864679986,0.10538673251785012,-0.024823753950148478,0.14632560588510243,0.20293351534255175,0.05660790945744931,-0.14632560588510243,-0.20293351534255175,-0.05660790945744931,12.020411276224408,13.228274743352936,1.2078634671285275,1.910663331430976e-09,2.4649047581477037e-09,5.542414267167277e-10
sample_0037,0.22343163865336263,0.8964694359693468,0.048828125,0.06878508785006869,low_to_nominal,41.84965916775464,2.0000000000000004e-07,0.11703796742247691,9.193351505827016,11.92204718394855,0.7711218856946516,19.268520728437093,18.710520158740692,-0.5580005696964001,19.17721231673097,18.43379150929686,-0.7434208074341093,0.043051971607809845,0.041805221791242075,-0.0012467498165677701,0.19351773858845886,0.16569705055687767,-0.027820688031581192,0.024413011842302598,0.07162914266530174,0.047216130822999136,-0.024413011842302598,0.07162914266530174,0.09604215450760434,1.539085966695326,1.4220709598345755,-0.1170150068607505,3.7069445186393303e-10,3.4953531380298836e-10,-2.1159138060944665e-11
sample_0053,0.4663458019698718,1.2023210060093878,0.03125,0.016987060677941188,nominal_to_hard,190.7651280653868,2.0000000000000004e-07,0.13809516408632172,7.3651103551137975,11.436693024767354,0.6439895115803039,21.861721756241923,24.966838439159773,3.105116682917849,21.191370908954994,24.319531173172006,3.128160264217012,0.10195122164856833,0.11643180294562186,0.014480581297053527,0.20111814562501704,0.14673638586305282,-0.054381759761964216,0.06563093454035517,0.17522793415477417,0.109596999614419,0.06563093454035517,0.17522793415477417,0.109596999614419,8.566769746479869,11.282605036599824,2.715835290119955,2.078810319127102e-09,2.7112729474336246e-09,6.324626283065227e-10
sample_0059,0.6962427182377497,0.8617255690152267,0.330078125,0.1566749154602221,low,403.6221165488994,2.0000000000000004e-07,0.11061102539978358,8.90407071844699,13.505912829526855,0.6592720411300715,7.853657605389213,7.546967734641676,-0.30668987074753673,8.590747463599572,7.83386576502223,-0.7568816985773417,0.05468051919284762,0.052545213300195126,-0.0021353058926524907,0.06112249758932056,0.07462066199065646,0.013498164401335902,0.04639018421531344,0.008803719560634565,-0.03758646465467888,0.04639018421531344,0.008803719560634565,-0.03758646465467888,2.9787692406619213,2.4770068440427044,-0.5017623966192168,5.979918358398755e-10,5.521998881526006e-10,-4.5791947687274874e-11
sample_0061,0.08382224791294639,0.317940960587773,0.0546875,0.04472198983289229,nominal_to_hard,5.432192680931734,2.0000000000000004e-07,0.016909178109486524,8.870557704383623,11.92148630111395,0.7440815247638001,23.598114479250494,14.021686758196648,-9.576427721053847,23.65773155974104,14.645227695771004,-9.012503863970037,0.019780470021578248,0.011753293036032368,-0.00802717698554588,0.13037134539161532,0.12177667720522192,-0.0085946681863934,0.1725943530099914,0.06061192201813585,-0.11198243099185555,0.1725943530099914,0.06061192201813585,-0.11198243099185555,0.30403344834425405,0.11651113219510038,-0.18752231614915366,7.825339885491117e-11,2.7627979438169396e-11,-5.062541941674177e-11
sample_0075,0.1759556525077124,0.8805630931734794,0.095703125,0.022238888292977488,nominal_to_hard,28.152606406487777,2.0000000000000004e-07,0.15007760163133016,10.153665984098174,13.649155139365678,0.7439043574802571,14.63715056739106,19.50942994856277,4.872279381171708,13.967594789775742,19.748537674123742,5.780942884348001,0.025754893789389267,0.03432794476652867,0.008573050977139406,0.14451049408820002,0.112110871614785,-0.03239962247341502,0.014948282865465803,0.1428045152781479,0.12785623241268207,0.014948282865465803,0.1428045152781479,0.12785623241268207,0.549239626704646,1.097964994938121,0.548725368233475,1.326629108205444e-10,2.3568155837876873e-10,1.0301864755822433e-10
sample_0077,0.5243418484033366,1.8535252654421974,0.0947265625,0.027687064537294966,nominal_to_hard,242.5605229172584,2.0000000000000004e-07,0.025195044860506846,6.879867259386489,10.73231615627291,0.6410421719980071,13.807687327405052,15.83483107615773,2.027143748752678,14.120341176371157,16.25360975706031,2.133268580689153,0.07239948295426893,0.08302864595627141,0.010629163002002479,0.13674105471489328,0.13288547918147248,-0.0038555755334208075,0.011899147242276288,0.07486279192384288,0.0629636446815666,0.011899147242276288,0.07486279192384288,0.0629636446815666,4.8362695775701425,6.407959774169108,1.5716901965989658,1.0483370264090958e-09,1.3787512098663733e-09,3.304141834572776e-10
sample_0084,0.1663770492536331,1.7108204773726943,0.048828125,0.005993259095147739,nominal_to_hard,24.385466756225213,2.0000000000000004e-07,0.14461452760680557,10.494826888122992,13.490938286542411,0.777916751616296,8.97871205030884,8.874080406939477,-0.10463164336936259,9.259393756946897,9.069454888087055,-0.18993886885984246,0.014938516170284232,0.014764433129460701,-0.00017408304082353054,0.08145230635385026,0.08675731274971313,0.005305006395862871,0.04211610612881324,0.023060465183066082,-0.019055640945747156,-0.04211610612881324,-0.023060465183066082,0.019055640945747156,0.2090721467401481,0.20058268598553114,-0.008489460754616956,4.463185307396871e-11,4.359769712686335e-11,-1.0341559471053576e-12
sample_0085,0.35151646004990067,3.3216821015742886,0.125,0.01616437095858523,nominal_to_hard,104.68335266696718,2.0000000000000004e-07,0.22139245924314238,9.593203614748594,12.022736654885273,0.797921795188829,21.103717812219816,19.985254215701655,-1.1184635965181613,21.835787542081448,21.220047438697062,-0.6157401033843861,0.07418304179243544,0.070251458151008,-0.003931583641427441,0.21033791098772775,0.18754765217478658,-0.022790258812941167,0.05142056256985193,0.052270335564159214,0.000849772994307281,-0.05142056256985193,0.052270335564159214,0.10369089813401114,4.991319188561316,4.713791013809628,-0.277528174751688,1.100624737915645e-09,9.87053474468566e-10,-1.1357126344707904e-10
sample_0108,0.2914894514933416,0.76438808902289,0.3828125,0.0474323751029032,low,77.55964209641094,2.0000000000000004e-07,0.027528856399934378,10.350894128173922,15.33987851123765,0.674770280650599,13.301293825425548,11.284609260329832,-2.0166845650957157,13.488722606950104,11.785197402603334,-1.7035252043467697,0.03877186841325064,0.03289344563610226,-0.005878422777148382,0.10552893813654148,0.10418858266442935,-0.0013403554721121286,0.07287186643004807,0.03754436089379592,-0.035327505536252156,0.07287186643004807,0.03754436089379592,-0.035327505536252156,1.4111638530718964,1.0772326774045888,-0.33393117566730757,3.0065155605088467e-10,2.1639575316304306e-10,-8.425580288784161e-11
sample_0130,0.3034592316489574,0.4561463195884825,0.041015625,0.14285714285714285,nominal_to_hard,76.2737900170437,2.0000000000000004e-07,0.2188594324174013,9.534580152281931,11.782843155036167,0.8091918076840993,13.488172124007903,16.084298031028283,2.5961259070203795,13.357186111827371,15.943245448273801,2.5860593364464304,0.040931103491003235,0.04880928722108681,0.007878183730083574,0.13344879035123697,0.12783121486922064,-0.005617575482016329,0.012552278340898192,0.08598575964752775,0.07343348130662955,0.012552278340898192,0.08598575964752775,0.07343348130662955,1.3608344070094331,1.938781161592925,0.5779467545834918,3.3507104659824345e-10,4.764693038061097e-10,1.4139825720786622e-10
sample_0153,0.5671374625740733,2.2724052797735133,0.1328125,0.03614716435267327,nominal_to_hard,269.80825827908126,2.0000000000000004e-07,0.18886981668870417,8.84650348831099,11.24642109922567,0.786606104311716,45.05353285439422,41.235349476652594,-3.818183377741626,43.42415796576141,39.81090413929382,-3.6132538264675915,0.2555154630303878,0.23386111470543894,-0.021654348324948863,0.185289143011148,0.20452259213834706,0.01923344912719907,0.33207887405870046,0.2909921629493405,-0.041086711109359964,0.33207887405870046,0.2909921629493405,-0.041086711109359964,50.87659644463966,42.76212908604057,-8.114467358599093,1.3057630369526699e-08,1.0938204194254096e-08,-2.1194261752726028e-09
sample_0155,0.23407834265904284,0.6541696288499962,0.3828125,0.04652015129044325,low,48.31053007844882,2.0000000000000004e-07,0.07096955516562829,11.870196717748327,16.013502327809938,0.74126174741511,6.5166673584708334,9.695804546398227,3.1791371879273935,6.463574137635029,9.917855535751842,3.4542813981168132,0.015254106949311353,0.022695778589669095,0.007441671640357741,0.06101113490521048,0.07842312944694034,0.017411994541729862,0.0251486878149142,0.06205909642516713,0.03691040861025293,-0.0251486878149142,-0.06205909642516713,-0.03691040861025293,0.20183072109724043,0.4752010141220276,0.27337029302478716,4.6537555764205794e-11,1.0301967315825645e-10,5.6482117394050655e-11
sample_0162,0.104607551461206,0.4141624405834521,0.35546875,0.030353168486562592,low,9.74810167550385,2.0000000000000004e-07,0.11542319558213404,11.696583506943735,15.773764129374522,0.7415213902661255,5.975861955108397,6.068149661231398,0.09228770612300075,6.254044720717257,6.211241990988291,-0.04280272972896615,0.006251202869940647,0.006347742779615632,9.65399096749843e-05,0.05848762918818827,0.0591785414338447,0.0006909122456564276,0.014188602653780217,0.011715579061272699,-0.0024730235925075183,-0.014188602653780217,0.011715579061272699,0.025904181715052918,0.03812782355360389,0.03760771524772198,-0.0005201083058819084,7.81550746423084e-12,8.058767679232479e-12,2.432602150016398e-13
sample_0169,1.3291137206236883,0.9069508309957184,0.28125,0.29810829449408915,low,1446.643988493216,2.0000000000000004e-07,0.09582288852050568,10.79979839855162,14.06818218710349,0.7676754718496576,7.8818285887643125,6.82108133585556,-1.0607472529087527,8.109122984745447,7.048239379537192,-1.0608836052082555,0.1047584652093069,0.09065992792975781,-0.014098537279549087,0.06400003089321228,0.06824857089758422,0.004248540004371942,0.04306046775049137,0.002854118681509696,-0.04020634906898167,0.04306046775049137,-0.002854118681509696,-0.04591458643200107,9.512823540639006,7.186591474914813,-2.3262320657241933,2.1948672066019136e-09,1.6438445064457766e-09,-5.51022700156137e-10
sample_0171,0.07917458795069666,0.08925043216177896,0.0478515625,0.14073915173609866,nominal_to_hard,4.522029030624914,2.0000000000000004e-07,0.10759136954506389,9.65935745183402,11.250068549434667,0.8586043195549611,16.48871563179714,20.005595510223966,3.516879878426824,17.120301132984036,20.24409460987649,3.1237934768924553,0.013054872659837496,0.015839347812302895,0.0027844751524653995,0.14138120439786084,0.18869104331085004,0.047309838912989205,0.10029403906093154,0.04975077283687674,-0.0505432662240548,-0.10029403906093154,0.04975077283687674,0.15004481189780827,0.13254280116306166,0.1853233161074393,0.05278051494437763,3.4085940032914516e-11,5.0176987823820916e-11,1.60910477909064e-11
sample_0194,0.9539930273758233,5.267275463145131,0.166015625,0.017520530824304558,nominal_to_hard,837.5578566425703,2.0000000000000004e-07,0.1313592915233622,8.538330902477743,10.88586332022815,0.7843503681156629,10.345631142594282,13.213901410137769,2.868270267543487,10.805537494405652,13.090286515516702,2.2847490211110504,0.09869659973837117,0.12605969809702988,0.027363098358658716,0.09705364421294727,0.10753628982213677,0.010482645609189503,0.041705768256881236,0.08641790022770973,0.044712131970828496,-0.041705768256881236,-0.08641790022770973,-0.044712131970828496,9.779295427555736,14.352022994610454,4.572727567054718,1.94820375998325e-09,3.1782094968628648e-09,1.2300057368796146e-09
sample_0195,0.47324039844335775,0.5286219583743985,0.029296875,0.05562602576705639,low_to_nominal,200.8743728297319,2.0000000000000004e-07,0.004276692528101459,8.11709814722432,11.991282946868763,0.6769165720790457,11.918930284333422,11.90291125148864,-0.0160190328447829,12.615097271452413,12.686667726121762,0.07157045466934875,0.056405193167765516,0.05632938463290409,-7.580853486142264e-05,0.11053368773068992,0.09710233466185916,-0.013431353068830754,0.038161556563319675,0.06230573492159131,0.024144178358271637,0.038161556563319675,0.06230573492159131,0.024144178358271637,3.1967284119610984,3.2331039250328555,0.036375513071757126,6.363091632585885e-10,6.345999146243305e-10,-1.7092486342579684e-12
sample_0196,0.11565347010374963,0.5832441424971047,0.330078125,0.024069037123757155,low,12.116959260659277,2.0000000000000004e-07,0.05867058812716967,12.186835087404734,16.016812462589765,0.760877678743467,7.198421634809617,5.53158903582963,-1.6668325989799868,7.707083307483719,6.03160275544245,-1.675480552041269,0.008325224413356385,0.006397474671815514,-0.0019277497415408707,0.0710411969571559,0.055188165988654475,-0.015853030968501422,0.009317617366337618,0.005592260834614783,-0.003725356531722836,0.009317617366337618,-0.005592260834614783,-0.014909878200952402,0.07197368759941017,0.04408177866074096,-0.027891908938669212,1.3861872306549037e-11,8.185536435304206e-12,-5.6763358712448315e-12
sample_0206,0.057751311223483696,0.9095893439705849,0.01953125,0.0015389963689589417,nominal_to_hard,3.0892330235724597,2.0000000000000004e-07,0.19123086902807326,13.99032200860282,21.330960984820816,0.6558692793333775,28.49226682851137,63.45029867743202,34.958031848920655,28.649285298134952,65.40016181440271,36.75087651626775,0.01645465769075901,0.03664337946143373,0.020188721770674718,0.2663274724564673,0.34744585854217114,0.08111838608570382,0.06935064216488329,0.9031247247492353,0.833774082584352,0.06935064216488329,-0.9031247247492353,-0.9724753669141186,0.25355854635107,1.3213209303801536,1.0677623840290837,5.4151151944010944e-11,2.685474516709247e-10,2.1439629972691378e-10
sample_0213,0.5267958684596359,0.2541957089161052,0.015625,0.3338061608476159,nominal_to_hard,200.7249510433949,2.0000000000000004e-07,0.35526887590482925,13.878018283345533,16.756619023997676,0.8282111244201704,13.229970100689215,17.772557194585296,4.542587093896081,13.432517208099926,18.424843012827353,4.992325804727427,0.06969493588887592,0.09362509702070113,0.02393016113182521,0.07128704888792782,0.09282576964936658,0.021538720761438757,0.10340390819121098,0.13742065971020054,0.03401675151898956,0.10340390819121098,0.13742065971020054,0.03401675151898956,3.6217308451762347,6.814107064896521,3.1923762197202863,9.71476817710905e-10,1.75313175842714e-09,7.81654940716235e-10
sample_0224,0.6197833329296856,0.9832053204198379,0.3828125,0.1960241993555455,low,320.237723094359,2.0000000000000004e-07,0.08467175355250832,9.350456998889458,14.53178734484487,0.6434485157950318,8.131324564974317,7.906826784876129,-0.22449778009818822,8.724903304694498,8.691848816361993,-0.033054488332505017,0.050396594400128086,0.04900519457628238,-0.0013913998238457084,0.08079537648707392,0.07633329494017335,-0.004462081546900573,0.006441740397831999,0.01774899269947167,0.011307252301639672,0.006441740397831999,0.01774899269947167,0.011307252301639672,2.4377756474425265,2.4193395031276674,-0.01843614431485907,5.079633454262045e-10,4.803018190918593e-10,-2.7661526334345163e-11
sample_0226,0.058075400567802395,0.08353949202471203,0.095703125,0.10109604834870858,nominal_to_hard,2.589466040242577,2.0000000000000004e-07,0.19793630452008348,10.604886927636667,12.699434079880922,0.8350676778926283,14.235189115353245,20.680055822686683,6.444866707333437,14.916309558243713,21.061162881934923,6.14485332369121,0.008267143100325603,0.012010025256670434,0.0037428821563448306,0.13363135410881338,0.12443210774085978,-0.009199246367953606,0.060592097325102394,0.1900703373005033,0.1294782399754009,-0.060592097325102394,-0.1900703373005033,-0.1294782399754009,0.057614658920326065,0.11486161373147767,0.05724695481115161,1.3669131008252248e-11,2.8848141333172352e-11,1.5179010324920102e-11
sample_0229,0.8969272992883323,2.751753500691085,0.1806640625,0.04203707317954375,nominal_to_hard,684.3413259684132,2.0000000000000004e-07,0.09690193653938543,10.603792701063828,12.515893681888658,0.847226172623073,21.025792645665003,24.315691979745672,3.289899334080669,21.8626184207138,24.73564981751322,2.873031396799419,0.1885860741307279,0.2180940793772025,0.029508005246474595,0.1759276687325347,0.1866362284115341,0.010708559678999391,0.14116422480599544,0.1914586120937239,0.05029438728772845,-0.14116422480599544,-0.1914586120937239,-0.05029438728772845,32.70974185666276,41.87158634792978,9.161844491267018,7.11294147120808e-09,9.513005491877901e-09,2.4000640206698213e-09
sample_0234,0.38896814091839,1.1882882625237867,0.0244140625,0.05103742403173486,nominal_to_hard,112.22124107050782,2.0000000000000004e-07,0.10889741269902502,10.159359729281906,14.563483235572239,0.6975913361486914,16.141071879932774,15.0746093158815,-1.0664625640512746,16.316294258019724,15.29495340404877,-1.0213408539709548,0.06278362721567553,0.0586354276066947,-0.004148199608980829,0.16014919604987796,0.12634289565977988,-0.033806300390098076,0.010992394988976393,0.09496825636990777,0.08397586138093138,0.010992394988976393,-0.09496825636990777,-0.10596065135888416,2.9875702451629804,2.6252543321279056,-0.3623159130350748,7.883567692713828e-10,6.876226741239871e-10,-1.0073409514739569e-10
sample_0240,0.08668854138869422,0.10661600730841958,0.0478515625,0.22418058396067897,nominal_to_hard,5.4059686157488205,2.0000000000000004e-07,0.37649119348659615,16.912492746414983,17.183885363766656,0.984206562625009,17.688949229612348,15.18747768997899,-2.501471539633357,18.25680873171355,16.22066950111167,-2.036139230601883,0.01533429207413761,0.013165802883176137,-0.002168489190961473,0.16642432881670555,0.15208591520749482,-0.014338413609210732,0.0783592092464842,0.020106897412603592,-0.058252311833880605,-0.0783592092464842,-0.020106897412603592,0.058252311833880605,0.1801869157030621,0.14223650461475099,-0.037950411088311126,4.7028102682991924e-11,3.466767311172982e-11,-1.2360429571262103e-11
sample_0262,1.4815468124091347,0.6019470200550041,0.0244140625,0.5822071184545925,nominal_to_hard,1545.3241113879365,2.0000000000000004e-07,0.3654242981280302,15.443378605863707,17.859692455158996,0.8647057414139678,15.593229654889903,10.716219550573463,-4.87701010431644,15.68120997466424,10.851894805881882,-4.829315168782358,0.23102099690365727,0.15876580916228564,-0.07225518774137163,0.14118679300874734,0.10629190595807331,-0.034894887050674034,0.05540608539263452,0.00906372678519699,-0.04634235860743753,0.05540608539263452,0.00906372678519699,-0.04634235860743753,37.99957340889153,18.19829627870071,-19.80127713019082,1.0674140202071927e-08,5.041316431791061e-09,-5.632823770280866e-09
sample_0265,0.2449745382555374,0.4899694198487844,0.041015625,0.005875170317264867,low_to_nominal,53.396676743242665,2.0000000000000004e-07,0.18579465595138678,10.07382070131043,12.30588573486664,0.8186180920539484,31.43375964036951,27.755317314608686,-3.678442325760823,31.23943932356307,27.662471651010414,-3.576967672552655,0.07700470753535067,0.06799346043282184,-0.009011247102528833,0.2849744565165138,0.23595720128097022,-0.049017255235543594,0.0936054714800786,0.11416776332935619,0.02056229184927759,0.0936054714800786,0.11416776332935619,0.02056229184927759,5.210995402317312,4.085979584374124,-1.1250158179431882,1.185944996520979e-09,9.246221323259419e-10,-2.6132286419503707e-10
sample_0271,1.3831723659142101,2.0843405365328556,0.0517578125,0.03272332120263857,nominal_to_hard,1853.273310980898,2.0000000000000004e-07,0.13813829238593314,9.864538478203716,13.848601930881758,0.7123129488043295,25.81728136537464,27.60964188720792,1.792360521833281,26.463880241365352,28.657920479639614,2.194040238274262,0.3570975014761809,0.38188893691173453,0.02479143543555362,0.11385491341473421,0.14561557166586425,0.031760658251130044,0.27218109194836143,0.2815889565046412,0.009407864556279788,-0.27218109194836143,-0.2815889565046412,-0.009407864556279788,129.7915791897338,152.2049644580917,22.4133852683579,2.550372511210621e-08,2.9167832027114954e-08,3.664106915008744e-09
sample_0281,1.4172206963127103,1.5914250429244843,0.048828125,0.09395981479067918,nominal_to_hard,1615.1042070611625,2.0000000000000004e-07,0.11262646661085607,7.563089195090118,11.351788792910673,0.6662464685577446,18.626744270746975,15.322824954168635,-3.303919316578341,18.614047952237197,15.779686149143021,-2.8343618030941755,0.26398207485426817,0.21715824651024646,-0.04682382834402171,0.12808374713521353,0.13249340489500816,0.004409657759794627,0.11981364340141291,0.0664351650681016,-0.053378478333311316,0.11981364340141291,0.0664351650681016,-0.053378478333311316,55.9605797538989,40.21585167706059,-15.744728076838307,1.3937307168872889e-08,9.431540805480995e-09,-4.5057663633918936e-09
sample_0283,0.25939914864171104,0.38698123459717626,0.0361328125,0.1118546677894914,nominal_to_hard,47.53182930507547,2.0000000000000004e-07,0.2639702146934666,12.05831124710512,13.31264586077502,0.9057787139545469,19.716569108035287,19.13675430520717,-0.5798148028281176,20.54605805552141,20.073488908722677,-0.4725691467987332,0.051144612407598135,0.04964057774536339,-0.0015040346622347475,0.19508951143195857,0.19069722634772843,-0.004392285084230146,0.05480531232333453,0.0433302711623646,-0.01147504116096993,-0.05480531232333453,-0.0433302711623646,0.01147504116096993,2.006511026580147,1.9152710913973063,-0.09123993518284079,5.231542756646883e-10,4.928373917786935e-10,-3.0316883885994856e-11
sample_0304,0.22636690019492287,1.2985418653417093,0.0673828125,0.015819015021283835,nominal_to_hard,46.434051271630125,2.0000000000000004e-07,-0.0932503720005461,8.705590427013357,13.722085450805533,0.6344218200814592,40.76541198961029,37.85208183768189,-2.913330151928406,41.728936004855775,39.768674485962016,-1.960261518893759,0.09227939947257026,0.08568458431520587,-0.006594815157364389,0.32336636177327305,0.34772422232846073,0.024357860555187683,0.18347862617616703,0.09608588574251575,-0.08739274043365128,0.18347862617616703,0.09608588574251575,-0.08739274043365128,8.085580386342004,7.343765632769638,-0.741814753572366,1.7030975134036405e-09,1.4683695978539252e-09,-2.347279155497153e-10
sample_0323,1.1575128402634633,1.8735566741125684,0.0478515625,0.06855365385024924,nominal_to_hard,1139.5867925495845,2.0000000000000004e-07,0.02655626211393789,7.848016424620064,11.066597570016395,0.7091625384375875,13.175366298007646,14.16208595306466,0.9867196550570139,13.139754634972393,14.194709897068734,1.0549552620963407,0.15250655665118343,0.16392796335587173,0.011421406704688303,0.1311613676699488,0.11982326417235165,-0.011338103497597146,0.024044667079294035,0.0866588464319322,0.06261417935263816,-0.024044667079294035,-0.0866588464319322,-0.06261417935263816,19.675325156000817,22.961510244858975,3.286185088858158,4.651649964320125e-09,5.374475434000806e-09,7.228254696806805e-10
sample_0325,1.6250987103360819,1.2053004532078577,0.048828125,0.2137795872406109,nominal_to_hard,1926.2213582881873,2.0000000000000004e-07,0.4219754148467356,12.047104555493085,12.285845384085794,0.9805678143319339,20.952929185243008,21.788229909573133,0.8353007243301249,20.81761662873286,21.643892025238927,0.8262753965060661,0.34050578196701664,0.35408024326553345,0.013574461298516804,0.20923644608862424,0.18394851008090551,-0.025287936007718725,0.002638254594819075,0.14492119631927092,0.14228294172445186,0.002638254594819075,-0.14492119631927092,-0.14755945091408998,83.47726409476326,90.23539244870793,6.75812835394467,2.3188837510593903e-08,2.5074563734195878e-08,1.885726223601974e-09
sample_0334,0.009529631065595099,0.12793763435336566,0.0478515625,0.0045938694252734375,low_to_nominal,0.07691464630910275,2.0000000000000004e-07,0.006644787642648133,7.134256455165453,11.618209633597267,0.614058162157341,16.833171382750468,27.58472214707694,10.75155076432647,17.777900235183747,27.90562602600291,10.127725790819163,0.0016041391294154526,0.0026287222510859355,0.0010245831216704829,0.16877660587764465,0.1136300498457167,-0.055146556031927946,0.006995337146698484,0.21912197497067068,0.2121266378239722,-0.006995337146698484,0.21912197497067068,0.22611731211736916,0.0024309161378499896,0.005989527825603181,0.0035586116877531914,5.146524693043533e-13,1.382036134670862e-12,8.673836653665087e-13
sample_0348,1.7594226076455959,0.9789987202397752,0.0703125,0.4820003572062815,low_to_nominal,2206.8572181233667,2.0000000000000004e-07,0.5702074915461955,17.964781493227584,18.74558406440592,0.9583473863233248,25.22496935587362,19.793276752225232,-5.431692603648386,24.813444416565,19.99589990392492,-4.817544512640083,0.44381381361891403,0.34824738597251065,-0.09556642764640338,0.23572228539868692,0.19099213273842316,-0.044730152660263756,0.06412122812478681,0.0361631844535398,-0.02795804367124701,0.06412122812478681,0.0361631844535398,-0.02795804367124701,135.8777489753095,88.23809912836234,-47.63964984694715,3.939414023179284e-08,2.4255248367337365e-08,-1.5138891864455478e-08
sample_0360,0.5414195306327659,2.805297165604597,0.0556640625,0.016365732652260396,nominal_to_hard,272.8303519265439,2.0000000000000004e-07,0.08170442545721229,9.795701507251557,11.810363127599667,0.829415776756259,18.184132166755766,25.069680619060662,6.885548452304896,18.55948930504963,25.76165473573005,7.20216543068042,0.09845244302689087,0.13573214713885173,0.03727970411196087,0.11446566645685027,0.12112681540380105,0.006661148946950773,0.12653941833218052,0.19250264968872982,0.0659632313565493,0.12653941833218052,0.19250264968872982,0.0659632313565493,9.397768154451793,18.106737021464063,8.70896886701227,1.9385767075926386e-09,3.6846431533845807e-09,1.746066445791942e-09
sample_0364,0.8546407191781071,1.893446082531892,0.0087890625,0.07913727193363315,nominal_to_hard,552.4710459924131,2.0000000000000004e-07,0.2531186514171331,11.954532433872316,16.2040884253131,0.737747913989264,25.38965806470872,21.619702804749622,-3.7699552599590973,25.920426469697972,22.40507354235226,-3.515352927345713,0.2169903562810889,0.18477078353468157,-0.03221957274640733,0.24477461188261174,0.21494683863169317,-0.029827773250918566,0.042907914508038075,0.009604315483798505,-0.03330359902423957,0.042907914508038075,0.009604315483798505,-0.03330359902423957,37.11878975890994,27.733345999742824,-9.385443759167117,9.416962943798782e-09,6.828048489604033e-09,-2.5889144541947496e-09
sample_0371,0.6640046958425427,0.9782791634570116,0.0244140625,0.161574263016375,nominal_to_hard,314.10071711693416,2.0000000000000004e-07,0.138795982467424,9.440307357821238,13.882979901666186,0.6799914301315272,34.23236485983779,26.841134653574304,-7.391230206263483,34.26610708541113,27.153675861575948,-7.112431223835181,0.2273045101672754,0.1782263945171534,-0.04907811565012199,0.3456361172022043,0.2707092418886371,-0.07492687531356718,0.02411680328838972,0.04796068967794695,0.02384388638955723,-0.02411680328838972,-0.04796068967794695,-0.02384388638955723,36.880641238757185,23.159340437524968,-13.721300801232218,1.0333468068477003e-08,6.352929540516804e-09,-3.980538527960199e-09
sample_0384,0.102519256834361,0.25386131360634556,0.3828125,0.05699899853767471,low,8.895322613334228,2.0000000000000004e-07,-0.008215444370388552,9.361859805695174,14.3965561975196,0.6502846706706247,16.784128563678642,14.918919621476585,-1.8652089422020577,16.858152698671418,14.963709047900506,-1.8944436507709117,0.017206963869607055,0.015294765523653456,-0.0019121983459535995,0.14375897521308148,0.1495556076427042,0.005796632429622722,0.07409282021921526,0.007259305077781281,-0.06683351514143399,0.07409282021921526,-0.007259305077781281,-0.08135212529699654,0.25280267797448064,0.1991774711629344,-0.05362520681154623,5.921592112199254e-11,4.678597048470768e-11,-1.2429950637284862e-11
sample_0408,0.18930178633627778,1.424522769759438,0.017578125,0.010578620367545937,nominal_to_hard,27.930643427313292,2.0000000000000004e-07,-0.12806402475365528,10.152515470819036,13.681278247172223,0.7420736050681124,36.96341144903585,41.08613483192175,4.122723382885894,36.70318935110973,40.445718608132296,3.742529257022568,0.06997239816385309,0.07777678717335951,0.007804389009506418,0.19308497838972555,0.16440854762165466,-0.028676430768070887,0.4070455646015735,0.4947722760129359,0.0877267114113624,-0.4070455646015735,-0.4947722760129359,-0.0877267114113624,3.7626043128063396,4.569051492815908,0.8064471800095685,9.792273009601587e-10,1.2098457246020124e-09,2.306184236418537e-10
sample_0411,0.027465730895437586,0.17799321134079638,0.0625,0.040613464660463214,low_to_nominal,0.5556297744257668,2.0000000000000004e-07,0.16543363488349702,10.878653720225063,13.67858655076363,0.7953053979555911,30.126146872429338,22.159302778723255,-7.966844093706083,30.632215524692906,22.86941142419113,-7.762804100501775,0.00827436642914573,0.006086214469509353,-0.0021881519596363766,0.16940335003318413,0.1400936261900382,-0.029309723843145924,0.3063649014244109,0.20062734342751554,-0.10573755799689538,-0.3063649014244109,-0.20062734342751554,0.10573755799689538,0.05213655464048829,0.02905999165924778,-0.023076562981240507,1.3693027960754774e-11,7.408401313773004e-12,-6.28462664698177e-12
sample_0419,0.4433530315066084,0.9386759976510927,0.3828125,0.05729896709097706,low,171.89720292391914,2.0000000000000004e-07,0.050077637586948345,9.685238948446681,13.959505269432277,0.693809612984986,12.208909184296436,11.446011658133699,-0.7628975261627371,12.468417587282627,12.353002790485865,-0.11541479679676137,0.054128568982466985,0.05074623967293557,-0.0033823293095314177,0.10775404221073667,0.10396083383606262,-0.003793208374674048,0.06560443394157606,0.05508562900589783,-0.010518804935678229,-0.06560443394157606,-0.05508562900589783,0.010518804935678229,2.6723386205327317,2.6230942113669204,-0.0492444091658113,5.859803960179375e-10,5.150361681886041e-10,-7.094422782933341e-11
sample_0426,1.2874419959677592,0.6777723821796975,0.3828125,0.7981004922230358,low,1287.0359776530988,2.0000000000000004e-07,0.1768561586570185,9.650213242767714,13.656513754877434,0.7066381227288797,24.221532375324493,23.584929532164224,-0.6366028431602686,24.64068680500708,23.646530871341557,-0.994155933665521,0.3118381798668547,0.3036422875164846,-0.008195892350370104,0.1186289345059417,0.11556948529085567,-0.003059449215086024,0.18586286587009188,0.18150749957840326,-0.004355366291688617,0.18586286587009188,0.18150749957840326,-0.004355366291688617,78.14411996041355,71.9657006642604,-6.178419296153152,1.9448610084534566e-08,1.8439727753648704e-08,-1.0088823308858618e-09
sample_0427,0.40927183736751865,1.77613010808883,0.0390625,0.008198310161956405,nominal_to_hard,146.60270795615605,2.0000000000000004e-07,-0.02092207958698187,8.960081040567703,11.586216089661832,0.773339714297459,8.211712314233171,8.242094364264076,0.030382050030905106,8.350631867359235,7.879738642131608,-0.470893225227627,0.03360822586779689,0.03373257104218829,0.00012434517439140202,0.08131617156308518,0.08078616184154591,-0.0005300097215392707,0.00856640320013121,0.013304919074832028,0.004738515874700817,0.00856640320013121,0.013304919074832028,0.004738515874700817,1.0223054342886237,0.9102603342371935,-0.1120451000514302,2.2590256919617048e-10,2.275772698232561e-10,1.674700627085627e-12
sample_0445,0.891042105596325,2.1341609153295593,0.111328125,0.009065530703125355,nominal_to_hard,675.3812325884732,2.0000000000000004e-07,-0.0569835866863945,9.907782063685517,14.330615226488707,0.6913717176197693,11.6412117766776,12.337629788532468,0.6964180118548668,12.083991619106826,12.302445226355749,0.21845360724892338,0.10372809853183544,0.10993347624841912,0.006205377716583679,0.0836896761826651,0.0915922946832014,0.007902618500536307,0.07463645172752251,0.07563710989428625,0.0010006581667637432,0.07463645172752251,0.07563710989428625,0.0010006581667637432,9.862109474958192,10.221905663226014,0.359796188267822,2.1519036850060328e-09,2.4170738400123464e-09,2.6517015500631366e-10
sample_0446,0.1310501961976198,1.1844742925200085,0.158203125,0.003921086650527909,low_to_nominal,15.47927271896428,2.0000000000000004e-07,0.04999489829484982,8.410841090840629,12.827185118938338,0.6557043507871948,17.530633075432313,16.479444409934462,-1.0511886654978504,17.802201041625995,17.108104847673825,-0.6940961939521699,0.022973929040038876,0.0215963442314968,-0.0013775848085420747,0.1615009900252017,0.16402544276789452,0.0025244527426928065,0.054851378895781115,0.0073491948454992035,-0.04750218405028191,0.054851378895781115,0.0073491948454992035,-0.04750218405028191,0.49056657539072496,0.45305857870075317,-0.03750799668997179,1.0556028310734834e-10,9.328041683306105e-11,-1.2279866274287296e-11
sample_0454,0.4176986779773392,0.6952840296758694,0.3828125,0.27203747857750366,low,139.02311123740162,2.0000000000000004e-07,0.08891955505828335,11.123905797176466,14.63326557428424,0.7601793147747592,8.648755348294038,10.28115217173049,1.6323968234364514,8.60126824202808,10.351636067517374,1.7503678254892936,0.03612573675131861,0.04294423670215675,0.006818499950838143,0.08614977735795827,0.08255262006939755,-0.0035971572885607206,0.004767922861124133,0.05634960008957886,0.05158167722845473,0.004767922861124133,0.05634960008957886,0.05158167722845473,1.0285182147912044,1.4897211845420786,0.46120296975087416,2.6101377116511445e-10,3.6884149318617353e-10,1.0782772202105908e-10
sample_0460,0.1356497507851659,0.8768614728336936,0.0703125,0.011636929574986266,low_to_nominal,16.00060167059701,2.0000000000000004e-07,0.14441351850272643,7.988576849744565,11.244031072096682,0.710472676438,6.553660591571332,9.743566358575661,3.189905767004329,6.8851130260840625,10.140920991297525,3.255807965213463,0.008890024259772141,0.013217123482995148,0.004327099223223007,0.06509316432439134,0.07422697432572621,0.009133810001334869,0.0057651043188536285,0.0682085633638505,0.062443459044996874,0.0057651043188536285,-0.0682085633638505,-0.07397366768270414,0.07585050241743542,0.1645474331596272,0.08869693074219177,1.5806506267867446e-11,3.493847063294837e-11,1.9131964365080922e-11
sample_0463,0.19819539260262883,1.1155882217579174,0.015625,0.0024698741922989788,nominal_to_hard,34.91315062030746,2.0000000000000004e-07,0.010315218257066397,7.696841155595316,10.842434075589198,0.7098812962048889,22.31859875605851,29.53689871646676,7.218299960408249,22.80161679787552,29.827386685904205,7.025769888028684,0.0442344344279756,0.058540772373742125,0.014306337945766523,0.13409577901617165,0.18255410416559417,0.048458325149422526,0.20779659515574933,0.2869624752613782,0.07916588010562886,-0.20779659515574933,-0.2869624752613782,-0.07916588010562886,1.815182631607827,3.1061287329989815,1.2909461013911545,3.9133703783257474e-10,6.85404406022858e-10,2.940673681902832e-10
sample_0480,0.5908209952841686,0.9572838328772664,0.0703125,0.07962630231875921,low_to_nominal,269.8727620588004,2.0000000000000004e-07,0.16293749230114304,7.653684870773442,9.83555881815108,0.7781647196953275,24.643796305909643,21.05989704035915,-3.5838992655504924,24.01894781156983,21.063797622030492,-2.9551501895393386,0.14560072261037854,0.1244262932996711,-0.02117442931070744,0.11541144038404261,0.10841579531848616,-0.006995645065556444,0.191598883333156,0.1610703689755642,-0.030528514357591796,0.191598883333156,0.1610703689755642,-0.030528514357591796,15.569225575114954,11.973811058667728,-3.595414516447226,4.2399140849328805e-09,3.096380492859156e-09,-1.1435335920737246e-09
sample_0497,1.2061742300649378,0.726458991010221,0.0703125,0.16365846779742316,nominal_to_hard,1176.0474673036706,2.0000000000000004e-07,0.332763458684763,11.913460155892828,11.89559345581023,1.0015019595406458,12.796807930847706,9.522078281643962,-3.274729649203744,13.422095722776787,9.73739108939291,-3.684704633383877,0.15435179953279124,0.11485285439979973,-0.039498945132991514,0.09898828510145041,0.09532275735616204,-0.0036655277452883744,0.09008535036629174,0.005659290358371289,-0.08442606000792045,-0.09008535036629174,-0.005659290358371289,0.08442606000792045,21.186807198418137,11.150904012501666,-10.035903185916471,4.764895603802196e-09,2.638235632756319e-09,-2.1266599710458767e-09
sample_0515,1.1829935023061868,0.8506767233628995,0.3828125,0.31392168954658384,low,1070.1632997664547,2.0000000000000004e-07,0.1928158233639197,11.607997971341893,13.791093958853985,0.8417024788587908,19.7379254154893,22.297609440681214,2.5596840251919133,19.61854776687229,21.947813229217818,2.3292654623455284,0.23349837515527988,0.2637792708528696,0.030280895697589738,0.18357081281611196,0.16806250888342156,-0.015508303932690398,0.09574977806364668,0.17594903071275078,0.0801992526491041,-0.09574977806364668,-0.17594903071275078,-0.0801992526491041,41.18923876599459,51.55046234926078,10.361223583266195,1.0904298240031168e-08,1.3915900746334314e-08,3.011602506303146e-09
sample_0516,0.3631327000516148,0.9487020551334249,0.015625,0.03333333333333333,nominal_to_hard,106.25975135396128,2.0000000000000004e-07,0.14062020426829128,10.309299513316667,14.298454587901784,0.7210079557856257,8.234125414005279,13.43175789619216,5.197632482186881,8.77416992739786,13.162317183234155,4.388147255836294,0.029900801941513573,0.04877510511283856,0.018874303171324984,0.08240447809131334,0.0899430722263582,0.00753859413504486,0.004459616405684901,0.09147928426640524,0.08701966786072034,-0.004459616405684901,0.09147928426640524,0.09593890067209014,0.818051937175394,1.8409139962263583,1.0228620590509643,1.7881159134912442e-10,4.758021757536901e-10,2.9699058440456566e-10
sample_0518,0.30127662022507934,0.2887618911100278,0.0087890625,0.09482817093331793,nominal_to_hard,67.1178795238855,2.0000000000000004e-07,0.23410972249629106,11.688809086776619,16.3569654146689,0.7146074342306865,45.09537914236881,103.19969522326578,58.104316080896965,44.31391452256535,102.81953799894042,58.50562347637507,0.13586183415781414,0.3109165538512378,0.17505471969342365,0.20490180162566185,0.2216057661016412,0.016703964475979355,0.32300357800926044,0.6849473546794891,0.36194377667022865,0.32300357800926044,0.6849473546794891,0.36194377667022865,13.180092509566379,70.95606509353694,57.77597258397056,3.691687596145079e-09,1.9333820691745936e-08,1.5642133095600858e-08
sample_0531,0.6941838932469186,1.2773604000112475,0.0703125,0.08734921936444502,nominal_to_hard,403.6909313023152,2.0000000000000004e-07,0.14405496391343706,8.24823206001425,12.743993301602872,0.6472250781061561,14.621215900552235,19.14720729656426,4.525991396012026,14.558372921529097,19.006459214791235,4.448086293262138,0.10149812577849102,0.13291682905934787,0.03141870328085686,0.1046623638075562,0.15643084456246076,0.05176848075490456,0.09236643435194028,0.09426705950008124,0.0019006251481409608,0.09236643435194028,0.09426705950008124,0.0019006251481409608,8.556076779456337,14.583152904722223,6.027076125265886,2.0603739073092773e-09,3.5333766894383816e-09,1.4730027821291043e-09
sample_0534,0.5440257418572824,1.0619411173796929,0.03515625,0.26751015236879433,low_to_nominal,201.18848756982345,2.0000000000000004e-07,0.33268748671138637,14.80648342086425,18.419586968296255,0.8038444861086804,34.74579698302575,21.928803810541282,-12.816993172484466,35.028037463248666,22.13514760740461,-12.892889855844057,0.18902607980113106,0.11929833761072521,-0.06972774219040585,0.2467753668670801,0.18034185301885725,-0.06643351384822285,0.19559843655734546,0.10395432142208139,-0.09164411513526408,0.19559843655734546,0.10395432142208139,-0.09164411513526408,24.685091246501273,9.8575268946756,-14.827564351825673,7.1461717689967165e-09,2.846418671336515e-09,-4.299753097660202e-09
sample_0545,0.1781799768004829,0.8786453257043809,0.05859375,0.03874199273188139,nominal_to_hard,24.745995791246123,2.0000000000000004e-07,0.08533833267933791,7.801915181564435,11.48895217597341,0.6790797856988565,22.659610350752672,26.574966160546907,3.915355809794235,23.35443185459738,26.868246019686215,3.513814165088835,0.04037488846605093,0.047351268539598666,0.006976380073547735,0.18510011045587182,0.19322887891544926,0.00812876845957744,0.10857781109176273,0.15248677309660597,0.04390896200484323,0.10857781109176273,0.15248677309660597,0.04390896200484323,1.349719579593559,1.786419979442876,0.43670039984931686,3.260263237292105e-10,4.484285264618374e-10,1.2240220273262687e-10
sample_0561,0.15197174668891367,0.9340629755701481,0.3828125,0.026002346968432306,low,19.576786587162875,2.0000000000000004e-07,0.0342157192940262,11.968891871796973,16.256041565271776,0.7362734540102581,42.23473143313058,40.34053733630581,-1.8941940968247692,41.88547901605472,41.78930436723634,-0.09617464881837634,0.0641848590683002,0.06130621921367731,-0.0028786398546228886,0.2976425467107721,0.2604490461772153,-0.0371935005335568,0.23000334125286817,0.2437353521352828,0.01373201088241463,0.23000334125286817,0.2437353521352828,0.01373201088241463,3.434538424995738,3.4187842156437096,-0.015754209352028425,8.239392267235118e-10,7.516905028550914e-10,-7.224872386842038e-11
sample_0562,0.5364410717359955,1.4653668395159398,0.05859375,0.031884149803001006,nominal_to_hard,231.85180552644422,2.0000000000000004e-07,0.1099234973202938,9.556863259842276,12.688603994735395,0.7531847683013432,17.643890581878246,13.470565365106454,-4.173325216771792,18.079013088442075,13.813446066209984,-4.265567022232091,0.09464907573335404,0.07226164521347489,-0.022387430519879153,0.17503547045914322,0.13501022720208797,-0.040025243257055254,0.043219623893619025,0.010121221951699313,-0.03309840194191971,-0.043219623893619025,-0.010121221951699313,0.03309840194191971,7.5780928236947975,4.423994261698971,-3.154098561995826,1.7916895074356385e-09,1.044349073791624e-09,-7.473404336440144e-10
sample_0587,0.9443167116507968,1.4479077994476999,0.0390625,0.05858838095538775,low_to_nominal,720.2151963743522,2.0000000000000004e-07,0.20699576770414876,9.232014623329812,12.293908034006991,0.750942222586384,17.639788180382997,15.839684534508368,-1.8001036458746285,18.133229143898678,16.41653806810281,-1.7166910757958682,0.16657546768715864,0.14957678813212924,-0.0169986795550294,0.17633728601141935,0.1575457989103726,-0.01879148710104675,0.0006726045723199073,0.008121088429179076,0.007448483856859169,0.0006726045723199073,0.008121088429179076,0.007448483856859169,23.68168389937591,19.40999559505404,-4.27168830432187,5.5494772870391275e-09,4.474643109584777e-09,-1.074834177454351e-09
sample_0588,0.31733188376254684,0.44824155951974093,0.3828125,0.217700038413196,low,82.11239438444679,2.0000000000000004e-07,0.06232076168932117,10.565880573460804,14.241349925277778,0.74191566311469,15.582318222832004,20.36657413835849,4.7842559155264865,15.566968291326774,20.21599653950346,4.649028248176688,0.049447663950387404,0.0646296333711487,0.015181969420761297,0.11841655615278188,0.12302509678106227,0.004608540628280394,0.09031117788211786,0.1440300441210926,0.05371886623897475,0.09031117788211786,0.1440300441210926,0.05371886623897475,1.9898337733800808,3.3558228388394804,1.3659890654593996,4.890142940300885e-10,8.353979019378199e-10,3.463836079077314e-10
sample_0594,0.35887469769471425,0.5641477006710458,0.048828125,0.05648962896152363,low_to_nominal,102.9818822331721,2.0000000000000004e-07,0.07907429918111548,8.923757154703294,13.551463377047712,0.6585087459866199,16.236974404584036,14.71456987460301,-1.522404529981026,17.557370982339645,16.214906713189155,-1.34246426915049,0.05827039280921908,0.052806868154559046,-0.005463524654660032,0.093386876940122,0.11879723048760453,0.025410353547482528,0.14764006236195995,0.09890417639075018,-0.04873588597120977,-0.14764006236195995,-0.09890417639075018,0.04873588597120977,3.17453264026675,2.707632598966883,-0.46690004129986695,6.790877356281381e-10,5.577130648585966e-10,-1.2137467076954151e-10
sample_0599,0.5728209870138453,1.7454641586483577,0.05859375,0.047710110259179726,nominal_to_hard,304.0703832535102,2.0000000000000004e-07,0.2377904394019336,13.88890869600399,18.166646362629074,0.7645279386609907,15.937155860386957,19.66386029627444,3.7267044358874823,15.81481094077235,18.88610085247092,3.071289911698571,0.09129137350140346,0.11263871863414288,0.02134734513273942,0.15522562792709574,0.1481164237935867,-0.007109204133509045,0.02569115602712727,0.15172021502212432,0.12602905899499706,0.02569115602712727,-0.15172021502212432,-0.1774113710492516,7.605050994010067,10.845728548163208,3.240677554153142,1.6668229751545502e-09,2.5374961871083215e-09,8.706732119537713e-10
sample_0606,0.35486834510187976,0.13021400370202424,0.048828125,0.7176326080236909,nominal_to_hard,90.38833166942254,2.0000000000000004e-07,0.44423912876751004,14.518917003214188,16.2069567343978,0.8958447437821007,42.318477717088506,49.333257565574414,7.014779848485908,41.53006356812651,48.95269115179979,7.4226275836732825,0.15017488154693973,0.17506811470780181,0.024893233160862088,0.2335310318503152,0.17048502625796816,-0.06304600559234705,0.4800292726092889,0.6495111085026678,0.1694818358933789,-0.4800292726092889,-0.6495111085026678,-0.1694818358933789,15.589692976093549,21.66035221883819,6.070659242744643,4.510499009527477e-09,6.1297689574688115e-09,1.6192699479413347e-09
sample_0617,1.6954972295571176,1.1552041462243796,0.0283203125,0.04616112941054807,nominal_to_hard,2468.399626180542,2.0000000000000004e-07,0.2402251010354324,7.6480834530572,11.866058765025581,0.6445344325783569,28.449806756714167,26.05419665645697,-2.3956101002571977,29.02912297236423,26.42518568582241,-2.6039372865418215,0.4823656853744424,0.44174818249359105,-0.040617502880851364,0.2313617481190595,0.19796056179231653,-0.033401186326742965,0.21626205580870844,0.2108641706294184,-0.005397885179290046,-0.21626205580870844,-0.2108641706294184,0.005397885179290046,208.0095632962489,172.3659857433377,-35.64357755291121,4.653533088535112e-08,3.9028291347278215e-08,-7.507039538072907e-09
sample_0664,0.21182580625281516,0.9802573046665048,0.03515625,0.05340892732282206,nominal_to_hard,32.002918567035266,2.0000000000000004e-07,0.22645594115657183,10.43285766566371,12.674650674288008,0.823127826854271,25.701551987962123,37.62883948183994,11.927287493877817,25.747949234978044,38.677245779390546,12.929296544412502,0.05444251971798721,0.07970759261598509,0.025265072897997877,0.2142645855444132,0.21884912161791975,0.004584536073506562,0.1140712001324357,0.24927058643832886,0.13519938630589318,0.1140712001324357,0.24927058643832886,0.13519938630589318,2.1216555357948605,4.787410488460225,2.665754952665364,5.927975906486855e-10,1.2706600641271685e-09,6.778624734784831e-10
sample_0674,1.9653323024035245,3.1043330461635756,0.18359375,0.12705052854468768,nominal_to_hard,2872.9429768082728,2.0000000000000004e-07,0.45886426177928746,13.731293061530824,14.365513260321306,0.9558511981230599,12.81920481145271,12.853377823092002,0.03417301163929132,12.84505410610951,13.000519454357335,0.15546534824782476,0.25193997307074695,0.25261158630719804,0.0006716132364510963,0.12845581375057397,0.12872385003720016,0.0002680362866261943,0.007667389842813053,0.0038490719312435583,-0.0038183179115694947,-0.007667389842813053,-0.0038490719312435583,0.0038183179115694947,47.40224186978714,48.5566165287252,1.1543746589380603,1.2694750006177742e-08,1.2762522707327796e-08,6.777270115005371e-11
sample_0680,0.13988127549974655,2.012422656722169,0.0498046875,0.005095761791971884,nominal_to_hard,17.095024367698162,2.0000000000000004e-07,0.15019908260672446,9.095324064629182,12.59428212213903,0.7221788408758005,19.86715411137642,16.561089855409573,-3.306064255966845,20.767565853801916,17.115258259213824,-3.652307594588091,0.027790428576493668,0.023165863726406045,-0.004624564850087623,0.17302609451967246,0.16565501792738233,-0.007371076592290138,0.12074900577973062,0.027266609871392768,-0.09348239590833785,-0.12074900577973062,-0.027266609871392768,0.09348239590833785,0.7372943685143922,0.500768079403469,-0.23652628911092322,1.544615840930392e-10,1.0733144843808309e-10,-4.7130135654956106e-11
sample_0684,0.4675902590684859,0.7708304410513259,0.041015625,0.01366756440172139,nominal_to_hard,193.21391158654117,2.0000000000000004e-07,0.10129961880640308,5.255034894409927,9.288955723792268,0.5657293511422326,39.63243603809223,33.14347892600609,-6.4889571120861405,40.567619280563285,34.04405985379501,-6.523559426768273,0.18531741034566743,0.15497567897442088,-0.030341731371246544,0.1610151184187786,0.18120679345257446,0.020191675033795847,0.4705434260574983,0.3487288165973809,-0.1218146094601174,-0.4705434260574983,-0.3487288165973809,0.1218146094601174,31.797826576615783,22.393453928985544,-9.40437264763024,6.868508515444898e-09,4.803492214716553e-09,-2.065016300728345e-09
sample_0699,1.0241175065901906,1.1381847655277375,0.076171875,0.13319571572543723,nominal_to_hard,815.1160480403543,2.0000000000000004e-07,0.13654101828173273,7.311944597194729,11.1717337067867,0.6545040178278513,16.5850383731252,15.923921672614213,-0.6611167005109877,17.640549031802134,16.97652608827892,-0.6640229435232143,0.16985028145387612,0.16307966958495165,-0.00677061186892447,0.16628288226140617,0.15076448601225628,-0.015518396249149885,0.0069583291924864435,0.04031250698790442,0.03335417779541798,-0.0069583291924864435,0.04031250698790442,0.047270836180390866,25.36551235370484,23.491843231936024,-1.8736691217688168,5.7698236219921895e-09,5.318995726387403e-09,-4.508278956047865e-10
sample_0701,0.6309969147914593,1.076254521298532,0.048828125,0.12876591762400333,low_to_nominal,309.2087080620984,2.0000000000000004e-07,0.33902447802107327,18.198639068447218,19.24464221951506,0.9456470461161839,22.48488884939653,21.643468954233143,-0.8414198951633871,22.034461233062927,21.85075096317292,-0.18371026989000683,0.14187895493398095,0.13656962135505843,-0.0053093335789225204,0.14400892801241555,0.15529588887615686,0.011286960863741313,0.20255757655128903,0.17828395575716258,-0.024273620794126455,-0.20255757655128903,-0.17828395575716258,0.024273620794126455,15.012623329863601,14.763334192935838,-0.24928913692776256,4.025927570631721e-09,3.7302522954128066e-09,-2.956752752189143e-10
sample_0722,0.03031260371682112,0.22829803894989922,0.01953125,0.004167619929228561,nominal_to_hard,0.749841395382017,2.0000000000000004e-07,0.03604644493084676,9.042165300766802,11.680923498804098,0.7740967828179464,33.81572124380641,31.77020321014331,-2.0455180336630967,33.96138814025342,31.932371943757538,-2.0290161964958813,0.01025042557461993,0.009630375799119524,-0.0006200497755004062,0.17889372709822837,0.1635497688809021,-0.015343958217326259,0.36155759334704146,0.33697539566002366,-0.024582197687017804,-0.36155759334704146,-0.33697539566002366,0.024582197687017804,0.0864848982568171,0.07645955580834635,-0.010025342448470753,2.101424489216447e-11,1.8548827606453406e-11,-2.4654172857110622e-12
sample_0730,0.1680360198605653,0.6166613998801311,0.0244140625,0.027865131906182648,nominal_to_hard,24.382101913731937,2.0000000000000004e-07,0.12281917422615445,10.606731174762777,15.38200780062951,0.6895544009754497,36.31213570280084,55.07934296549914,18.7672072626983,39.07395668303776,58.57561582000981,19.50165913697205,0.06101746756135383,0.092553135684575,0.03153566812322117,0.13612029905877437,0.1238584967387829,-0.01226180231999148,0.28330191776323826,0.42466030795376175,0.1413583901905235,0.28330191776323826,0.42466030795376175,0.1413583901905235,3.7225961482786833,8.365749738276989,4.643153589998306,7.446262695201736e-10,1.7132165850094704e-09,9.685903154892969e-10
sample_0734,0.2662510666922884,0.44625861072811834,0.3828125,0.14641365365417508,low,56.614049352583066,2.0000000000000004e-07,0.010439592307841044,8.399945289775316,12.920323319558074,0.6501342947865663,19.170701987316676,19.379334506580083,0.2086325192634071,18.84883059232911,19.722389484368804,0.8735588920396928,0.05104219853363038,0.051597684841636196,0.0005554863080058162,0.09819714472482029,0.0737192890552347,-0.024477855669585588,0.14833125032799657,0.16256736053957566,0.014236110211579084,0.14833125032799657,0.16256736053957566,0.014236110211579084,2.011374970363826,2.202131663254229,0.19075669289040276,5.21061206229308e-10,5.324642162033628e-10,1.1403009974054808e-11
sample_0735,0.45204530633689216,0.8421971465344329,0.0234375,0.036666411227203446,nominal_to_hard,168.99017975869393,2.0000000000000004e-07,0.012535538308067449,11.051534727688885,16.285848855529032,0.6785974023046947,16.602597949622417,20.526698590127783,3.9241006405053653,15.808465370798498,19.319349806321455,3.510884435522957,0.07505126476125323,0.09278997752259367,0.01773871276134044,0.16296293588542266,0.20235788410350306,0.0393949482180804,0.020911035615209118,0.01939898036873281,-0.0015120552464763064,0.020911035615209118,0.01939898036873281,-0.0015120552464763064,4.223192642446118,6.307343452256922,2.0841508098108044,1.1265384684527466e-09,1.7219959857286885e-09,5.954575172759419e-10
sample_0739,0.33980068084372145,3.989765680275363,0.255859375,0.01081118944197038,nominal_to_hard,99.51814621593101,2.0000000000000004e-07,0.046622974527833635,10.20855159785835,13.10595564951732,0.7789246256326467,9.263940015640497,13.003885889191382,3.7399458735508855,9.770840762034059,13.02356361535783,3.252722853323771,0.031478931246100364,0.04418729278761294,0.01270836154151258,0.0899668642545325,0.08567916940272136,-0.004287694851811144,0.026863487103090514,0.09004231684811118,0.06317882974502066,-0.026863487103090514,0.09004231684811118,0.11690580395120169,0.9500930662166518,1.687959215762528,0.7378661495458763,1.9818462247934282e-10,3.905033687796463e-10,1.9231874630030348e-10
sample_0740,0.9467577459326376,0.7639147944326209,0.3828125,0.16318425191139033,low,763.9214445395008,2.0000000000000004e-07,-0.006213136922754164,9.614942084904303,13.934614658810952,0.6900041601670491,18.93504055127954,20.483967121412594,1.5489265701330552,19.746372311584718,21.147564027430736,1.4011917158460179,0.17926896311472504,0.19393354539626848,0.014664582281543437,0.18081936967990314,0.18988919321903514,0.009069823539131994,0.041312024831047865,0.05909759068496601,0.017785565853918148,0.041312024831047865,0.05909759068496601,0.017785565853918148,29.7867653389495,34.164053918986994,4.377288580037494,6.42747222724573e-09,7.522044005993308e-09,1.0945717787475778e-09
sample_0746,0.031153507794917278,0.23129932224644603,0.125,0.0261422587677295,low_to_nominal,0.830572872197068,2.0000000000000004e-07,-0.0736623687118559,8.798276652313998,12.773041294600532,0.6888161127321524,19.351697972445674,18.852301543555892,-0.4993964288897814,19.535773886774766,19.22371746486781,-0.3120564219069557,0.006028732736294712,0.005873153230892996,-0.00015557950540171644,0.16168940782353497,0.17586746400211425,0.014178056178579285,0.08989136198057752,0.052765508999444266,-0.03712585298113326,0.08989136198057752,0.052765508999444266,-0.03712585298113326,0.03169851975716282,0.030693929560302733,-0.001004590196860087,7.269123681134307e-12,6.898785774709767e-12,-3.7033790642453957e-13
sample_0748,0.37768429755399546,0.4853490219230747,0.005859375,0.06674911442825157,nominal_to_hard,139.56944545709112,2.0000000000000004e-07,0.2685742685931651,12.624751280419718,16.955176787587956,0.7445956735562718,29.143345027835178,27.749063459607616,-1.3942815682275622,30.917536163623048,29.54100911800253,-1.3765270456205165,0.11006983795211656,0.10480385540523145,-0.005265982546885109,0.21930961856297598,0.18537707060685055,-0.033932547956125436,0.24523338299232236,0.2540949079121251,0.008861524919802716,-0.24523338299232236,-0.2540949079121251,-0.008861524919802716,13.341360141754416,12.179823820127528,-1.1615363216268886,2.4230738453610404e-09,2.196769621560133e-09,-2.2630422380090744e-10
sample_0752,0.8682062442779067,2.1777594257124395,0.0439453125,0.03691327829412637,nominal_to_hard,660.5855874799705,2.0000000000000004e-07,0.08328233323375367,7.421332714198126,10.401790173812401,0.713466873508188,21.392028575822096,22.29243504042144,0.9004064645993459,22.81859142693451,23.87414625595564,1.0555548290211298,0.18572692787300157,0.19354431302253505,0.007817385149533479,0.19451025782814008,0.1846433167885291,-0.009866941039610971,0.06962646152650286,0.10347644017508113,0.03384997864857828,0.06962646152650286,0.10347644017508113,0.03384997864857828,34.395906414912695,37.65171773790943,3.2558113229967347,6.8988983474286265e-09,7.491880220673007e-09,5.929818732443806e-10
sample_0768,0.09950632540401465,0.7309886198876508,0.3828125,0.042006152215185714,low,8.807839282096783,2.0000000000000004e-07,-0.07600962005187552,9.545458043654703,15.140333642905237,0.630465501539836,20.75382943226299,18.14603909173814,-2.6077903405248506,21.05130977322361,17.651783289620592,-3.399526483603019,0.020651373048661777,0.018056456706564656,-0.0025949163420971207,0.15482418869242406,0.15269575767042778,-0.00212843102199628,0.11933030426235017,0.08348866141161979,-0.03584164285073038,0.11933030426235017,0.08348866141161979,-0.03584164285073038,0.3903261297658477,0.2744394595338515,-0.11588667023199617,8.529584175899883e-11,6.520712575920877e-11,-2.0088715999790065e-11
sample_0773,0.18970871213666388,2.1624894133638026,0.095703125,0.008773153510124101,nominal_to_hard,28.75067815647249,2.0000000000000004e-07,0.17364309589978086,10.06980120239211,13.153555844335601,0.7655573383777081,30.626087891338123,52.871698211011186,22.245610319673062,31.40807868109348,53.752578059804435,22.344499378710957,0.05810035691650031,0.10030221776089288,0.042201860844392564,0.17716594127389504,0.1923009398810958,0.015134998607200773,0.21075871971155732,0.3882260056191596,0.17746728590760227,0.21075871971155732,0.3882260056191596,0.17746728590760227,2.836160691434213,8.307047430655043,5.4708867392208305,6.751302947649454e-10,2.0121069775507155e-09,1.3369766827857701e-09
sample_0777,1.3618774105837694,1.604376206000806,0.0478515625,0.05073661083531575,nominal_to_hard,1576.4216734970103,2.0000000000000004e-07,0.17752802290026937,8.091831848461593,10.779514124164063,0.7506675862432811,14.418226627714589,11.210019692989261,-3.208206934725327,14.521229131581611,11.020504169271236,-3.5007249623103753,0.196358571449619,0.1526667259208128,-0.0436918455288062,0.1180112737442592,0.0880367500704854,-0.02997452367377379,0.09441163430577253,0.07621241933666267,-0.018199214969109853,-0.09441163430577253,-0.07621241933666267,0.018199214969109853,33.24138831391126,19.145879602424465,-14.095508711486794,7.711337716347028e-09,4.661425840676116e-09,-3.0499118756709126e-09
sample_0783,0.19290908591257305,0.28455534475428357,0.005859375,0.05462169042666753,nominal_to_hard,32.025566742118315,2.0000000000000004e-07,0.23421291432301808,6.9284293297670985,12.493988490306483,0.5545410366867675,33.85608935770829,44.050494834589614,10.194405476881322,35.16749145601079,45.46743418147183,10.299942725461044,0.06531147250569899,0.08497740692537203,0.019665934419673042,0.3247076566705663,0.368979822427337,0.04427216575677073,0.05513076961030311,0.16720099744368327,0.11207022783338016,0.05513076961030311,0.16720099744368327,0.11207022783338016,3.9607698300964,6.620605608170047,2.659835778073647,8.531176881725352e-10,1.4442319375520537e-09,5.911142493795185e-10
sample_0787,1.4901649789785576,3.6208749868493975,0.2783203125,0.06273824343292067,nominal_to_hard,1587.4717887141826,2.0000000000000004e-07,0.33225306384257225,10.467845334509605,10.139686116787598,1.0323638438056475,34.25829730593908,41.150400712585224,6.892103406646143,34.96648785475605,41.376892656329794,6.4104048015737405,0.5105051488474589,0.6132088601282878,0.10270371128082889,0.2850085292479496,0.3179671191928505,0.03295858994490086,0.26787019580567034,0.38069181570995025,0.11282161990427991,-0.26787019580567034,-0.38069181570995025,-0.11282161990427991,194.09307530463144,271.78267038016463,77.68959507553319,5.2123101399953247e-08,7.520502122796682e-08,2.3081919828013575e-08
sample_0788,0.1904758375061115,0.26580518087438754,0.0703125,0.12359931048762562,low_to_nominal,27.580652577101496,2.0000000000000004e-07,0.15868713008839996,8.865386092325275,12.364491776459493,0.717003678970769,8.716655883505522,10.117517836443804,1.400861952938282,9.079938368075451,10.281433861560295,1.2014954934848436,0.016603123296632886,0.019271426833796547,0.002668303537163661,0.08539394897274011,0.08076327904938514,-0.004630669923354966,0.02174631369743067,0.0664483681432458,0.044702054445815126,-0.02174631369743067,-0.0664483681432458,-0.044702054445815126,0.22738946454851391,0.29154923749884376,0.06415977295032985,5.5132740640638744e-11,7.427757844207472e-11,1.9144837801435978e-11
sample_0798,0.21652212105393603,1.2793694297649623,0.0244140625,0.02046267381092001,nominal_to_hard,37.99623866591459,2.0000000000000004e-07,-0.07389264961623083,9.725246883472868,15.226082845664198,0.6387228404081778,17.407710409391637,11.097939237997116,-6.309771171394521,18.04704700707165,12.192734466674422,-5.854312540397229,0.037691543805341586,0.024029493431388382,-0.013662050373953204,0.09384519399360777,0.09893229604409842,0.0050871020504906495,0.1330240887129353,0.05701362371068378,-0.07601046500225153,0.1330240887129353,-0.05701362371068378,-0.19003771242361908,1.2375219364555752,0.5648626233085324,-0.6726593131470427,2.841304948859968e-10,1.154833109138275e-10,-1.6864718397216929e-10
sample_0800,1.3864010038579835,5.357220615790253,0.2138671875,0.023256733405386355,nominal_to_hard,1659.2067764608319,2.0000000000000004e-07,0.2169255872987649,10.412075135584708,11.846052974242314,0.8789488919410032,10.058273029766438,8.897472422108272,-1.1608006076581656,10.224212657790874,8.792862510297923,-1.4313501474929513,0.13944799825545873,0.12335464697809634,-0.01609335127736239,0.09973978453691686,0.07320649876509652,-0.026533285771820334,0.008900348675405893,0.0547945669509041,0.04589421827549821,0.008900348675405893,-0.0547945669509041,-0.06369491562631,17.34443913776069,12.828062804081874,-4.516376333678817,3.8891488434908856e-09,3.043273786218155e-09,-8.458750572727304e-10
sample_0802,0.03823776978842746,0.29896540483965683,0.3828125,0.030528682975215715,low,1.3519826549255218,2.0000000000000004e-07,-0.07045810564361907,10.34408244045075,15.612322268234708,0.6625588597730349,28.05322979306567,18.77940377131723,-9.273826021748441,27.845088027179234,19.09215883609102,-8.752929191088214,0.010726929426490997,0.007180825181715547,-0.0035461042447754495,0.11420215771902242,0.11419980721908675,-2.350499935674377e-06,0.2229808423382028,0.13339587385375565,-0.08958496848444716,0.2229808423382028,0.13339587385375565,-0.08958496848444716,0.10482583011454294,0.049281191277618444,-0.055544638836924495,2.3013402984183696e-11,1.0312850058072026e-11,-1.270055292611167e-11
sample_0806,0.2988627763714577,0.7550051643939173,0.0244140625,0.02979243832775984,nominal_to_hard,74.77867602023737,2.0000000000000004e-07,0.23959341157870953,11.3678083962723,14.532854132092657,0.7822144427342018,16.85854227763123,11.85445623525316,-5.00408604237807,17.77448007544739,12.118566735166732,-5.655913340280657,0.05038390750668467,0.035428557028416977,-0.014955350478267695,0.12721774427912644,0.11412976195215525,-0.013087982326971184,0.1267059861246248,0.040007699139598146,-0.08669828698502666,-0.1267059861246248,-0.040007699139598146,0.08669828698502666,2.362498728744386,1.0981970914247086,-1.2643016373196776,5.077076271284313e-10,2.5103653062315883e-10,-2.566710965052725e-10
sample_0811,0.6058346369779412,0.7115016043225108,0.0546875,0.1482680666913207,nominal_to_hard,267.44496828664273,2.0000000000000004e-07,0.18362199681464575,9.786755485440095,13.690326766859668,0.7148664638985102,18.68641873669345,19.589723000305895,0.9033042636124442,18.72930057201693,20.067519750716574,1.3382191786996458,0.11320879711762474,0.11868132722388747,0.005472530106262724,0.1500492693013991,0.15106984312767,0.0010205738262708819,0.09592894382504182,0.10779921800228595,0.011870274177244136,0.09592894382504182,0.10779921800228595,0.011870274177244136,9.381613783466575,10.770151927756382,1.3885381442898073,2.563246348963905e-09,2.817051486324691e-09,2.538051373607862e-10
sample_0815,0.12099318699053234,0.8512286960313047,0.015625,0.002561599147801437,low_to_nominal,13.096181071805505,2.0000000000000004e-07,0.14544068572875515,11.19836044941262,10.595301661940372,1.0569175665510788,19.83576108456843,16.743381289427763,-3.0923797951406655,20.724406648951398,17.56347258541113,-3.1609340635402674,0.023999919500047123,0.02025835063205514,-0.0037415688679919845,0.13738019845695687,0.15944371263628418,0.02206351417932731,0.16585316873112446,0.06760864281705334,-0.09824452591407112,-0.16585316873112446,-0.06760864281705334,0.09824452591407112,0.5624823271862757,0.4039851911237443,-0.15849713606253135,1.1519922720174845e-10,8.208015406625778e-11,-3.311907313549067e-11
sample_0820,0.6545074046956869,1.69973643039964,0.078125,0.06917846973829236,nominal_to_hard,312.0733696780728,2.0000000000000004e-07,0.2768854552438745,13.733765828668218,16.139728984110164,0.8509291477068384,23.46118136210274,33.12375996035592,9.66257859825318,23.18936149754608,32.5592474100704,9.369885912524317,0.15355516924404683,0.21679746165415462,0.06324229241010779,0.16700963124093027,0.23670082075719603,0.06969118951626577,0.19760895774055404,0.3030180344530835,0.10540907671252947,-0.19760895774055404,-0.3030180344530835,-0.10540907671252947,16.781635812573956,33.083041220860686,16.30140540828673,4.7158380003135746e-09,9.400227875936929e-09,4.684389875623354e-09
sample_0822,0.30741532560527396,0.9043684244413117,0.0478515625,0.06522396173850405,low_to_nominal,68.84441681414141,2.0000000000000004e-07,0.02916391800022068,7.083326112108555,11.17161154613283,0.6340469396790405,13.615195618680772,11.665317414099054,-1.9498782045817187,14.605888567850808,12.523759728705391,-2.082128839145417,0.04185519794296249,0.03586097351144133,-0.0059942244315211585,0.1356730208608678,0.1159070695433278,-0.019765951317539998,0.005440801418110765,0.021738118264116736,0.016297316846005973,0.005440801418110765,-0.021738118264116736,-0.0271789196822275,1.4686715809869597,1.0797872108243527,-0.388884370162607,3.5037151896891435e-10,2.572018842376594e-10,-9.316963473125494e-11
sample_0824,0.6801394855857713,0.9634819424005002,0.0478515625,0.07087280085829345,nominal_to_hard,391.3624098035334,2.0000000000000004e-07,0.2574020234917362,10.158304435802659,12.466597610961406,0.8148417678028564,20.45044703987694,13.74725962579196,-6.703187414084981,20.884377224539687,15.570997017184188,-5.3133802073554985,0.13909156529700964,0.09350054090100186,-0.045591024396007776,0.11803919678201132,0.13003402836790903,0.011994831585897717,0.14857353010555635,0.036281394094856645,-0.1122921360106997,0.14857353010555635,0.036281394094856645,-0.1122921360106997,17.069553756376816,9.488814412320087,-7.580739344056729,3.86929270735446e-09,1.7484702297559847e-09,-2.120822477598475e-09
sample_0827,0.23350757826032542,2.8178763668129987,0.16796875,0.01919050428865436,nominal_to_hard,40.30361668352726,2.0000000000000004e-07,0.1944683432946496,11.401095471374987,13.125835930882534,0.8685995719747213,27.572358254278594,25.938454090900194,-1.6339041633784,28.140897559866108,26.138422272853468,-2.00247528701264,0.06438354602882689,0.06056825598582735,-0.0038152900429995334,0.19934096156725986,0.1704427175650264,-0.028898244002233453,0.23748638636051947,0.23646706746288773,-0.001019318897631738,-0.23748638636051947,-0.23646706746288773,0.001019318897631738,3.1916841741907302,2.75361208723338,-0.4380720869573502,8.290481998492142e-10,7.337027266329423e-10,-9.534547321627185e-11
sample_0837,1.0825333348612247,0.7798859776096745,0.03515625,0.20301174659090587,nominal_to_hard,854.4312029072249,2.0000000000000004e-07,0.47764415289529544,14.590528852659881,15.055693949749962,0.9691037092914734,15.724763651348162,8.99950967729019,-6.725253974057972,16.352986628944194,9.406143593426192,-6.946843035518002,0.17022580835398493,0.09742269223072812,-0.07280311612325681,0.1284303363919249,0.08836995996961544,-0.040060376422309446,0.07960551849580282,0.02160382048306494,-0.05800169801273787,0.07960551849580282,-0.02160382048306494,-0.10120933897886776,22.849213897569093,7.559625976323243,-15.28958792124585,5.795365165953523e-09,1.898236192296635e-09,-3.897128973656888e-09
sample_0839,0.2567781295953886,1.2014769174424569,0.03515625,0.033893346061489145,nominal_to_hard,47.71452055290732,2.0000000000000004e-07,0.2095255530068603,11.242085352957924,13.31060037919834,0.8445964143380739,20.3747754363005,12.240499826513016,-8.134275609787483,19.9622183445383,12.226400135338444,-7.735818209199856,0.0523179672745931,0.03143092650764691,-0.02088704076694619,0.12826474971610444,0.11467608374008845,-0.01358866597601599,0.18241809524331795,0.051170840564135275,-0.1312472546791827,-0.18241809524331795,-0.051170840564135275,0.1312472546791827,1.9013766988379774,0.7132598437672952,-1.1881168550706822,5.47433939949079e-10,1.9758062822582029e-10,-3.498533117232587e-10
sample_0845,0.23122289144063335,0.843047765740355,0.03515625,0.026639689253063602,nominal_to_hard,43.90599613783127,2.0000000000000004e-07,-0.006366070903303062,8.940926723775357,14.131919316218271,0.632676038102938,15.157742554197418,15.271070311230359,0.11332775703294118,15.119774376218487,15.530009652199418,0.4102352759809307,0.03504817061094258,0.03531021032755896,0.0002620397166163829,0.14152500891399336,0.13475579425696368,-0.006769214657029676,0.06743488726519725,0.08500701020702711,0.01757212294182986,-0.06743488726519725,-0.08500701020702711,-0.01757212294182986,1.0037243401084452,1.0589300826822465,0.055205742573801286,2.4567485263474787e-10,2.493621906752904e-10,3.6873380405425165e-12
sample_0854,0.22607793312921215,1.4808451997048868,0.068359375,0.011945024631199369,nominal_to_hard,51.0245532491736,2.0000000000000004e-07,-0.18451850720317817,8.201879838224515,13.195972780630251,0.6215441615841819,20.584538204880474,13.761730705075312,-6.822807499805162,20.400401809104878,13.622425879549002,-6.7779759295558755,0.046537098517786805,0.031112236340842418,-0.015424862176944387,0.08625903781943252,0.09723412354964477,0.010975085730212247,0.21153318092513695,0.10783912036943274,-0.10369406055570421,-0.21153318092513695,-0.10783912036943274,0.10369406055570421,2.123521457532079,0.946865118743687,-1.1766563387883922,4.331403076908391e-10,1.9359425002568717e-10,-2.395460576651519e-10
sample_0856,0.6742043106048178,0.677420863348497,0.0478515625,0.051978688940306425,low_to_nominal,359.458737019203,2.0000000000000004e-07,0.37516201720301745,13.456364422194891,11.744242511536791,1.1457839370207334,31.7686711050588,32.77041827694721,1.001747171888411,32.80301833365961,34.01442466744466,1.2114063337850496,0.2141857500121736,0.22093957262640715,0.006753822614233546,0.1807469609367705,0.18345655112143217,0.002709590184661659,0.32587169771823515,0.3409262458743252,0.01505454815609003,-0.32587169771823515,-0.3409262458743252,-0.01505454815609003,38.67912647057102,41.5886959733576,2.9095695027865816,9.175107101655467e-09,9.76285895046789e-09,5.877518488124229e-10
sample_0857,0.19848550963653272,0.4407415951647372,0.3828125,0.11971403901533313,low,33.6305908954231,2.0000000000000004e-07,-0.044388085779041596,8.427919155480009,13.70634710405317,0.614891706119696,15.679596340786556,8.795760508281926,-6.88383583250463,15.640328912648707,8.896883396538287,-6.74344551611042,0.031121726705961333,0.01745831007127226,-0.013663416634689073,0.09854994604056858,0.0834861578318967,-0.01506378820867188,0.1108211003053496,0.024127638463113745,-0.08669346184223585,0.1108211003053496,0.024127638463113745,-0.08669346184223585,0.8226711394887445,0.26620137562428214,-0.5564697638644623,1.9371237463210944e-10,6.095851810893731e-11,-1.3275385652317213e-10
sample_0863,0.6187228573697245,0.8943312547220796,0.35546875,0.06797520340955915,low,328.5747999612682,2.0000000000000004e-07,0.08404373094827704,10.728073997417043,14.801152980906972,0.724813398743728,12.211806995928107,11.774447193400356,-0.43735980252775164,12.464004987545794,12.53094776811183,0.06694278056603586,0.0755572411816823,0.07285119611449602,-0.0027060450671862885,0.11510670932524296,0.10368979356029154,-0.011416915764951421,0.03410473435521693,0.04942768454522287,0.015322950190005943,0.03410473435521693,0.04942768454522287,0.015322950190005943,5.104456185848617,5.159434360909303,0.05497817506068614,1.141779338997382e-09,1.0614593550625521e-09,-8.031998393482983e-11
sample_0870,0.12927367957681227,0.26735318227132826,0.3828125,0.07189619979190896,low,14.260616180718138,2.0000000000000004e-07,-0.007179371577258456,9.482747791699865,14.50821254414203,0.6536124117873299,10.676596128347434,11.409572359777217,0.7329762314297827,10.453399612900418,11.209126391496303,0.7557267785958857,0.013802028668670205,0.014749574013462937,0.0009475453447927319,0.1043446980733054,0.09895095655887783,-0.005393741514427577,0.017654239796120057,0.06390819955752879,0.046253959761408725,0.017654239796120057,-0.06390819955752879,-0.08156243935364885,0.15583083473020395,0.17917681959344356,0.023345984863239605,3.8099199074158854e-11,4.350998671572424e-11,5.410787641565386e-12
sample_0879,0.0911675151631598,0.7002130972593554,0.015625,0.005763047191954336,nominal_to_hard,7.294709170666627,2.0000000000000004e-07,-0.08947203229888863,9.916380541648772,11.42526621639661,0.8679343092607849,15.928047766114755,9.092854676650031,-6.835193089464724,15.817210985695507,9.372268574023975,-6.444942411671532,0.014521205362368004,0.008289729666099001,-0.006231475696269003,0.13574051039961965,0.09004655695118882,-0.04569395344843083,0.07197671300205342,0.01747454485658575,-0.054502168145467676,0.07197671300205342,-0.01747454485658575,-0.08945125785863917,0.18250207108615657,0.06407630096619889,-0.11842577011995768,4.217308103521307e-11,1.3743923587400376e-11,-2.842915744781269e-11
sample_0915,0.7379869588999469,0.7872152633113286,0.0087890625,0.12259064952484731,nominal_to_hard,384.3766312858914,2.0000000000000004e-07,0.33298488593081216,10.940023157266348,14.156286717494664,0.7728031633992278,34.72334576193553,31.663293671639657,-3.0600520902958763,34.39554882087084,31.323377377384304,-3.072171443486539,0.25625376341682166,0.23367097805489287,-0.022582785361928787,0.19045626622859574,0.18919216033970912,-0.0012641058888866186,0.36967770512723125,0.3180340182326299,-0.05164368689460136,-0.36967770512723125,-0.3180340182326299,0.05164368689460136,45.47382260824875,37.71326578866972,-7.76055681957903,1.3133198253056883e-08,1.0920425197026047e-08,-2.212773056030836e-09
sample_0934,0.12722107809921532,1.1018536657551372,0.0244140625,0.006636463833721451,nominal_to_hard,13.583621086382323,2.0000000000000004e-07,0.06265892353779351,10.622807222655116,15.608511270917393,0.6805778615445596,24.109907408733115,24.284079634962392,0.17417222622927753,24.768613327708653,24.763864709319787,-0.004748618388866532,0.030672884134112854,0.03089446791807115,0.000221583783958295,0.09799868358990527,0.11424098030916634,0.01624229671926107,0.25507053429788157,0.24963624911575666,-0.005434285182124909,-0.25507053429788157,-0.24963624911575666,0.005434285182124909,0.8333336999195844,0.8330141984323491,-0.00031950148723525196,1.8816516422094243e-10,1.9089362958814552e-10,2.7284653672030894e-12
sample_0937,0.5954615653492036,1.507442857679064,0.044921875,0.06961124056104706,nominal_to_hard,262.54823598917585,2.0000000000000004e-07,0.2831360282382907,9.841202613233595,12.312169346424637,0.7993069569085651,12.56064516594961,18.716026733073544,6.155381567123934,13.640459966497234,19.99490793180004,6.354447965302805,0.07479381432312263,0.11144674575593515,0.03665293143281252,0.09881778850264233,0.09145594925089653,-0.0073618392517458,0.07027983188166538,0.14769989557872487,0.07742006369705949,0.07027983188166538,0.14769989557872487,0.07742006369705949,4.885028876738528,10.496582466238772,5.611553589500244,1.118822932200349e-09,2.4840754279176105e-09,1.3652524957172616e-09
sample_0953,0.06616211508393838,1.005316036300745,0.0478515625,0.003639394035902936,low_to_nominal,4.003569163971632,2.0000000000000004e-07,0.06339893472394312,9.738175254500206,14.287644608878962,0.6815801709155392,11.219255200446948,10.83532033327768,-0.38393486716926795,11.900182726707092,11.407867585830891,-0.492315140876201,0.007422896537280451,0.007168877108616554,-0.0002540194286638972,0.10432883121330294,0.0942885318329596,-0.010040299380343343,0.048206423954032726,0.059767132427828086,0.01156070847379536,-0.048206423954032726,-0.059767132427828086,-0.01156070847379536,0.05669628405481351,0.05210222604341338,-0.004594058011400129,1.1019878600634025e-11,1.0278559799689292e-11,-7.413188009447332e-13
sample_0969,1.4908652166666831,1.905063952486919,0.01953125,0.04073661706644013,nominal_to_hard,2008.8379699182526,2.0000000000000004e-07,0.11485011073673455,8.261299736484649,12.758661113481695,0.6475052251176403,9.983140563446009,13.286092696334636,3.3029521328886275,9.556632913674305,14.397397529088282,4.840764615413978,0.1488351701913589,0.19807773466374576,0.04924256447238687,0.08464385128115304,0.11407653446517685,0.02943268318402381,0.05830171737992356,0.060069579883446224,0.001767862503522663,-0.05830171737992356,0.060069579883446224,0.11837129726336978,18.346563030423493,41.64020903071845,23.29364600029496,4.430381577178154e-09,7.846957793904255e-09,3.4165762167261014e-09
sample_0971,1.0591130731985174,0.40562152448592437,0.03125,0.4892546570831422,nominal_to_hard,851.7807721447077,2.0000000000000004e-07,0.4631878033330926,21.065903238527405,23.46499309252967,0.8977587658116106,35.87327683071861,27.67337094698583,-8.199905883732779,37.620856764974945,28.432509116890486,-9.18834764808446,0.3799385646988356,0.2930922894942473,-0.08684627520458826,0.1526301521992437,0.22275265639405237,0.07012250419480867,0.41022660468462296,0.21180376930241296,-0.19842283538221,-0.41022660468462296,-0.21180376930241296,0.19842283538221,120.55499123872795,68.85860281703161,-51.69638842169634,2.8870662589082257e-08,1.7180618032195938e-08,-1.169004455688632e-08
sample_0997,0.04704652452600687,0.15232027310914506,0.0478515625,0.027350748914248456,nominal_to_hard,2.010061170276014,2.0000000000000004e-07,-0.021227056454337468,8.849546721160605,12.224058023215353,0.7239450847136004,13.41889130642972,20.47792670349888,7.059035397069161,13.4643953067409,20.731275037452065,7.266879730711164,0.006313121989597661,0.00963415280897931,0.0033210308193816493,0.13130291375675085,0.13488440386823758,0.0035814901114867292,0.03833748796078896,0.17846364489505714,0.1401261569342682,-0.03833748796078896,-0.17846364489505714,-0.1401261569342682,0.03644038709178628,0.08638956771176035,0.04994918061997407,7.97110185110831e-12,1.8563380069352788e-11,1.0592278218244479e-11
sample_1008,0.21124609340382852,1.3814209524905445,0.0703125,0.02529091791243738,low_to_nominal,35.03975586031024,2.0000000000000004e-07,-0.06548614882025838,8.658610124702998,12.131469999311571,0.7137313223537091,15.620932311681216,16.771176759229373,1.1502444475481575,15.943122416054404,17.298568182479652,1.3554457664252482,0.03299860926168293,0.03542845572172286,0.002429846460039929,0.14790459068162443,0.16812568479623843,0.020221094114614008,0.03969544435106279,0.02217042815386328,-0.017525016197199515,0.03969544435106279,-0.02217042815386328,-0.061865872504926075,0.8906515602964342,1.0485312702709613,0.15787970997452705,2.1778164264104533e-10,2.510350949652155e-10,3.3253452324170186e-11
sample_1049,1.9032183992054632,1.380722279234906,0.0478515625,0.03574924869079871,low_to_nominal,3235.7624359784168,2.0000000000000004e-07,0.2881598151896902,10.885781922475477,10.118863240256351,1.075790991933566,41.05170203794813,29.60887619262728,-11.44282584532085,41.46592618907073,30.09252993645252,-11.373396252618207,0.7813035463732328,0.5635215794960484,-0.21778196687718443,0.29349470113059795,0.23112309047513369,-0.06237161065546426,0.40543156852724016,0.2404113830532718,-0.16502018547396835,-0.40543156852724016,-0.2404113830532718,0.16502018547396835,556.3644467294775,293.01781898508517,-263.3466277443924,1.2208704631507813e-07,6.351131411154425e-08,-5.857573220353388e-08
sample_1050,0.9807758322989045,1.0323556670498957,0.029296875,0.11047480552818462,nominal_to_hard,693.1762341508098,2.0000000000000004e-07,0.4377629400399495,15.097800022158719,16.05743821989083,0.9402371546076771,16.499975117639398,22.725214101641537,6.225238984002139,16.372187252929184,22.538787450298095,6.166600197368911,0.16182776828913997,0.2228834077470828,0.06105563945794282,0.16163249567012405,0.1676331581555206,0.006000662485396546,0.02233013354082601,0.13105256639700288,0.10872243285617687,0.02233013354082601,0.13105256639700288,0.10872243285617687,18.58048605058642,35.21314056419797,16.632654513611552,5.237645317888716e-09,9.935402689790474e-09,4.697757371901758e-09
sample_1051,0.03403015720166213,0.3558456293488097,0.05859375,0.005332179210934551,nominal_to_hard,0.991208553199984,2.0000000000000004e-07,0.03503329896018808,10.100701338470413,14.060923996759035,0.7183526019199428,16.685746817446546,14.151124943813997,-2.534621873632549,17.153245496952124,13.835814431936278,-3.317431065015846,0.005678185872248395,0.004815650064183525,-0.0008625358080648696,0.1559933228026466,0.1408134251548532,-0.0151798976477934,0.047164122833658985,0.027472577871244238,-0.019691544962414747,0.047164122833658985,-0.027472577871244238,-0.07463670070490322,0.029164709000601495,0.018974681643524904,-0.010190027357076591,6.4483589599602534e-12,4.6380971081341595e-12,-1.810261851826094e-12
sample_1052,0.07790402189126991,0.7924222533046933,0.046875,0.010281375534231831,nominal_to_hard,5.514314081596952,2.0000000000000004e-07,-0.09195825246882948,7.476555804915899,11.01723439777785,0.6786236486376201,52.91303052178654,64.39383549799797,11.48080497621143,51.45181948694317,61.21659539089528,9.764775903952106,0.041221378881026914,0.050165387702988666,0.008944008821961752,0.21406381506193464,0.2596534438085352,0.04558962874660058,0.3794815629538309,0.4424534608428971,0.06297189788906621,0.3794815629538309,0.4424534608428971,0.06297189788906621,1.459798702802818,2.066473514545608,0.60667481174279,3.398404153706345e-10,5.033132246782334e-10,1.6347280930759897e-10
sample_1053,0.47820897125877004,1.113558440827124,0.0244140625,0.02863631411925354,nominal_to_hard,193.89875970377324,2.0000000000000004e-07,0.07080963499629227,9.178265514867212,12.381521150132617,0.741287391393658,11.039894627079159,9.68925378653359,-1.3506408405455694,11.196322342419963,9.637397139611032,-1.5589252028089309,0.05279376652420747,0.0463348808552337,-0.00645888566897377,0.08897883280814524,0.0968631568702913,0.007884324062146064,0.059694045613654656,0.0005717204095503022,-0.059122325204104355,0.059694045613654656,0.0005717204095503022,-0.059122325204104355,2.430668975110228,1.800920504319576,-0.629748470790652,5.574363567625059e-10,4.2938423677374057e-10,-1.280521199887653e-10
sample_1054,0.09720882431363774,0.10391923499618447,0.140625,0.1224642284101252,low_to_nominal,8.06051123200917,2.0000000000000004e-07,0.17686779877954348,9.155709007146623,13.707707835042324,0.6679241429220579,17.288089622908597,12.962533902672563,-4.325555720236034,17.08581819989418,12.656842082179798,-4.428976117714383,0.016805548668717456,0.0126007268080447,-0.004204821860672756,0.14666398126317678,0.12187483921981164,-0.024789142043365145,0.10860295917948005,0.05360898345018285,-0.054993975729297206,-0.10860295917948005,-0.05360898345018285,0.054993975729297206,0.23530662209903905,0.12912588481802667,-0.10618073728101238,5.6485293211326216e-11,3.1755663218195285e-11,-2.4729629993130932e-11
sample_1055,2.0236222692071117,1.0657627512342596,0.0625,0.06932266808938282,low_to_nominal,3502.250326827008,2.0000000000000004e-07,0.19677934613972917,7.915964772660519,9.189358243723227,0.8614273774849842,33.01704952438976,31.64114657989487,-1.375902944494893,33.98773633441963,31.753189045484486,-2.2345472889351434,0.668140366810692,0.640297288423217,-0.027843078387475018,0.1623433448328757,0.1308932992742775,-0.031450045558598205,0.35807759166150527,0.3520596860701495,-0.006017905591355788,-0.35807759166150527,-0.3520596860701495,0.006017905591355788,404.5681275520179,353.119647676496,-51.44847987552191,8.928230995238524e-08,8.199612351242489e-08,-7.286186439960351e-09
sample_1056,0.13191182232653484,0.43213055366890624,0.029296875,0.005964889556187774,nominal_to_hard,15.16195624087948,2.0000000000000004e-07,-0.007700731237783208,8.149847503697487,11.576262391420892,0.7040137160105576,23.41640221430559,17.640757006562403,-5.775645207743189,23.863078315730668,18.348641360887935,-5.514436954842733,0.03088900288420156,0.023270244039552343,-0.007618758844649218,0.11916572300006925,0.09583143309750046,-0.02333428990256879,0.17781087912610982,0.13417006735823447,-0.04364081176787535,0.17781087912610982,0.13417006735823447,-0.04364081176787535,0.8633923016147949,0.5104615832004751,-0.3529307184143198,1.9082609983604251e-10,1.0830085153206429e-10,-8.252524830397822e-11
sample_1057,0.15908654532782923,0.39408765855612404,0.3828125,0.11472705055290669,low,20.31308287338841,2.0000000000000004e-07,-0.02612420830520736,11.07189875854231,14.393117576910813,0.769249517999051,11.318949099816933,10.494549556064952,-0.8243995437519818,12.781745934870555,11.078253948568285,-1.7034919863022697,0.018006925090314183,0.01669541633646077,-0.0013115087538534131,0.11337165276677358,0.09267224703454993,-0.020699405732223647,0.006621557518608101,0.04415203986859568,0.03753048234998758,-0.006621557518608101,0.04415203986859568,0.05077359738720378,0.33186098802700403,0.24929781552424282,-0.08256317250276121,6.48498702416373e-11,5.5747385329552256e-11,-9.10248491208504e-12
sample_1058,0.05886776671670268,1.8025483923702867,0.0244140625,0.002193158405908904,nominal_to_hard,2.891940072125885,2.0000000000000004e-07,-0.22407649366082788,9.506928006419196,14.561849402538549,0.6528654255112586,27.71073065661241,26.038127353567873,-1.6726033030445357,29.773754869348718,25.424436434233783,-4.3493184351149345,0.016312688278428404,0.015328064067896286,-0.0009846242105321177,0.2273161395256514,0.16799458930358818,-0.05932155022206323,0.2062965760294088,0.1700182550768102,-0.036278320952598586,-0.2062965760294088,0.1700182550768102,0.376314831106219,0.2563636852675191,0.186935575395559,-0.06942810987196013,5.32207597738351e-11,4.6989909613906654e-11,-6.230850159928444e-12
sample_1059,0.7629146079337809,0.6425629791438385,0.029296875,0.12634023779962283,nominal_to_hard,507.45665076609043,2.0000000000000004e-07,0.0789577282364723,8.41954279057258,12.875676622850365,0.653910705991985,29.09915228330923,16.462896388842136,-12.636255894467094,30.170088939578,16.82776596044402,-13.342322979133982,0.22200168355426245,0.12559784143947955,-0.0964038421147829,0.1111612775000285,0.10442141823743442,-0.006739859262594072,0.2333432858514702,0.11505893169132568,-0.11828435416014453,0.2333432858514702,0.11505893169132568,-0.11828435416014453,46.190443235255245,14.3698381050614,-31.820605130193847,9.856949500185378e-09,3.1549635548513307e-09,-6.701985945334048e-09
sample_1060,0.15048065253417015,0.7140338937827706,0.3828125,0.061536580750167554,low,20.780006532972557,2.0000000000000004e-07,-0.05185968484548141,10.077690700600197,15.854989100381019,0.6356163751861561,11.064157361912233,11.291485599198543,0.2273282372863097,11.066204026722604,11.535696339544934,0.4694923128223305,0.016649416195612953,0.01699150121047582,0.0003420850148628668,0.0847363638854646,0.09636005927176071,0.01162369538629611,0.0654536599353772,0.052972089418947474,-0.01248157051642973,0.0654536599353772,0.052972089418947474,-0.01248157051642973,0.2544737711072165,0.27652430563512154,0.022050534527905064,5.5440611930947805e-11,5.7742222677120255e-11,2.30161074617245e-12
