sample_id,split_role,sobol_index,package_total_power_W,continuous_severity,top_h_W_m2K,bottom_h_W_m2K,source_count,k_region_count,total_source_volume_m3,mean_q_W_m3,max_q_W_m3,mean_local_k_W_mK,peak_deltaT_K,mean_deltaT_K,cv_rms_deltaT_K,top_heat_fraction,bottom_heat_fraction,energy_balance_relative_error,linear_residual,cg_iterations,minimum_support_nodes_per_region,coordinate_sha256,support_index_sha256
v6p1i9_0000,test_iid,0,3.759525710392297,0.13220977131277323,798.5118396130301,21.570916201948847,8,3,1.4229583740234365e-09,2750684952.085235,4890815337.356997,144.52237199259636,49.253658064842,44.577961901389024,44.626827456332755,0.9772358365029422,0.022764163498590256,-1.5325077762777293e-12,8.495501850438333e-11,1373,13,02b3128297305dbafd23e48a92a8aa68d63cb969f12887e36a225ce15994b2fd,2a7be388e1894c98c9ea3e4fdeaad0c900a82bbe544d6dc34a110b23e674b8dd
v6p1i9_0001,train,1,12.034237754239378,0.7364983409643173,1359.6520375945304,70.28272458132021,3,8,6.756591796874998e-10,17177577920.514517,23211019583.155617,198.1215887115561,127.93817488112313,81.5689700417675,82.00141648422958,0.9631231597412566,0.03687684024707813,1.1665289888779234e-11,1.0770107970997769e-10,1641,13,9ad286bc3d50ed4de85f2b6e1e575ba5bb2b7bf7405f9b2958e9447f58858649,3dde04089b57f4ad0270b145d125c010b4a1a5e844c6f52b998d6ca7e15d7cce
v6p1i9_0002,train,2,10.268833875020595,0.8914824482053518,1172.5247792218427,115.95047718182342,9,4,1.5589141845703114e-09,6586898570.842009,9121908586.575388,99.62224723368148,96.73257721703243,73.63340276987395,74.64161521617724,0.9472979104013717,0.05270208956815969,3.0468584783712474e-11,9.499085895868573e-11,1572,11,99480b00ee5a6cdcc3fa392fe7127a5b2635844002339ecd2f9e7e3d353c6a84,3b9df7d963423bf0be17805ac8cde8c1792ffe75192320ed01f0bdcc2bda1583
v6p1i9_0003,test_iid,3,6.73801456779576,0.4742952426895499,501.5819587444238,35.78747966463346,6,6,1.0748291015624993e-09,6380187358.638081,8832915364.497503,89.63078682760293,137.4523624346382,121.54907824819506,121.81057380555161,0.9455264692865346,0.05447353073432763,-2.086229448739376e-11,8.664303638412717e-11,1539,8,972a409934ffb8bcbfea5b71540b4f6ff39f8ea60b0e50fd4db8c66bac9b711c,5e59258a77399873951dab9700e942840e1ef2119602827b417078259fa4ed3e
v6p1i9_0004,test_iid,4,7.350350364479212,0.3566783666610718,1573.6220022574907,155.25623099622834,4,5,7.501220703124994e-10,9775476763.995605,11077755019.528873,67.22995709595477,61.67557422731602,39.07792368828771,39.89658618411666,0.9555820836783187,0.04441791632966012,-7.978784987641113e-12,1.0631357552310116e-10,1474,19,a3f3d871dc703028b2c6099fbf23d59fc483b74787659dd73cfc9e27a1b539d4,f6bcf6568ebb51c7c037608f4ed13535eae39484c330115e81dce5dde4516962
v6p1i9_0005,train,5,9.7758961127544,0.7738665426149964,691.7657156712057,47.44509090024374,7,4,1.360321044921874e-09,7226188515.623851,10013656913.93607,107.47238742817564,146.89841323514128,127.01001429621564,127.41724028970636,0.9500241241269956,0.049975875891495,-1.8490508975992174e-11,8.61815070396381e-11,1485,16,b3518660d67f2ef49d679c5dc33370b5e1e266b6c55dc0d9f78ee1533c95a14c,aa0a0bd9c2d8f2dc1305593a39c4209a12f1f8c2fee65ea534732c3a282db80a
v6p1i9_0006,train,6,6.211737846416639,0.6198582937940955,580.3250841478466,28.87405231337489,5,3,1.0121917724609368e-09,6049096603.014587,7249674035.580066,215.1708931220071,115.49497117649736,98.93952877636848,99.08059077230666,0.9594116139109047,0.040588386032117854,5.6977488106609594e-11,8.094090451011031e-11,1544,22,45727bc1b1ccccac0a3b1cc29b84384593f978a2fe234964526d745c3e78d4bc,0834f436c5f7c2f8fb5dc10dbe64f3e4b64b32bd062657c1a602457b55c7f34d
v6p1i9_0007,train,7,3.447411561801864,0.015568753704428673,1015.4485968668483,93.11482222742967,10,7,1.618728637695312e-09,2150625223.0550227,2973560745.208002,166.0786479481008,37.711773932976996,29.545392423866705,29.867197322038866,0.948662907805962,0.05133709218186441,1.2173597791742132e-11,1.0252906896593597e-10,1690,7,d4259547a0693699f1d198830199c7eb2e9aaee7f69b92ab288132a93b615274,1d563203fcbf96ab4a14f24f7f4ecbfd0b2e6c4c9ef3b56e562158de4072b107
v6p1i9_0008,train,8,4.468524696162862,0.2066054902970791,542.3147230530495,100.8783822802425,5,2,9.545135498046869e-10,4544269503.846016,5482602766.820446,80.2749466299141,83.7095548542913,66.07016133081346,66.9759236620301,0.9079293121041561,0.09207068790355455,-7.71056002202635e-12,7.41633827165183e-11,1496,23,6c292a473f438b499b54e77abe86155d258a741cb672ebee60bfea4338251c57,0d4ea2f46943dbc31925bb94b30d2fac764e32fe3e16388cf78f221a317adffe
v6p1i9_0009,valid_iid,9,7.739862085515268,0.6629524724557996,1086.280412163024,30.86164502118403,10,7,1.821441650390624e-09,4224598503.0122094,5962553184.067635,129.03432456902425,78.92269623092483,68.34377154127786,68.42281415969062,0.9758318752135289,0.024168124789067567,-2.596483542272088e-12,9.900864926476005e-11,1559,9,8447deddb03539b52cc778ce09d01000b04b6bc089d8b8027d705de48b32624a,d33e271e215bbddb0078970ca98cd045ca192b96334c39ac471e3cfd14034861
v6p1i9_0010,train,10,14.645120347187447,0.9414724437519908,1271.8646654948782,59.32657803753331,4,4,8.093261718749997e-10,18362006669.401978,20508758275.79728,60.824540409740386,140.35489317678667,104.77618827979556,105.31003984592398,0.9669764826072936,0.033023517399243876,-6.537473141924825e-12,1.020658447739183e-10,1476,23,698b90a4cd52435e788a9872f07a9fe2ed67319b64310c3225ea3520ccaa4493,ebb92fb112bad218c8fb81e8372b8a01c8c52f890d612b717e24b084d276af74
v6p1i9_0011,train,11,6.67880788614582,0.4232033882290125,856.0339013450047,191.5377386061582,7,5,1.2301635742187495e-09,5337145031.823136,6359816214.5725,168.9110843962314,80.60442892314796,61.97809712449975,63.350557669677805,0.9123929780317604,0.08760702194876258,1.947698715938931e-11,9.637587336934246e-11,1727,10,88fb1942a0f3c8c00a210d5c21da2b98ab91263a10cc40d74c6029e1a257f2c8,01bfe4952b3034c7ef188498bcb843b3d1ab9030bd726c931e63dd6b4fe9c49e
v6p1i9_0012,train,12,6.673621405572216,0.30644423235207796,939.1757277916627,44.27257745834052,9,8,1.7225646972656235e-09,3796075833.1501346,5596160203.708634,192.46391871707203,73.79219178092046,64.60716755048514,64.8220594728098,0.9651478889128954,0.03485211108008003,7.0246301786263746e-12,8.74535020426428e-11,1376,7,a15dc55e5322796457b068f836bec39c9a4f66c37c326f2ad95278c6bca0512a,1c0631ba0e841023615572cd787f570b1eda3437ff18c151a219bc3029f4e8f2
v6p1i9_0013,train,13,7.2131303230317485,0.8247142545878887,626.3991405680582,144.08060240273267,6,3,1.1769104003906244e-09,6079048265.029473,7952399819.930268,117.2168821450972,117.0079013987687,91.43067726491202,92.80047398511238,0.8913468441679547,0.10865315583246274,-4.174535538022465e-13,9.106910697032568e-11,1722,15,67e9792e14f004343f2221fc71b59347e6fc22bc6ef1c5049dc665d507b436b4,1d348f606fc8408293d17c9cab8f020e5b83106858520339c0c6e22e4176805b
v6p1i9_0014,train,14,8.69470947362288,0.5452184323221445,739.5129091371781,75.2516016100608,8,4,1.4040374755859363e-09,6178194826.129547,8080006430.380016,203.46789252315497,124.36737029145678,101.26532137126773,101.92030729216717,0.9342106224829572,0.06578937751641054,6.323438959321311e-13,8.953633019811497e-11,1616,13,59bf3636ae323552cd4f0e4a0bf7fb4ddef97fc9bd323b7998e17a1ab16e74b2,0915ec30f94e839ff545028570b51cf6f674a446fc0f99ce787ff59fcee90855
v6p1i9_0015,train,15,4.5338658763900455,0.08887048345059156,1467.8750833370746,23.201219338921174,3,4,5.993652343749994e-10,7569466303.897456,8555478013.866322,174.9943622213291,41.307918216900816,30.07464345417243,30.11790842394567,0.9862740001747099,0.013725999826484786,-1.1947249375422218e-12,1.037484374272884e-10,1456,16,4bf5109888bc712bfad7cb46b8fa1863fa7838b57aa33178772595a95871dd69,b5751f95afaf17b0c11d0d1ff05131c3024c441a0f33da5440cad0e472ea92a2
v6p1i9_0016,train,16,6.03896753378894,0.3400927558541298,704.2106033603077,26.221049749408344,4,5,8.14743041992187e-10,7697702878.456041,10664598314.969854,127.74338954000109,101.29829097069455,81.10698937920031,81.25548636345829,0.9693519255876978,0.030648074398893187,1.3409071487248487e-11,9.268453374787671e-11,1736,13,214d04c6e5cf47e6e6b96617d83516370bffdc552d259f2617a4c69c1e938122,4770d9451d6d22fe4f6147126cb2e85505a8b80ab0b9cba2f723062bed548702
v6p1i9_0017,valid_iid,17,12.297120359062742,0.7900854060426354,1491.0868327524163,82.69176397833614,7,2,9.65576171874999e-10,12824527302.035213,18655436743.253983,76.92757670779542,103.05309048801126,74.15265088830891,74.61520392994314,0.9627452037018849,0.037254796324969724,-2.6854548755012204e-11,1.044376918306232e-10,1451,16,32b4118a597512df445922eae656cf72629b5692324b42a152ebc6142a3df983,52b17491b603624f7384f852fb8646e84eafff66ad9f725b4e13b1002ef9ed94
v6p1i9_0018,test_iid,18,10.211623216289173,0.5739765083417296,996.3910646700505,135.96316775143455,5,8,1.0088348388671869e-09,10193732496.821655,12465454430.082056,105.62382150722053,117.53978865210354,83.59677620524049,84.96365048715779,0.933603001014851,0.06639699898878275,-3.633798796341705e-12,8.95985921080006e-11,1360,8,d24adac093e58879bd29f97c01dc1e8bdc369d360d7cdc3fb489cd86f9bb68d3,7368614949d1ad2824f1b075d8c33e60e95e19aa29c2755a9bf0b938e4f1ff8c
v6p1i9_0019,train,19,2.402733506057061,0.06108522228896618,613.1556491414049,43.64930084944675,10,8,1.8618011474609367e-09,1312829685.70275,1781129119.9936092,74.51481193032988,40.00800418928867,35.51557258954646,35.61662714915462,0.9470864006094191,0.05291359936904615,2.1534824204423318e-11,8.729399156546677e-11,1658,4,786c56345badcfe82dd7718000486f1ae186d843ebd9e99cd17054ca24a0650b,24f99bd3f51657f89c9e5fac21202193399f1c57eb9b0f9291d143ddf6a4c871
v6p1i9_0020,train,20,7.745353433032254,0.1778474012389779,1286.4852883398037,182.25797106799715,8,8,1.4286804199218747e-09,5389642225.073887,7026870356.18172,87.71795497403195,68.20175347747352,49.70894890337297,50.78786521984502,0.9413745080176754,0.058625492002768696,-2.0444121502658397e-11,1.0332237343335752e-10,1546,6,e4515de9d11f64bedc56da287572e9fd5e761933ba6c08ae74eb907cf470a344,2aecf088a12487ca9838178bb4f966ea6965246ee89b5919e00bf2c3496682d1
v6p1i9_0021,train,21,7.391258049602401,0.690737746655941,813.5504156715269,58.06344252819387,3,8,6.072998046874996e-10,11868841154.199514,14360203944.830393,186.02198321561633,113.69992457505299,82.02187380249403,82.40350081003506,0.9495219724785197,0.05047802753310364,-1.1623250716959718e-11,9.122559689996564e-11,1714,12,344a50dfeef07660299b92d261c003dd3aafbeddb0ce618a257fa9a57b631577,5974569fb5cad1863d9642e4a67b4564687b029419c57c275469bc5e9022966d
v6p1i9_0022,train,22,7.695871263760333,0.907823933288455,529.4939802766087,35.1380761660373,9,8,1.679763793945312e-09,4561555284.297496,5896459212.626896,100.63540874687502,145.3521080401876,131.36058299816824,131.64404131272093,0.9487623084221564,0.051237691594894795,-1.70511383324472e-11,8.217503050500926e-11,1534,6,263c3e911287a9fefcac0da37483b395adffe50d0698c7a3b0f57a142a6280ff,d81f93a20e0da4125b2cf5162b8b11c76d613c1b085cfdcd4986c306e1f347c1
v6p1i9_0023,train,23,7.5407622169176545,0.4578322237357497,1152.130264513259,109.92533717657544,6,7,1.1631774902343745e-09,6724552031.065993,10997662086.977783,99.9778756348065,74.64417987089956,56.37903499111339,57.07750054388503,0.9495482217544443,0.05045177822629934,1.9256358909870712e-11,9.687599770462674e-11,1519,9,98c97a0e12474a47db6e62b8ed5008c6020543d8d09ff3a9844148ddfa31c233,566fff19d36c91bae0aba7f3c24d799c5be98cca7551ff9194e5f06b42583b2f
v6p1i9_0024,train,24,3.969614204888315,0.25848714727908373,661.8220302512594,88.70631986075647,9,6,1.6706085205078113e-09,2347575296.052209,2945042541.912953,161.48150243367033,59.219926454940435,49.81760514980681,50.37987066685314,0.9281032874921371,0.07189671244560236,6.226047807782709e-11,8.572396613293243e-11,1473,10,d3cc7de137ddd7ff5fb23b2d6eebd6f7d46f172b1d288ed8730550b68239699d,a34565659f243ae7b246768b4fa3f260c635c5cf55ebc854252d73031845b078
v6p1i9_0025,train,25,12.708330569859234,0.8730382062494755,921.5326795301113,28.22654799560545,6,5,1.2302398681640618e-09,10027032020.82464,15110284231.327522,125.45419932419888,160.82385524241806,132.01645607742861,132.192946025617,0.9737860621170998,0.026213937887187146,-4.286932397760606e-12,9.115307685448948e-11,1636,13,4904fecbb4206ed13e70ae740e9b6f719f8facb1a46f530bf7fb69d87e0c8a7e,9aef60448608b181411d233fcc3e39ff6760ddf5b5b158fe01d1b73a5a8c44e2
v6p1i9_0026,train,26,9.548122423982573,0.5304637420922518,1390.8610541868559,54.07829658982188,8,3,1.2786865234374996e-09,7429713342.912905,8826069215.65279,37.84954676403344,78.4861998915789,63.28968047494183,63.56385740528086,0.9717945920464278,0.028205407954103378,-5.312211851790295e-13,1.0595494211322604e-10,1530,15,2206daf13ec231128941fc4a500aec649c49928c93e6b8db72bc3f874a998e03,c402d7d90e5e1d17674e26ee56181a96f81aaaed33e9ab9452a6a049438b4ef2
v6p1i9_0027,train,27,3.9066702310137176,0.10399060975760221,752.8004181032345,168.995664429163,3,4,4.982757568359372e-10,7841106013.851024,9115863714.976881,101.44048269048307,55.27758575657356,40.90490276940314,41.68026189221846,0.9061065222769182,0.09389347772500665,-1.9249089865065782e-12,8.33827139541276e-11,1512,22,f7f6407a2f83b2aa969f6d1425ebe158a44dda53a0730a43447d23b0c94f48ad,2c11ce92a1f557fccd9271cf572bf7610761ca06a743a2797da3084006b9f403
v6p1i9_0028,test_iid,28,5.959991386829196,0.22160430625081062,1067.4104014148159,40.40147947211059,5,8,8.102416992187493e-10,7280472418.283478,8169243329.522284,183.90296951119473,66.65623605373776,52.10168122517259,52.25651247330587,0.9708388262139251,0.02916117378545853,6.162957506848432e-13,9.559110943295664e-11,1592,13,f0ad685e51cd93da3fd52a3fef657e7b9f5c463151689175cc0712e47e6b490d,3a2b3582a3b2eea61e6f2db18c9d6506a677a3f5be542e6ba45126a91580f8b4
v6p1i9_0029,train,29,7.294516162387615,0.6480765016749501,572.5082725736332,127.55340120755804,10,3,1.949462890624999e-09,3772593216.9627886,5532309407.117212,35.965846932730614,121.19999872642194,100.57642121394643,101.85424299293044,0.8893584660806296,0.11064153389155584,2.7814537153721837e-11,8.281998706874404e-11,1493,7,21512f7b46d06e00799167103a0626cb2d162c0632b7b0e239f5849371feef17,3b431b76f683eedb2b8eb5475252f4f990c1b00525d2debb905f0a647747cec8
v6p1i9_0030,train,30,8.305487994504777,0.9896736843511462,872.1786198072781,66.24619806433714,4,4,7.603454589843746e-10,10380244047.94623,15491377423.938282,108.31327024164074,104.97895826946552,83.46655018560395,83.92560231987947,0.9486534207185497,0.051346579303060906,-2.161064839926839e-11,9.227173516138783e-11,1408,17,5ce1a0437f5b8f57ae57d42d29f95d65d863212a3fdda7acaf6f923200b9bbac,23a6e7a5bca33ecd2dfa113a4e63d6bcac735f9ca97c6fa425c68716bcf7f568
v6p1i9_0031,valid_iid,31,9.262842414774026,0.37512356229126453,1203.4491466720453,21.291920090307627,7,4,1.2705230712890622e-09,7438064179.421915,9080865154.540565,171.30532146206306,91.180607861689,76.25499476027245,76.32413029349604,0.984098730434534,0.01590126955410044,1.136556072059765e-11,9.607663520178298e-11,1650,17,9f767c23c8ec767a9d7924dadba6651f13e35a6f7adddca60b7f26581780cacb,5c3d9e33a0098aca87c80ae646f1734ec566b55249992a37483a1bbde8225c25
v6p1i9_0032,train,32,7.4674043208194165,0.8362472606822848,824.3502614198819,49.79452663643184,5,7,7.270812988281246e-10,10416306497.959206,12567336110.654362,176.31609452495974,102.0850426392484,81.77696720360909,82.15811849683138,0.9576326026541839,0.04236739737549959,-2.968356626733578e-11,1.0338737577982763e-10,1804,10,d13f7f7d59cbf5e7809ee3a7430d1c5d79e2d8a0aaae9127b099118bd2720e1f,7e3f4a0cfc54f4c531248bf425de6df2e01d49308683144c216a9a9d2ac15541
v6p1i9_0033,train,33,8.654044939619496,0.29405336268246174,1317.143390730666,159.32686984360873,10,2,2.1551513671874995e-09,3986462320.2751884,5346978997.493081,72.0734310550813,68.70829798223036,54.56883520637412,55.399807707783644,0.9401551060907747,0.059844893932589696,-2.336433876892636e-11,9.194952496995255e-11,1329,8,b8e68c1746cccd01dda85a62aea6c2bc4389d375854a2a856539aa13b3346e2c,b72d24206665f5f264133d0ed7f20c70eb0e41b8c7d189223e62fc2e39014fe2
v6p1i9_0034,train,34,4.37749008617222,0.07794204726815224,1125.5515627645646,95.98688761028303,4,8,6.887054443359371e-10,6326670959.750345,8629926798.860916,152.97711454567008,47.62626394021038,33.451650544031594,33.78886107662071,0.9495699078945117,0.05043009204513061,6.03577696661409e-11,9.151935145235629e-11,1409,9,0d532447d27e84aaf482d7b6b8ac1853ece1dabac563cf0eacf0656004522b36,1e09b0bffe39b8382df3769de5463a4975805488a8ccf4e852150203d58a470b
v6p1i9_0035,test_iid,35,6.497344456100641,0.5572411241009831,522.52057654574,30.16789255630134,7,6,1.275787353515624e-09,5128413988.793421,6065084504.722689,76.34002263325391,127.36461721467737,114.1838170118035,114.3739930345944,0.9541147605853292,0.045885239408582364,6.0884140268613e-12,8.487998619169016e-11,1589,10,9a5632eb2d196eb32ac60ba1c2ccefb66813a0f3a85b96a925d7fddc55ff1662,a217150cdcc3688ddd1078879dae33fe8a1eccdcbb6923e46b91c385fce1edc9
v6p1i9_0036,train,36,11.19866131961595,0.6738808769732714,1524.2942938747883,72.28528726390229,9,8,1.7076110839843742e-09,6449401285.09411,8561678306.885283,182.90555517857166,84.68225008090434,66.54579184006165,67.0178303238766,0.9689391428816335,0.031060857128903042,-1.0536562171846082e-11,1.1170510150746956e-10,1566,7,1ed5f5ce3f2ff63a1728571e44284f29e80cd9bbfd9065fccde0f5ea7ccdaa60,e7c4a4d2ecb6405c0f482792d37117a9d493524a8fd263dcbc0eeca338fea13b
v6p1i9_0037,train,37,4.696114261014687,0.1945827705785632,714.0901815564256,22.48767591855846,6,6,1.0028076171874992e-09,4700125624.194627,5826054622.143397,160.07545594718908,71.22791955346469,62.555567407313184,62.613086746567575,0.9730049259900814,0.026995074052871985,-4.295330875169101e-11,8.596990167252678e-11,1579,12,bd711528eb52a02c855c352758fd69e320e1d618d59cd56e4fdb35f414ade171,f4080e048ea47f5d341c6f5157b325d4946aad5d59ca73e857abec97cde20ca1
v6p1i9_0038,train,38,4.665819911701743,0.4116704137995839,604.5431210665445,37.47660166983914,8,3,1.498489379882812e-09,3114980173.6262183,4353351276.080299,225.1510341212485,82.914632899443,70.2850333674245,70.44919034749753,0.9518590047297215,0.048140995302357555,-3.2079111126363475e-11,8.697654181605602e-11,1632,14,5b678f22ccc8b8d4422d34f6ff7ae6a0ddd261aae2765c9cb4d9cd892b2b6a19,c28a1dc2ec83a0f3858587c63889346ea0e26ec6938def127520d96bef36dde9
v6p1i9_0039,test_iid,39,13.539795999137288,0.9538633413612843,974.7545662953036,118.71914795975498,3,8,6.143951416015619e-10,21896906178.771152,26225742361.78125,88.39705510536106,169.5558420306619,116.51503372158886,118.16649659220012,0.939678467466763,0.060321532531756365,1.4806531240310915e-12,9.755451484452575e-11,1520,8,42bcdf176213c3ea20640ba0f71959f8e3c9f67c0aa9089469066b1d9237b6c3,9776c5bbe810d419b760c72c9e6789710c2896dd70522f10b6d0eb2d4050d5aa
v6p1i9_0040,train,40,7.1264965543889724,0.762331722304225,559.8571138452535,148.52468008822805,8,7,1.1988830566406244e-09,5938440000.537693,7944869725.269727,110.52500006839288,123.74018648523594,98.37075596513117,100.29527963005002,0.8917598454302966,0.10824015456678145,2.921945147751827e-12,8.359005598176828e-11,1535,6,eb1ec630d49a2c7102fad6ee072cdeab63394125374e37058fe5be1a2d7123f4,9b4412acbfe556a198fd5fcb08afa56f169795ea72c9d24e2979fa1a1bcc9efa
v6p1i9_0041,train,41,6.594470284515445,0.3690712368115783,1052.3061691484645,46.25641882021918,3,7,4.978942871093747e-10,13216830000.041784,15848715024.367737,134.19470059406345,79.843854153118,58.19577642004262,58.37725365821268,0.9660780706589888,0.033921929360201254,-1.9190025029619356e-11,9.767595475262413e-11,1572,16,3f5afafdaf46b42eb6b75ee618c0539cc600082521cae8adf7a21f01b66ed66e,b288ea40aa67652d7be39f26a3891f2230345f13382890233413bbcfb84bcf32
v6p1i9_0042,train,42,4.832257242340072,0.026495308615267277,1220.9840867451856,24.350123514097042,9,3,1.9097900390624984e-09,2515124997.8742957,3311192718.9372315,137.66938562526414,47.36259166849271,38.5196223672683,38.570614868916536,0.9825892797299173,0.017410720270335862,-2.5314126860093e-13,1.024737743357092e-10,1618,12,bad663a619c5873a59c37bc27dd4dba70aece5bbe52603d5e9b654c7bc29b31a,e7ccd70efb5ecad6bdc19d804809148845a8a994e59a97c2f160325c6dbb6902
v6p1i9_0043,test_iid,43,7.221045948174,0.6078375354409218,891.8229766520191,77.22460827558427,6,4,9.442138671874991e-10,7857788117.553848,9520794227.436869,196.41900711794418,88.33351056298227,70.74602408721486,71.26794191393459,0.9465118649849861,0.05348813499907276,1.5941177543162527e-11,8.736849751738586e-11,1541,12,a025bd942ed23da9bed12ded8943235f029f9308e87535bf591ca89b26d31c2e,e638cfe4ab60e7f901fde553a4664fc8d3970c9e721046bb0524dad56dbfd776
v6p1i9_0044,train,44,11.032308516160942,0.7255717581138015,909.7503419372426,32.31827549127001,4,7,8.166503906249992e-10,13488563930.61906,15950298410.779186,139.54359207983515,150.08578739160276,115.75493656758731,115.98547588890055,0.970721905469276,0.029278094523892437,6.831620474368236e-12,1.0204752188857156e-10,1802,14,70dcf1475a0617107be9f2159210a7adb97e7c6d4401b8b4f5658fb6a7bc693b,a1ff1302b405f46c446ecbba759c88c0376cebf57c6e5c759c2b35f318b2239d
v6p1i9_0045,valid_iid,45,3.088940330235289,0.14423049800097942,646.6237869634705,103.2871529155019,7,4,1.1020660400390618e-09,2825720401.6052704,3574550016.956279,163.90059094310635,47.16636196287237,39.254034957358186,39.63361480534164,0.9117511894395561,0.08824881055194907,8.494753965710133e-12,7.970887434183067e-11,1383,9,900496b1ad27c23a892d4bfa80f9db5f26e443b6b076001740369e85302d603d,0e8f042784b68edb640a2bf09628f2371aaa66a86918184c8cec30657b961481
v6p1i9_0046,train,46,7.353547188926091,0.4858300909399986,770.330954165197,196.99523045480467,5,6,1.069259643554687e-09,6814322464.076399,8784776916.636806,164.75809158021315,96.37874838074816,72.57844791059263,74.21323745106513,0.8968586939807184,0.10314130603672303,-1.7441358175780273e-11,9.242107360649364e-11,1525,17,2aeb525d73c6105928fa0db6d6ce9f7c2b5c533a8edce0598258ca2e75052b5b,8e13fdfdb23a2db5fb7511ce622334c38ec16901a3ff1aef27a6e32276960a60
v6p1i9_0047,train,47,12.805252300740502,0.8790896097198129,1408.9727019436584,61.84794333982259,10,4,1.815643310546874e-09,7259390165.955009,11927353819.021307,211.471376874012,105.80830664556737,84.3319904545348,84.79390915208376,0.9695366484402498,0.030463351548419924,1.1330294173016741e-11,1.0257940705051969e-10,1548,10,b7bac4f539bfef8e89842dfc62b9cc40d138b1e87e590ae2f6ce5401058a60df,735db5b3547301743eb4be7a0e124d97fb84682446d31734644c3c21e396adcb
v6p1i9_0048,train,48,8.959790165045868,0.6283628139644861,675.9519451583776,56.32658853266972,9,5,1.5885162353515616e-09,5606522866.659435,7236979472.144811,125.35015721184382,134.51845344260295,115.8417365245361,116.49678856855522,0.9453150802591449,0.054684919721728786,1.9126257486389655e-11,8.357660025961953e-11,1456,9,23f66602fc26d3bcff1891e4fa48e08ae1ae06586523070c7afef14a028def6d,0e9cac2d2190789020624314c3685582b80bd6366f5d5db106ce1a7dfdabfb5b
v6p1i9_0049,train,49,6.395124699289049,0.24046674650162458,1553.2265428180797,174.44280001973098,6,8,1.2408447265624998e-09,5256929695.803601,6080368288.81231,92.40487345905424,48.66522530817713,34.77256373263928,35.356113903304184,0.9450426548577181,0.054957345147540054,-5.2581359318271026e-12,1.0845552241936376e-10,1512,6,724b61046aa2e090d8aba9a12504c5d9fa3c272827e1fa2d45ebcb772ddb142e,942e19c7da9afea10307b4191fa5d05778d10646372376381099709558a5e6f2
v6p1i9_0050,train,50,7.731442823548207,0.39544944930821657,1028.5623217735576,104.73967936852603,8,3,1.3314819335937494e-09,5801636123.511372,6765592969.767244,153.69250376079455,83.91683471013795,64.74512706197667,65.45217838925184,0.9416839290274382,0.05831607097523853,-2.6767321107504702e-12,9.12175615443279e-11,1688,13,34ec4caa2fcbf937f41eef47ea76d020cce50ca5558e3f10a107cfde9546cd2f,d1e594f8cfa20222180481e46344691ac86c5884f4ffffded0b7dfd18f00bbeb
v6p1i9_0051,valid_iid,51,7.760936866161366,0.9704506956040859,593.9445451122831,34.240629960830006,3,8,6.066894531249996e-10,12801526911.33309,13542496801.57807,79.42515004401542,147.35881520966956,119.68440795792039,119.91528208540736,0.9548493808415089,0.0451506191469562,1.153481180884616e-11,8.84027621675758e-11,1528,12,7260cac9e6e6e5325eb07aae5cafc0b3f4689f068d14089fcce2f3837846a436,9595b70ea6598cb24228241417f89d73671a136218533a8b25a068941eb4ef05
v6p1i9_0052,train,52,14.076100566981275,0.852712350897491,1340.2700530333566,78.96543750940033,5,4,7.588958740234369e-10,18079330892.40558,22789525507.59959,109.19293749970029,129.58210785768688,93.99380429625758,94.81779009126839,0.9632524396358083,0.03674756036533823,-1.1465755044997591e-12,1.1185055250398877e-10,1687,16,b1a89cf17b6f938b5a358c4a180bd11c88e5ea3ea106150c5d6b4871982a101b,8213353026e94cde4dc066553c1951fe40583806cf28f87fe9b4eac493408ecc
v6p1i9_0053,train,53,5.366227013776545,0.27771016396582127,781.0050399497671,25.60977213508968,10,6,1.9815826416015617e-09,2851832016.0921783,4308389217.280321,91.84696835857382,73.71203940418127,65.17881262370241,65.24463409187604,0.9721932101483862,0.02780678987866411,-2.705027961917141e-11,7.94337251854542e-11,1342,9,c9916c8081aad5672c41fa34afbbe688637874cbc0c3c27c835968f2aa2b020b,9f46cced142e66d6a18b970ee9cf2b037be08fb6d266cf06de412ab1301ae080
v6p1i9_0054,train,54,3.687526590629295,0.12370426580309868,512.9339837636459,42.44043704910306,4,6,7.720947265624993e-10,4599476977.433844,5912531196.551714,113.5293204207743,79.6863324191915,64.46220809342427,64.6279729377767,0.9377218340190081,0.062278165967175794,1.38160802106128e-11,7.994726050583462e-11,1617,18,e7f39486b39a4b616c4844c95b085a6ce93c54a4ab834d9a2fd87c3083b08995,643d3584152bf0342767e699558ca3014eb7c75501927cb867fc28a1df03f130
v6p1i9_0055,train,55,7.094281522422673,0.5116012739017606,1189.3979142186795,130.4214916378985,7,4,1.3029479980468745e-09,5315756332.301173,7619159047.216754,200.3732452883683,67.59828444929627,50.47930841229943,51.27269243604498,0.9469050362851845,0.05309496373106587,-1.6250389397112743e-11,1.0265683660174867e-10,1608,13,72f4186c70136d027520b773549213041acfc98cbc15e51626a0804bae8840c1,026b479254442b6308f5112ad5d3881fe9e15271ca643a5b09d646c4fb7e87c1
v6p1i9_0056,train,56,6.930028965874267,0.7104495605453849,635.2998786061343,121.53613923239898,4,7,8.397674560546873e-10,8326847533.889785,10322449760.038092,86.90593160507785,119.90101186449806,87.4229439765655,88.91762260961882,0.9130243705683612,0.0869756294336018,-1.962923776871411e-12,8.664852285320364e-11,1642,12,fd10a7d74f4a7557506d77c37a8f9e2e585b35d76f1f9b57ca6944af8a17c649,1f466666f3d6fcbe4bf4dfcfa0a594c08c5123fbfeab16685d30b0fe82e0c6e8
v6p1i9_0057,train,57,5.468892343078327,0.15898690186440945,959.9893235645084,39.36960535351429,7,7,1.1232757568359368e-09,4615990001.393168,6724843800.27495,120.20187736627406,65.35620164781812,53.025142186031715,53.13116649376738,0.9673196504489167,0.03268034960769253,-5.6609222363390514e-11,9.266414413336512e-11,1502,8,fc7ba6df767036e7ae43190e573d7ec05599c302a5e10011d35db84d229fac50,f5efd9165ccd2de8a605f8d0e2951be16cbca38bbcc5a7ecb7f6b944e961b489
v6p1i9_0058,train,58,7.7625898016419805,0.43750451505184174,1435.7456544880756,20.65501282331571,5,4,8.531951904296871e-10,9283631734.18478,13063519239.63245,170.23951792944035,67.32740141943918,53.290944269850115,53.33964034984897,0.9870409038269394,0.012959096175144767,-2.0841952486660445e-12,1.0438758049787469e-10,1511,20,052770c5446e22d81c321da6f1a103c712c2c770f6384ffa9c090b7320f3a930,da906c03bc60e48a345b808bd208d79b89a2e1584992db61303058a3ec50788a
v6p1i9_0059,train,59,10.906849734036646,0.927048915065825,729.2030214932286,63.40558552078308,10,2,1.7465209960937487e-09,6343940825.425737,9196362678.098745,87.09831561542322,151.4513979770241,130.95430325785395,131.713810537496,0.943286194343051,0.056713805670687886,-1.3738972729199305e-11,8.619335833650159e-11,1559,12,5effd9f65ef860ce8c8c1b51efc1c29e244456dcbfb2f60b80d8c14f24b3e64d,7abc0c622043aeca28aad5fae823920603de348df55b94d2c661fa4002b821ce
v6p1i9_0060,train,60,9.62709807722871,0.8104131426662207,1111.9701369701622,27.44481347867787,8,8,1.5053558349609366e-09,6294971240.414782,8591409433.493416,132.34962768490118,94.37319979178687,82.27033233884164,82.38912585398614,0.9794682350587144,0.02053176492627368,1.5011931755647915e-11,8.63235824070998e-11,1382,7,43b2ea948235b1ab0413f5539b556a006aeb8fc44e00b67c6d8eea2943bd0337,d1a279cc7e6e4efd69b4330bd72b727cdf6d45fbd753794b8c288933cd0ff75f
v6p1i9_0061,train,61,5.8710936019514754,0.32086780574172735,549.5723428664401,85.0907745086339,3,5,4.872894287109374e-10,12050572382.352371,14074745941.377422,105.00920921106994,113.1480663571387,88.49406880148965,89.1793951603385,0.908517128830894,0.09148287117869663,-9.590615820841817e-12,9.602710169812788e-11,1711,22,d9560103f2f72b60b4758dc46731ad6c34c205c929f7a36672b430151324cc0f,75eb38ae185a1edcaf425f1ea607fc9029de5ae2b6da2b80693b41a684023dc0
v6p1i9_0062,train,62,2.8865425849541193,0.041373380459845066,844.909974127457,161.380228641063,9,2,1.744232177734374e-09,1680254854.3981671,2202934309.087429,127.18373132727895,36.47596642752205,27.073953759222512,27.59922186431335,0.9137236584521711,0.08627634160259473,-5.4765822664200015e-11,8.78094431875266e-11,1644,16,a8b19199d93b6e5f1a82854f643a6f8165daa9efeaa940450108f24d3f37d4c2,653bcf92e91ab91d5ec8a3a236ddb125a963ac6aac3c4ffd3f470c18cedf4e97
v6p1i9_0063,train,63,10.359404475311656,0.5928369760513306,1242.3912434323395,52.81760253808326,6,8,1.0586547851562496e-09,10093952770.044771,11907595914.939152,98.169453853894,99.95774329419334,76.19865865201751,76.55680509538811,0.9698908889389911,0.03010911105092448,1.0084362480807153e-11,9.727163159577912e-11,1394,9,6e05bdc7761095a1a02c21d1ed80dd048515b3f52595b9a3d7b61fe4d868c647,1ead0540fdb2278ce481da4f2778c984ab0e547954cb1c5e370787ec1ee21bb7
v6p1i9_0064,valid_iid,64,3.340450379609447,0.09940829314291477,882.6026429629206,188.0452781087052,3,8,6.94656372070312e-10,4877254712.2430315,6748421260.056344,98.95730124723137,41.524728879773704,29.49937182722955,30.259564065049503,0.9211670616518934,0.0788329384130753,-6.496877034562248e-11,8.438129904746921e-11,1397,14,727ca3244ffcc10b773531373a8f3ea0e8b151244adc89918dce0aedf89bc17b,1674e40ea782ab58da37659a55a9a514dfe5971e78df476868dc6bafe13c87a8
v6p1i9_0065,train,65,11.12392338950023,0.5161367831751704,1230.5217592830645,60.44536461805955,8,7,1.3656616210937487e-09,8151140292.96726,11024387522.888426,84.78527275662921,107.29372414173059,85.13958760649356,85.43362142983757,0.9626990684193789,0.03730093158594092,-5.319825355776179e-12,1.0449100208462132e-10,1735,6,e45d61e6eb818b143f544b3a51cf1a5b1f32419847630da3d023e743f4d4a096,664eef6bf96eb742f56122a18f02adb79d790a0d603c8d027f4a037b38679b1f
v6p1i9_0066,valid_iid,66,10.35415879406122,0.8616120861843228,1041.7591032263476,31.408314495828744,6,4,1.0089874267578122e-09,10388748595.99505,15988476896.399263,75.37929168871914,115.32284278394076,94.25120242276559,94.40673520971961,0.9750630560615655,0.02493694391645221,2.1982293209235007e-11,9.958215392778401e-11,1597,14,63c6b6912c1e2337fff8a88be19639ae8b91fe0e34172bd104ef285e385824ba,dffdaf168751c78417027d273a455acd3c39a8b2964c1d0eaddb023ad1a1951f
v6p1i9_0067,train,67,4.721280177975083,0.25686288997530937,564.4111672033057,99.15041881945042,9,5,1.6347503662109368e-09,2870943742.508065,3693589192.3942304,96.06099471859673,80.13795705247497,67.84667776972677,68.58905625969815,0.906829241744159,0.09317075830021158,-4.4370565862630233e-11,7.46875214266579e-11,1416,5,414d8a5c4657f1e573aba73214c09a048bef4a623f19b1cc3605933af17cd848,9a343787a5d839140b5565a631ca49f643a2f6880ef39c33726c64d45cb7affe
v6p1i9_0068,train,68,7.949185410927537,0.39022705238312483,1423.6895258674747,23.638780886732658,7,8,1.492004394531249e-09,5447985151.345864,7753442616.553638,84.98779720831112,66.42209207248027,54.61673182883287,54.69931926264887,0.985488252201675,0.014511747801283404,-2.9584312847392527e-12,1.0636271789515845e-10,1566,10,557126907b8981bced8b05d3880e596235ea032be4c6de977b8307e7a93d853a,0b4bca02a91360a17d92540b42cc81c3014ea022d4487833ee36edbf66a5446d
v6p1i9_0069,train,69,10.094249696514918,0.9949753079563379,764.3580628585635,73.87956590277267,4,4,5.648803710937497e-10,18128698434.868874,19268318667.789257,161.7871217468022,157.0765576406714,115.30791168187874,116.04914463527305,0.9380473487252351,0.06195265126821083,6.554091301056726e-12,9.09365125116027e-11,1637,17,91b6af8427f6c891d5d41654de4f1b03381effcb689da3cf3fc0896147134765,8a54d29e78fb24d512e81e2f51a726964be57852fe097c88ece2b0fd013da38a
v6p1i9_0070,train,70,6.215494996120803,0.6485236845910549,653.1685790349147,141.61272623542575,10,7,1.711502075195312e-09,3623861683.7515373,4643427048.763665,76.41008757473708,91.41020487297959,73.76818254364204,75.0716235986134,0.9004146665964017,0.09958533339914824,4.450076835225368e-12,8.768787055946062e-11,1499,6,c2d3852d78fdd0fc8c5a8889644b5017b0ae670dcddf255d14195c4dc832269f,bcb336f3670df09f7d55fd3a04fcada9d5059c35e91e8a8d425e3bae180b4d5a
v6p1i9_0071,test_iid,71,6.965162707427722,0.23179613519459963,902.4083556077842,45.056830448197374,5,8,8.428192138671871e-10,8485087260.93791,10624882009.59163,117.67229113310887,85.93929647372676,71.10799569732815,71.3692441904733,0.9635784664729661,0.03642153348770922,3.932466330240496e-11,8.761642627789397e-11,1626,12,c37dd4f8439f8d239fc86378fc6a74ee77d68acea25205e033ec96f3a523ef06,5ebafd0665091f756adc1ca1207009f12dfad211a3edd7ec7602e702ffb8d665
v6p1i9_0072,train,72,2.6545866430933573,0.04807600285857916,527.9792233476496,36.42203145951305,10,8,1.7779541015624986e-09,1469815518.8248963,2031640140.8192291,163.83952763998823,50.628918898201846,45.34240482949634,45.46761444844019,0.9487652444165972,0.05123475565832054,-7.491764825123865e-11,9.36007349040181e-11,1621,6,bd0166fd8b7f4ca0973c867f6fbb80360a2d895ce70124922af450c880815abb,f1d70eabec3be2fe70192f0236e76dde71719bf6c54742bfd042fb4f6efa14ba
v6p1i9_0073,valid_iid,73,8.55376928852445,0.5668629016727209,1116.8275103906014,113.96231665512275,5,5,8.449554443359372e-10,10059095760.54654,13260417501.781485,66.9940783744948,87.49993415404674,65.08693343420046,65.80248763533007,0.9428735431992311,0.057126456808346736,-7.57790483485852e-12,8.85739598109679e-11,1432,18,5f00bb114c4da09386318919c8927a29dbb668b3da2efc09ab052c8a5100b2a5,4db49aa256726624869c6c6172f7650ed4461114260a594d78dab1a860d81884
v6p1i9_0074,train,74,15.041303814922736,0.7878262400627136,1330.4785198618497,69.00000501223379,7,8,1.275024414062499e-09,11964922913.567448,17145253003.796488,129.47438493700628,137.27852670129067,101.18443356431217,101.86188846373567,0.9654525491987731,0.03454745081946787,-1.824099960022662e-11,1.0325568047058644e-10,1486,11,632c51f8f3727882733a124a1667a74e0f46fa79b620aa0a7a5c2ac9e5b310dc,c98d4cf81411584e228bd21daa4a67b62165abfbddd6c96fe4d2db2c17a1228b
v6p1i9_0075,valid_iid,75,4.9840233431153935,0.33199519757181406,817.6988390275401,21.978095779367603,4,5,5.82733154296875e-10,8533541048.782124,10176877743.01534,117.928937124296,73.84077265007738,58.87946261674604,58.93726303413305,0.9765726528992873,0.02342734708746749,1.3245261742738161e-11,8.926217009643e-11,1617,20,637ca86216830030888801086710358b4e11aa6b5e9eeae1ffa57f94eeb34aab,0f824c2c70fcb01a9d8da024e8210820415e30aba278f3be6be5820736236c6b
v6p1i9_0076,train,76,8.950525224452281,0.4642570372670889,964.6784246847111,91.51832389290146,6,5,1.0588836669921868e-09,8260975335.340959,9864444080.531588,84.78441069094353,98.7239888746576,78.57905473379407,79.42693035252898,0.9461768635596056,0.053823136435384826,5.00958431350897e-12,9.018894490867164e-11,1392,11,2ee5e80a91796ede0617395562d5e1d0b6ec014c6a01006c141a55b69a72c809,b0e34d2198172670cb9e2ad2569caaabe662cff615a09223140d1100b7815c86
v6p1i9_0077,test_iid,77,6.427913489580009,0.9200871428474784,609.2671745041365,29.38605941872667,9,6,1.6909790039062488e-09,3751932183.7132626,5694801454.410157,212.9438242667968,111.3357275742884,98.99118671065467,99.11376367033711,0.9599693484878967,0.04003065150184622,1.0257014978018368e-11,9.052659604387205e-11,1737,10,8833eb4ba307cf8a572ede0abf77acd25f0161f8a0e8a4222414192108ef3ff5,2e44f34368313a5715f73f4c69c2a7408c2850e4b118eaa4e89e31627a0f2a7b
v6p1i9_0078,test_iid,78,8.690857470163674,0.7001001173630357,706.9349540887097,48.34071002150981,3,5,5.554199218749996e-10,15278755123.44143,17416294575.32898,96.80500012366126,140.8586952522494,110.3611994593352,110.72414309376158,0.9491839656516221,0.05081603435415507,-5.77715066333899e-12,8.744667143176042e-11,1560,12,edb1d07c6cdc4fb0dcb98c00f879d1af03cda7a7b4aa48192c77f9dd71a37b91,ad8e78db275695fccfe14f00f2f667c933f4481a6dc872f32ceab66a617d197e
v6p1i9_0079,train,79,6.8285714777665,0.181314155459404,1536.6959453078068,152.42278632871583,8,4,1.512222290039062e-09,4539621749.100563,6009218620.684933,159.42281736336523,49.2300183887632,37.52841323026164,38.201821576016606,0.954852541541538,0.04514745844576268,1.2699324299283251e-11,1.0498739444687866e-10,1428,13,76aa283f64ec9a2875e3026db014fcee47c0bdd1e1b8d53fb419322a241d95fb,1c1e07091aa4672010cf12eb1169f2b2f6f13ba200ceaf4839ca1fe46580d850
v6p1i9_0080,valid_iid,80,8.031921765089091,0.4364469153806567,723.3327799531404,172.1344466324215,7,7,1.3014221191406245e-09,6362716559.263812,8106926592.014003,196.31296296457808,113.82246889625941,87.01208981665502,88.91729072843323,0.906744107047235,0.09325589297656879,-2.3803720365226397e-11,8.936000784965451e-11,1614,12,bbbec28b951d9c5afe6186dbc56bfb7b6f9e0955b08c58b6b2a12f2a0e5cba18,461b4c8d2bf0788824bb6feac59661c2662a28697fb958ba4ce4b810b4de4548
v6p1i9_0081,train,81,12.12989542304525,0.9488775748759508,1450.306940789241,53.077396210685265,4,4,7.182312011718746e-10,16048954531.837828,24425074598.18683,169.58826913287572,115.50425782813289,77.46052509455613,77.82490504264814,0.9722759251461713,0.027724074862288974,-8.460356800904514e-12,1.1012110663694516e-10,1447,19,927619ceda501a624c3639aeb0e31e9b3e61ed0711aebbc2534fd3fc71957f70,d78d97d6f978997f81ef957e397b7638ce23376a74df26937f810f62398768eb
v6p1i9_0082,train,82,9.104880059559518,0.6654464192688465,952.4970492591366,27.73527627197521,10,6,2.018737792968749e-09,4568121987.283765,6566480997.390679,54.04191225712227,103.10680267999851,90.18140862190208,90.31773728388055,0.9758411724592384,0.024158827516942216,2.3819371427612695e-11,8.52483904286391e-11,1394,9,a8b63279dd4776a2f1a1f70ebd89ff1659a55097bd59c20bbaef803fed28978b,c67c4921e8dfa3afc71c50d095c837f5f1f7c010d54e5ffdc7a5bf55b716ae90
v6p1i9_0083,train,83,3.9495391386165553,0.2149950535967946,641.9027222411693,90.25232788812919,5,2,8.068847656249995e-10,5108696943.207898,6781701787.4464655,88.75381627290831,65.00283499363286,51.77933227211262,52.22272855516378,0.9185459750397955,0.08145402502069017,-6.048573963935061e-11,8.882681225493462e-11,1701,21,2b3607e31c4c4881442d32e1a0db8b2410530d6c05b9c52372b27cbe8dcb2e9c,45bc3cdc58da37fa6cb928e9702b8b453478a5eb2bee73c1ca24b3b5fe581f93
v6p1i9_0084,train,84,5.141000605723041,0.08272968418896198,1252.4774019174035,20.897808485244724,3,8,4.3395996093749967e-10,11962371141.17365,13126138077.198929,89.23920415129442,54.537957659236326,39.541988579804645,39.59231578239878,0.9855874718555946,0.014412528151624719,-7.219288613552016e-12,9.052133758534934e-11,1360,11,5535fa8dc1857831ff26cd5cc0531b07abd4303e22e754409afdee1318e8b139,613ea078f5b2134b4e6a0c5bea611443440c214d00917054c3b740f73e0e97cd
v6p1i9_0085,valid_iid,85,7.288506182907034,0.5331820202991366,836.4283505160854,67.47650212663855,8,8,1.6462707519531242e-09,4441962729.113146,5288474278.593913,142.99945614333217,90.96217717937793,77.57485364398828,77.96094609284995,0.9454200451520803,0.05457995486454741,-1.6627801541830077e-11,9.967721629207624e-11,1678,5,c2086f2b0c7d045a1dc36a099beea423f639e02fe9994abc735c27c526a58aee,3d8f39bb9bf9539c4eec3dc9880fa732a8c27b4f4097812f411a7f055f7b8892
v6p1i9_0086,train,86,8.737109430728825,0.8156363787129521,553.8961616057863,129.7763164863058,6,2,1.0660552978515618e-09,8017206737.677074,8988015660.713179,133.72437900959352,152.4558922811559,122.93495091567924,124.70534366313116,0.8870974500923534,0.1129025499201204,-1.2473810025661686e-11,8.614593356737353e-11,1597,20,663e5e3ee7b647f01a4c4090bd6a1c69aef9606c98140650dabe9449ae3d844c,ba43ec3c304185f9da807d543997425c3a3e07493e5713839506a8b63018df0f
v6p1i9_0087,test_iid,87,5.570855013944724,0.3032047487795353,1100.53506180546,39.69827288526667,9,5,1.8666076660156234e-09,3010536732.485781,3640482627.800615,135.52934171779623,56.6149853996576,47.118313020328976,47.26138938551956,0.9727109850145582,0.027289014954647407,3.0794394437505113e-11,9.352829299127909e-11,1570,11,99ffff9b26a9c4c50d7cb242662e613c71c9f487f78b1d212b2720a171f6d12f,930eb5c8c0932dd32cdb0a127f2f8272fb3c3dc652e8bc3dae965fad375943d2
v6p1i9_0088,valid_iid,88,5.737196201257357,0.47861642949283123,598.7647328799853,42.888864680960225,6,6,1.1104583740234368e-09,5178362213.481915,6642508155.121403,163.62399586761444,102.11375505774572,85.44535727799419,85.79490065418614,0.9494971092523153,0.05050289074429284,3.391802089643147e-12,8.58787842195146e-11,1591,8,1fccd6ab552e2fa3f8f9cc29e1ef987440bd5848514eefad1a95b009697d3853,084772725163e3eed784070f2bf19a49b96df7525c12fcde0f67aa05b3abfa4a
v6p1i9_0089,train,89,12.480791278902757,0.9056055014953017,1018.2354153609737,138.3352462128976,9,3,1.666412353515624e-09,7536362465.501378,10785388493.906797,133.47225316473308,131.62647982297142,102.29467482141693,103.6344554841153,0.9292688978802776,0.07073110214880148,-2.9079007256822452e-11,9.822263659351244e-11,1648,10,0e121cfb2c9fd87c4d028b6d61c7753b75ce96f113c4202483361a28da7cdb37,5dbeb4ec04da0ddb17cbc2e5c684c7a0222bf7aba59230b09b6e1ab1b072604c
v6p1i9_0090,test_iid,90,10.387333371864104,0.7476628581061959,1565.4441059751132,84.2290723043966,3,5,3.680419921874997e-10,28874752169.337315,34242419950.102966,66.22268018276779,94.33393698194021,59.599426413307576,60.08604628762219,0.965872783390332,0.03412721658834204,2.132593347361993e-11,1.0942517996309554e-10,1553,14,a16ef862b89f9dd05e59b0d4ed4faec872d7e58b3f7467a74dd1879e08bb7dfa,1d4855878051164049308f64c914a7af021d0e53b7bc51f15da51a652da20031
v6p1i9_0091,valid_iid,91,4.310127425085868,0.13362964242696762,668.9988559989221,25.735279622545168,8,8,1.4152526855468747e-09,3107607580.8530903,4149933324.7734632,91.65739930280014,69.26502510383625,60.6953020035855,60.76968133760615,0.9679897803434171,0.032010219662884226,-6.3013468553006976e-12,8.677241322187192e-11,1561,7,1a780c57ef37c22510431be3e264c8ca35a5a5352fe7d0ab913dd4993fc45093,5c8cbb2b97011a09de10f2b61f6e9f950389af12c620028a23da3b9f0fab3ace
v6p1i9_0092,train,92,2.557377351820308,0.00026910658925771713,1179.8197276188887,111.84298697651884,10,2,1.8746948242187487e-09,1347377785.7719038,1848427961.32044,29.63133160460557,24.99928644937853,18.59743417147449,18.834871885078616,0.9487949467179725,0.05120505334334888,-6.132139404757566e-11,9.818533650446089e-11,1587,7,94c7ffa2baee3fe0a0955f675410a41b92e4c00f099ed7142b4d4a4b3e252267,85f6e2293ba6a51d05b98ca2ef73763be770d4928571cb435ef88524e012d59b
v6p1i9_0093,train,93,7.339984800270255,0.6143032889813185,518.1352793763537,34.525863484871614,5,7,8.715057373046873e-10,8564850581.838305,10173432212.55064,117.2109041444676,147.98056445562344,128.74510077442105,128.9757538257156,0.9477620557978015,0.05223794419208597,1.0112503999070792e-11,8.128814070493416e-11,1487,11,7ab226c4ce9bdc99c155fdfda7ab91e3ba31fa6426e528893a04f71f287d691e,78333f8180f62928722b1cc20c934eb2b1789d5835829f67e9dbedd8c43899de
v6p1i9_0094,train,94,7.973691597351428,0.7732227221131325,774.9083694878665,56.98771114721728,7,5,1.2992858886718745e-09,6191321834.541563,7581884341.254795,119.09490953369564,107.35912702165035,90.5667972862853,90.98328030382784,0.9486874929596402,0.05131250706192243,-2.1562613990966442e-11,8.059402714689746e-11,1390,9,80507fe10986ae6422dc3be1bbe2589871a5ff43856e5d71367b61024f8d8235,f3a47c797aedeae9c0aac84ebd0347fdd0bc7e8e1c56550751a75bd7bcdff9e2
v6p1i9_0095,train,95,8.698723297713933,0.34623268339782953,1354.1960929998145,185.64610489773156,4,5,7.940673828124997e-10,10785987533.7172,12549201582.269573,169.61864034562646,82.60963687096779,54.362662414929154,55.48502184570927,0.9415483499688396,0.05845165003688878,-5.7284429345334515e-12,1.0928768849328798e-10,1733,17,5b5b38eb72792e3fcd7a8811e3b424b80a8fbefd6da0c17c30aa60dc3c116797,1675a42c618bc56a2d725e1d0fc3252547e0f6fe2c1e435a01ece35668551246
v6p1i9_0096,train,96,9.422586043083495,0.9326001033186913,847.2310077210867,75.81661309611204,10,8,1.9222259521484373e-09,4922700207.457529,6652227293.36093,131.75057072841392,118.72429086269398,97.41137786107288,98.17487403269939,0.9448974634598176,0.05510253652290998,1.727241460915476e-11,8.53166501454579e-11,1636,6,7d0c879dec811ac92bb23be0fc6148eb72834b45e86ef1f2b5d840e312aab07d,2912ee6ab9ef25cc580e4bc237ece6a5c5de9af951fa224aced34919aeb78fd8
v6p1i9_0097,train,97,9.36263393944116,0.4528461256995797,1281.870123739813,24.809354218340854,5,3,7.895660400390619e-10,12060070103.17904,15245196476.714754,56.956856610310865,82.67966981866317,69.95101461466281,70.02656372521834,0.9832615023288741,0.016738497675680183,-4.554330573171254e-12,1.0295911928870847e-10,1398,21,dc05630832c52f03d6d223c6ae54d3c736606a20f091cb303738c3fc541fc0d0,0d99b319a8ce0e3a1ccc461757a4e85b583bd19d059e7c5819028cbcfdec938f
v6p1i9_0098,train,98,4.5605080158234514,0.16941351350396872,1075.3754993246255,47.07582405437858,7,5,1.2327575683593742e-09,3733238455.0416265,6424589515.264092,68.27397650482705,50.012306131760056,38.949682084146026,39.08054739871159,0.9671582818044193,0.032841718215089834,-1.9509180574548762e-11,9.174996253362508e-11,1488,10,14230ac83f2994869f4baaf5410e3a6e6c1e576f68122a1652e1513822382a3e,601174cbdd1cc6b3c3740d8fb5b2fdbcff639a32216322c7ac7761748f4bca79
v6p1i9_0099,test_iid,99,8.311051225823226,0.7111505996435881,546.7178773003137,145.98069757045397,4,7,7.688903808593747e-10,10669592264.906246,14066381161.124321,138.66737788084498,166.0203812815722,118.48303768494448,120.35556470119525,0.8803730351767831,0.11962696484920254,-2.5985711131803383e-11,9.095791185427385e-11,1724,15,d0771d5ea2c3f4b40af25ef8935f40f7ed6075484c90cc2e6617b0541422beb7,685adb75c2a49dacfbfd91f84c81eca5cf1dca8a30995526242e891f99612d95
v6p1i9_0100,valid_iid,100,8.678937581874788,0.578763515688479,1483.1323467989025,63.01427213526262,6,7,1.145629882812499e-09,7673435332.5418625,10199715611.533972,115.69664159680903,71.6271872661722,53.24093907426013,53.582987453439024,0.9712544898417652,0.02874551017960519,-2.1370437453893725e-11,1.0014757085257621e-10,1419,14,f88b9bd47febcc316678a416304802fcd97d93125317eb21ca112af079446acd,18be2479014b5b18a81ba2ba56b47a750a96ad52eb70196339835c20be5b801e
v6p1i9_0101,train,101,3.4117681724683147,0.037025488913059235,733.7411513510347,193.40321767727357,9,3,1.4953613281249991e-09,2364229906.4410686,3919960925.511395,133.99762047678274,45.34210842950165,35.83598106582477,36.60044846470008,0.8960337830357652,0.10396621694262798,2.160685716710077e-11,8.874215422641907e-11,1546,11,31648e0e61352655b36cd758f656006d68f387f7518837c3ad4b94c8814a2b79,abd856ddcbb6c40c71d2be09280beeae7836fecaec72bc0989c47e826b9d18a4
v6p1i9_0102,train,102,5.019766398477175,0.31948226504027843,632.7515313673769,101.51792310543345,3,8,5.462646484374998e-10,9120131423.558464,10043919421.987082,115.62471906768289,89.78299535946275,65.48800010412076,66.12216408956083,0.9091236921382086,0.09087630788276371,-2.0972381155586816e-11,9.062093036080849e-11,1747,17,b2201275f74dc4567b16fafdbd911d4b426ac2cf2947b747231c3b37c76e4429,244e276e9e3022b7c0ef4e96a07d32c4b7f5df6e8d19d326a8246d2ba62379c5
v6p1i9_0103,train,103,10.918970735585617,0.7992371832951903,931.6154150112774,32.89074114645765,8,3,1.3633728027343742e-09,8293413396.018362,14014114785.3022,41.659192468338894,128.8711370030228,109.56507239930995,109.8053568148818,0.9723323715034349,0.027667628476056232,2.0508911355954585e-11,9.138835123395359e-11,1520,13,add5d8dc37cfdf8af311f71a3daecf05723d10ada1341426f5b3095ec87a1c7d,a131a488655e18b9419e6df6c31982ef9ce2dacd646e1962d15e9f682401a2d8
v6p1i9_0104,train,104,9.024627299924244,0.9824604066088796,506.79348986848294,30.70284443645765,3,4,5.413818359374997e-10,16646069087.29307,20554639050.393585,215.2929963513398,191.46191627269928,162.20454086069267,162.56736185357138,0.9534065980468333,0.04659340197176426,-1.859746498246585e-11,9.175787044644786e-11,1623,13,9bf8c66d5cc2d201c4c4cf84319d4a952dd69475b5b5ebd2af7b1d57eeda8733,1dc1a3f9505cfb5a2a34307406dfe5ffed2e60a2b293234bf940af9437b10cca
v6p1i9_0105,train,105,6.598109905775899,0.40163983777165413,1163.372795753103,94.34116332982084,8,7,1.4057159423828117e-09,4740373603.254261,5566360439.376835,68.03427919870164,62.91390575255298,49.74401404843512,50.138373190690096,0.9498067705430379,0.05019322946288099,-5.918847317173035e-12,9.165978936605584e-11,1483,8,30ecbe2a77f52ab47beb920e8e1d9e396002f63288c9591b9b55516a719ddeaf,ff2f5d654b8528fa533d1de5dbeda471ddc83532400c5c7a4cde641c6dd33715
v6p1i9_0106,train,106,7.833006421122818,0.24369478411972523,1373.4396804872904,156.41915029239567,6,2,1.0681152343749997e-09,7602209223.175939,10784366550.26112,173.24596181570416,69.79648906854402,47.95869007425656,48.82832918717996,0.9460549190521285,0.053945080977786414,-2.9914859046641506e-11,1.0016535308117712e-10,1606,22,eeb588708f0b1d4261f8eee2179f74f594efbb51f6fc8f99aa37cc6c0d72dcf0,dff6bfd124d7695a0000c41c2fe7c3616c1999f6353f746a2d73468598b07434
v6p1i9_0107,train,107,7.565806052548177,0.6374750239774585,792.0807915942054,50.73450684375894,9,7,1.6377258300781238e-09,4732486998.619607,5819099210.048805,140.11226660273445,98.5715282478705,85.59616155574734,85.95545791926781,0.9550950356409121,0.04490496436493607,-5.848219614564571e-12,9.452952923991712e-11,1541,8,441ca1a23a74065b5bb2e176827e2c1308d247129b2fb15935a177962a7aa83b,878bb3267e344187690f1fcae586ce0df11d85b129e574fa6621c91ee74ecbca
v6p1i9_0108,test_iid,108,8.352949043702342,0.5042381025850773,1005.0024891077463,116.68348902321132,7,7,1.4019012451171872e-09,5856629301.847967,7455730866.3894205,147.49428360075993,92.08523912497276,70.72960492194181,71.61863728402874,0.9380915945742986,0.06190840542199717,3.704243905105451e-12,9.483806971609213e-11,1702,10,2ee682c2da9e58243e2a8e5bc502989b38f8e8f15bc28ba110b6e24c6376be01,879658e5e186c79da7bd0acd9cc0dab426962e292914bc4a6b0a825309e196ed
v6p1i9_0109,train,109,2.9409418330362,0.11045692581683397,584.890042343704,38.141099876621546,4,8,6.522369384765622e-10,4645328534.904316,5553477152.887093,204.18435629376356,52.56917723936084,45.44899599255296,45.548476948448624,0.950111031332446,0.04988896870353476,-3.598073333770115e-11,8.531036851358657e-11,1397,9,c85fbb6c72564e0fb57ad002abf0f09cd48ea2a2133ca44c9b13160acb5dc86b,54e1d141c123520cc481476e41bcd088f71695bb3162747bd6a8530a9623ad23
v6p1i9_0110,test_iid,110,6.224471583718072,0.26937782298773527,684.8208600252126,22.91215642106901,10,3,1.8078613281249996e-09,3434158406.095463,4454911774.3171,85.61644983974742,95.23551097777238,86.00353281576163,86.07990793052946,0.9712476739411077,0.02875232602520574,3.368656238209606e-11,8.131272960183978e-11,1463,10,95e383932dbdd5b59598b668c37db6b583c8952be95eda37b141574dcac20341,683050f4645739f0899dbd0448efdfff01be6a1e351a15ae3a5f98288afe5f59
v6p1i9_0111,train,111,12.238097134090445,0.8501993287354708,1586.3923664438064,70.96601495955903,5,6,7.839965820312492e-10,16040004412.501102,20891641074.623356,143.26617865365583,95.16053841916272,70.38447753718742,70.85622987498688,0.9706987772643934,0.02930122274627132,-1.066462900494994e-11,1.1476715248768781e-10,1598,15,687665d8718422b1783522370cf7292001fee30ee1933f4f5b865c9f772296a9,d9ad68968f76a09b1c8174f8b6aa1366c292aacdbbca271083765e0b19f09b76
v6p1i9_0112,train,112,8.428906437825578,0.5955628836527467,746.7256876024287,64.58313736849465,6,4,1.2799072265624994e-09,6609043697.386306,8371959669.379146,111.20690091646162,117.93047802894876,97.89765438805436,98.60166910764342,0.9457742911939562,0.05422570881980952,-1.3765706530100887e-11,8.903244110875181e-11,1522,16,0159665a99391ccca57f7ff687abd72eef3f2647ce913a64ed5e7999c3f4c121,6dc52bddb1d6b1497135efd43d94830450f6d6c0a01c89c21cc528ec831a0944
v6p1i9_0113,train,113,3.8644675436044613,0.020104825496673584,1404.9382358711152,20.27269431643643,9,4,1.5203857421874984e-09,2541431090.7897353,3320325692.2538786,86.29162861416482,33.040290811486386,27.259278372900397,27.277246515080293,0.986687227417771,0.013312772586881405,-4.652498757355173e-12,9.965013342772852e-11,1545,13,89617f48269533472fdd20aeec207439e624d54f710299335b44043d3c5a54cd,488c59f772fc076081fee1cf20732e8635025c63b6396f18c27434dac701e531
v6p1i9_0114,train,114,7.669677723128151,0.36557777784764767,914.3866633170467,38.68436200324124,3,8,5.01632690429687e-10,15614803783.55966,18032742375.133297,62.85618466789746,104.04803704389838,78.18534137375703,78.37570435888186,0.9666158788233894,0.033384121140781105,3.582944467181498e-11,9.971450342137293e-11,1679,10,73d3863a7b13fe59088036bdd3ca20fa4f90d19ef66d494bb9bdc965c00937b5,ab6edfd568dae64056a707432c6d0a38b3b4f8e25130f5f775a32307e47adc34
v6p1i9_0115,train,115,6.200008162802555,0.7530189445242286,668.734998581577,123.65421833640474,8,3,1.5024566650390617e-09,4092791688.614847,5287915098.271549,46.7130538453438,91.61367824928436,74.47708356292216,75.48351657154655,0.9087969460345386,0.09120305391065144,5.480995532263514e-11,7.443165866108627e-11,1330,9,9760d3c5433285c8d5327eb21fff3a6d0b604396af20d283cd5986c6e7706bc8,734dcfa51fcf97eb28c0f73d9752d136df1ccee7984939a29cef9b003590103b
v6p1i9_0116,train,116,14.936912474589267,0.8862604349851608,1213.2387211902737,51.84002352741015,10,5,1.7515563964843744e-09,8639148898.201885,13981518034.138992,175.57846671209518,149.26413449958613,114.54851544446137,115.09515069655347,0.9688618875568228,0.031138112457622866,-1.4445597265103456e-11,1.0409904915405918e-10,1692,6,d60138050c614dc1ab80dea6d38f9029f9d747a6a0180741731d9c48b3b16dc7,d486c342097cd0dae9ebdaa45d3ebc318596bf0a94140f35f2329129dc71282b
v6p1i9_0117,valid_iid,117,6.276091910173767,0.49882023874670267,863.436223685893,164.3775555060814,5,5,9.175109863281244e-10,7031328997.075154,8053293934.165792,136.1115605847611,79.54055118716303,57.8815645887727,58.95706232494761,0.9158167537757689,0.08418324622502278,-7.917033749386752e-13,9.005057658559705e-11,1490,15,47c351b764be7c09c4362af6ca86698087f923bfe02204d83b57b877293b0e23,923437f720388297851774d17683471d380adbfd066c606c0a81843ef94bfa98
v6p1i9_0118,train,118,3.852940090580118,0.15237001981586218,576.9802374997647,86.5737523341266,7,8,1.5106201171874993e-09,2553998018.4297757,3129737208.081524,56.123806831576374,65.42013858243172,55.00219886928282,55.48045160911383,0.9125387069660625,0.0874612930881658,-5.422833686214285e-11,8.616087715062994e-11,1543,7,e19915d54b5fd447b9efbdb2d40218d2037ee23f474dc0cb30b86ac80e2c6782,bfa3973b892f22a2ba7acc51a3ac929c5ef00e4c0d3449cd4a490381720ef7dd
v6p1i9_0119,train,119,9.21325354890867,0.7278271075338125,1056.3755877309054,26.967146373542413,4,7,6.202697753906249e-10,14588285125.826878,15965814418.079977,115.4517345340507,107.22619611210854,83.51452448675614,83.65297159015604,0.9786934266691457,0.02130657331322591,1.7628423665200892e-11,9.117453093457417e-11,1477,10,e4964de2935926a1f57c6c8f94fa155a78d361e0369090644b48b66d6e960922,ed5cbc0fae8140b7be3c26f4497327b9430e078c8ce75ed97c2ec66a38dd248d
v6p1i9_0120,train,120,5.452766819659924,0.5519204251468182,618.143763766821,33.64406017308531,7,4,1.1000823974609374e-09,4955089274.782362,6726645323.216345,183.4199772040796,94.7423855142531,81.25558207395929,81.45308583640872,0.9582367593736993,0.04176324066150007,-3.519936709393546e-11,8.868547562542672e-11,1692,15,e1342ecb725922ed48591b4af14451177e18c73d0898c91a87b9ea2e281d9961,8b2cb32d025db8daa28c04b674bd30589f8d9a888eaa2ded1137801ae345693b
v6p1i9_0121,train,121,5.042561344911542,0.06289577949792147,986.4074342920287,106.56686983038723,4,8,7.458496093749997e-10,6963478834.940493,9906968909.581537,101.87426845225447,58.76537937566911,43.33968829941367,43.773086656280256,0.9380176059749928,0.06198239404227721,-1.727010442273907e-11,8.766247514964399e-11,1443,7,78bc46935bedc0bebc957056c4c28995cc57dd61237339ec88ee705fcfdd65e9,834dd06f2b29144cb009c40b2d9fa2525f3305cc973f40148d9d13ca2d811971
v6p1i9_0122,train,122,7.266319418558343,0.28385772090405226,1502.7398205566085,177.68569276639624,10,4,1.7779541015624996e-09,4119225047.0510817,6544282169.735351,180.89506132435054,57.04862043250296,40.09222016324618,40.98214152264109,0.9490703501880838,0.05092964980698803,4.9280826166959145e-12,1.0676317964212447e-10,1486,8,d5b55356735132677c5e5c91a37288d13017120172240cac27ba95c25b1599d6,9e4962814d372be369f7602739fc0a28001a8f44576d57fd06fb557c449d8c82
v6p1i9_0123,train,123,8.57572361912756,0.8358420375734568,696.9309132143645,55.28303981383769,5,6,1.0203552246093742e-09,8347865740.583565,9791533808.584381,121.67982605796779,129.91173220889368,109.41795494652538,109.89696719949467,0.945296317585382,0.054703682436106627,-2.1488673380622136e-11,8.942353233766563e-11,1598,15,8394040a3ff9b1e3dcab87d266777ce82ac415f6d416934181eda280f383f9b0,aee39e71fb34fbc767706493c7882a32315dd2bf65a335aec086efbb4006a048
v6p1i9_0124,train,124,11.818489226394616,0.9682246344164014,1142.8337766298562,132.69687712284588,3,5,4.674530029296872e-10,25708004475.13258,33716912965.462605,87.6745750511452,127.61710291874988,85.48134612903198,86.96185801010598,0.9445575443611637,0.05544245564357632,-4.7399807419396086e-12,1.059517714548533e-10,1532,14,dc116986f928ff9be3130e0e5bfc4ddff7d2204230d8452eb061f6bc1b46e7f8,2dd381a277f5754665780bd951c0191ad6153535a43e6af6456692722894102b
v6p1i9_0125,train,125,5.53612397419871,0.41624128445982933,534.8551731401392,41.7010514398301,8,5,1.6781616210937488e-09,3350823944.055825,4202322218.8364043,101.04634065189705,105.19532083408774,93.61111181419881,93.812435923077,0.9405145856793765,0.05948541432278517,-2.1616877790246483e-12,7.617675301190129e-11,1549,12,0b1dcd4d1fc19cd8e074943a39ed80e7c622622923ffd6d6651863446d1a3000,5fb3f4e5b8a871b56b86c3b9faa2bf5eaff7cfdeb49a63b98ddf00df8e36d26a
v6p1i9_0126,valid_iid,126,3.865488555936926,0.19625661708414555,807.2448774463704,25.13532543501714,6,4,1.0885620117187497e-09,3542410856.8961277,3873626620.402364,90.50454463723574,56.911360748947345,46.13563094622203,46.18643269650962,0.972821510624698,0.027178489360985037,1.4316943433419803e-11,8.914788680322955e-11,1661,15,7567fbcd7d26afc6bcabc91c88d7a0db5543fb469ec3553a85d65e09b03db8d7,40b1f1abdfdcf7169a345e44d2b4fa258c43303c948a9de72b976e8dd09bd824
v6p1i9_0127,train,127,13.465015274559839,0.6852802960202098,1299.9238036544216,80.43345447392004,9,4,1.7385864257812491e-09,7933854371.294044,10124141354.51914,122.14566324482912,114.17167916298524,91.36758247237164,92.15734341765672,0.9624326842057401,0.03756731579713876,-2.878925005429233e-12,9.842134558909224e-11,1430,12,34f5d7f775bb96de160002331a328d07bee813abda9995f260e0cf48628c5247,ace2be180210fefd09988f0d0a0561dba6956867d5a6012d64c93a9830ffd006
