sample_id,sobol_index,sobol_dimensions_consumed,continuous_severity,package_total_power_W,top_h_W_m2K,bottom_h_W_m2K,source_count,k_region_count,upper_source_count,cross_family_overlap_pair_count,power_base_W,power_top_h_factor,power_independent_latent,power_independent_multiplier,total_source_area_fraction,mean_source_area_fraction,source_area_cv,mean_source_aspect_ratio,source_centroid_spread,source_upper_fraction,cross_family_overlap_fraction,q_proxy_mean_W_m3,q_proxy_max_W_m3,mean_local_k_W_mK,local_k_log_std,background_kz_pcb_fr4_equivalent_W_mK,background_kz_bt_substrate_with_vias_W_mK,background_kz_silicon_interposer_tsv_0p1_W_mK,background_kz_bump_underfill_under_interposer_W_mK,background_kz_silicon_die_lower_W_mK,background_kz_tim_between_dies_W_mK,background_kz_silicon_die_upper_W_mK,background_kz_tim_to_spreader_W_mK,background_kz_spreader_W_mK,split_role
v6p1i4_0000,0,59,0.019540000706911087,3.04722178759562,945.7380442378188,41.79482675648484,4,3,1,0,3.8977000035345553,1.0197155761397658,0.04307141155004501,0.7666843569012056,0.06007284697431815,0.015018211743579538,0.14810709405679737,1.0875011187152648,0.2571559851648402,0.25,0.0,3317417834.11393,3968560014.8092637,47.890692122029634,0.4140763394321495,0.3301089488603516,0.4982179417848768,133.80089258309454,5.436695337075034,130.8950160164386,4.307535294987867,129.98602683655918,2.354968986510049,391.59769218880683,train
v6p1i4_0001,1,93,0.557317566126585,5.888130224985676,545.6171626493688,119.90662260298345,8,3,7,0,6.586587830632926,0.8411434361362806,0.6823820089921355,1.0627885303612705,0.08791633340271396,0.010989541675339245,0.25807377697307565,1.0994237458792542,0.3247949678443983,0.875,0.0,4509532538.720197,5579527537.856463,98.11598699629938,0.3681031065804429,0.27942541898924944,0.39658294711301895,139.1488310834393,4.336265160976326,106.75897169858217,2.9868966277536595,100.11591059155762,5.544859346941108,399.1962269647047,valid_iid
v6p1i4_0002,2,110,0.8529678368940949,6.986673960382688,732.9236639578709,67.89873684042418,5,8,3,2,8.064839184470475,0.932673876528922,0.41868024598807096,0.928848646209819,0.06498967728061528,0.012997935456123055,0.21916158086789853,1.2636381126929692,0.27566331621228457,0.6,0.05,7171743558.367836,9417811041.495613,111.82463550378166,0.40362609276905653,0.2601666910528433,0.6000090634980347,126.66649865917861,5.826609572837679,118.08231365866959,1.9962224561233066,149.36446188949049,4.172188843521756,393.9745803643018,valid_iid
v6p1i4_0003,3,83,0.3200811306014657,6.8954625899756214,1259.5980119773383,23.313933041023663,9,2,4,0,5.400405653007328,1.1273024232387654,0.8070152290165424,1.1326522260715421,0.0992937262757716,0.011032636252863512,0.14679610219240122,1.2761661093402772,0.3365267816412719,0.4444444444444444,0.0,4593719561.368677,5818758392.79702,241.16214525765008,0.11448723268708116,0.3446963585220921,0.48579682264620283,149.56353186629713,4.6433379542973485,143.77551097422838,6.303932732838777,119.85957943834364,1.8267328946114634,386.63948852568865,valid_iid
v6p1i4_0004,4,71,0.39631662517786026,4.577933363465143,604.1982077046441,100.80630247845782,7,2,2,1,5.781583125889302,0.8717100513645605,0.37498239520937204,0.9083446004018646,0.08374621362340878,0.011963744803344112,0.17917250203982843,1.2531739093433154,0.3792406135472121,0.2857142857142857,0.07142857142857142,3745257193.5615005,4864716137.320593,77.70031094619362,0.012579285107201965,0.3709485224160864,0.5756237151204546,143.98395581636578,4.56920772214171,143.7233158852905,3.7374857469166494,138.83193647488952,3.542719035585358,394.4832768384367,train
v6p1i4_0005,5,83,0.9330109506845474,11.414702162748021,1147.5356313156308,27.955200191786865,3,8,2,1,8.465054753422738,1.091132307518481,0.977675711736083,1.235826198239065,0.03182496126500337,0.01060832042166779,0.14144934091338654,1.1704923291357356,0.3215112178125659,0.6666666666666666,0.041666666666666664,23819644761.521923,31995593487.42997,117.16358672100694,0.8271460526089256,0.2503203643269848,0.4532303798891477,129.78507886175066,5.688320094132612,119.41580763086677,2.0877158591387595,118.70226375758648,1.5560896313507833,387.05274395644665,train
v6p1i4_0006,6,149,0.727196385152638,7.590927900477214,1499.81750708368,49.94712293621981,10,7,3,2,7.4359819257631905,1.198319699423692,0.24937070347368717,0.8518906313941176,0.12235882754592357,0.012235882754592357,0.19049069356963833,1.2678925638609226,0.3532312165394761,0.3,0.02857142857142857,4239414619.0916533,5374195055.964523,55.47738352564769,0.62512344348336,0.2843733676208398,0.5197153293579349,154.36754683032632,4.0251537527482615,105.74295758269727,1.4145599742894839,132.0133195258677,2.7828594324257394,389.24309231806546,train
v6p1i4_0007,7,105,0.19343979377299547,4.733328869028601,826.847387826739,178.218060317079,6,7,4,0,4.767198968864977,0.9728774291313415,0.6030415343120694,1.0205758180086737,0.07630979494300748,0.012718299157167913,0.1840948490394244,1.1761405290882359,0.29659825484194646,0.6666666666666666,0.0,4097058528.567314,5444101870.796512,82.5974030285639,0.8893332200020055,0.30036398743784687,0.42539309675561543,122.68366416916251,5.015250566644632,131.6061063669622,5.545261979937353,111.51798460632563,6.487123163017496,396.8789321510121,train
v6p1i4_0008,8,133,0.07530795130878687,5.7578837407390715,1310.5480528123217,165.50220861242113,10,6,6,1,4.176539756543934,1.1430567289489857,0.9299904741346836,1.2060865858152456,0.11767792500398513,0.011767792500398513,0.20403616133332786,1.2635947317073095,0.34142065388080356,0.6,0.016666666666666666,3279501657.365938,4390693529.078545,84.49726723693546,0.7898007526029159,0.31217834096614233,0.5918774944113457,152.7547418512404,5.6288262049557805,112.27670828811824,7.218799965170601,142.25318138487637,3.1679643547532566,396.22390730306506,train
v6p1i4_0009,9,94,0.5973461950197816,5.4443859317516745,704.281440526115,61.071541758366926,6,6,3,0,6.786730975098909,0.919751357776487,0.29550118278712034,0.8722035124807689,0.06871601768562241,0.011452669614270402,0.23183693160933655,1.204515317041784,0.35826050509104956,0.5,0.0,5218591100.005493,6591246487.374287,182.7323635348681,1.0316391494025794,0.2954287090097729,0.4662311162084366,121.01527756080031,4.49048589421065,125.4752934910357,1.6513753589857236,112.74925130419433,1.4009360513746723,388.5953876655549,train
v6p1i4_0010,10,100,0.7973009757697582,6.454708919235361,529.1569428226304,34.58740815629887,7,6,4,2,7.786504878848792,0.8321733945137073,0.5555993085727096,0.9961397608669758,0.09463453685761086,0.013519219551087267,0.1820526392277284,1.180809464148623,0.41601978063556805,0.5714285714285714,0.047619047619047616,4602516264.291072,6492700973.579701,135.95743413901235,0.7005005435081247,0.24605012772657456,0.5056151343032886,145.65236954484135,5.103169366200949,149.29293761961162,2.752995788958497,136.99923516251147,3.111339580442003,390.05341423209757,train
v6p1i4_0011,11,59,0.2801383323967457,4.385430264142819,975.223678078438,92.307357379036,3,4,2,0,5.200691661983728,1.0307319430328405,0.17013440281152725,0.8180980696552047,0.03003112843722583,0.010010376145741942,0.17233911414851802,1.4503658469660354,0.3692790945722275,0.6666666666666666,0.0,9973980820.720854,12037367496.250923,104.81072732129867,0.49166714954455454,0.3644600370535976,0.41367212288118627,131.3979902351275,4.067699675414628,112.66218582168221,4.427247618061091,107.1281639393419,7.204287766495185,397.47662691865116,test_iid
v6p1i4_0012,12,80,0.4499961556866765,6.443451512382177,839.2341746085759,21.6550527402715,5,3,3,0,6.049980778433383,0.9779538448354851,0.7301593916490674,1.089045967970657,0.054344443122470276,0.010868888624494056,0.1768175193740915,1.2468879395015795,0.20952439073079612,0.6,0.0,7921724319.948079,8758363660.936375,111.85224036690879,0.6842817629170727,0.35083626663466305,0.5418464614453554,124.92968591861427,4.173788728810159,124.83588107861578,5.399601440324479,126.3676293194294,2.1058841801618926,391.49227575864643,train
v6p1i4_0013,13,134,0.9711645441129804,8.239396701180073,1477.9921727137676,83.00391965142653,9,8,3,1,8.655822720564903,1.1921873222165098,0.12252175249159336,0.7984405055955985,0.11953226200679108,0.01328136244519901,0.17607638580778762,1.165443627886293,0.2542131428395726,0.3333333333333333,0.013888888888888888,4558495931.5105715,6548214567.850144,72.84477252628486,0.7843908547123688,0.264686661176509,0.4311228885310289,148.01901950500906,5.194922938541328,138.20594362914562,1.5333651162029984,105.87172983214259,4.991930407597123,398.83468868676573,train
v6p1i4_0014,14,65,0.6735607236623764,8.886865593348546,1080.450167160113,148.3224797926104,4,4,1,1,7.167803618311883,1.0683680988359259,0.8545476999133825,1.1604905334477584,0.044677172516757284,0.011169293129189321,0.3415220020061846,1.0306224268508317,0.2953547462471002,0.25,0.0625,13001927065.15566,16535355886.03674,160.69899751782702,1.0583929174557374,0.2689714536730869,0.5517502303549965,135.34537782426924,4.859437571922705,137.02586987055838,2.5214218132082986,144.18420922011137,4.664845650372222,392.93908515945077,train
v6p1i4_0015,15,87,0.15531481057405472,3.940720215978332,641.66893983819,38.279181914800375,8,2,6,1,4.576574052870273,0.8902625578561216,0.49788757506757975,0.9672015845931128,0.10079226424426713,0.01259903303053339,0.23400378364725827,1.133261093104727,0.3485403977774095,0.75,0.0625,2587504175.6807427,3282778535.302815,31.645515907367944,0.29245019810119954,0.31762169964859754,0.44691902593082206,140.8855374297127,6.053429112315346,100.22518001496792,3.2663991713001326,124.05511634424329,2.0286016796457624,385.33322929404676,train
v6p1i4_0016,16,93,0.4258573455736041,6.568465308841773,1182.8355874172175,36.86058898384755,7,4,4,1,5.929286727868021,1.1027645233895649,0.5720898080617189,1.004566455225799,0.08685636050422449,0.012408051500603498,0.22384723222577035,1.1322930755770888,0.40644899998406403,0.5714285714285714,0.03571428571428571,5139893090.85084,6216885684.044188,69.13749192170395,0.840996207145985,0.32170644112950303,0.563212294069248,122.12305677589029,3.9459108020588736,146.12112804315984,1.649394072913756,102.14884672313929,4.580479818403841,387.98837969545275,train
v6p1i4_0017,17,88,0.9010040340945125,6.004231857266859,586.0439636129748,135.95902728366954,3,8,2,1,8.305020170472563,0.8624517767397092,0.21780910808593035,0.8382661739248373,0.04148350666652104,0.013827835555507014,0.31017609560967674,1.0552808645860683,0.2035908436869589,0.6666666666666666,0.041666666666666664,9426718471.820023,10434719883.655691,93.36328359923144,0.6167719665933354,0.27301765400218697,0.4388430990539732,151.64697939064354,4.914900150642734,115.73966508731246,5.052659288720035,128.52796474471688,1.8491846841816466,395.41914173867553,train
v6p1i4_0018,18,127,0.6966624166816473,8.499930993077825,794.5208573067223,77.03296510088619,10,5,6,2,7.283312083408237,0.9593920340989176,0.9467220762744546,1.2164391028685075,0.12005169618703378,0.012005169618703378,0.23070588730472064,1.2605163807520978,0.31527544455621137,0.6,0.04,4662481653.543214,6020975182.325557,113.55247172143683,0.8720256856304784,0.2611869276176104,0.5348775855338824,132.53779302351177,4.5939234576792405,109.10152210853994,3.475952635843745,121.52804546058178,2.2038334538977535,397.8144412394613,train
v6p1i4_0019,19,119,0.22639037482440472,5.357419415376347,1561.392685232053,20.54970548292995,6,6,2,1,4.931951874122023,1.2153140016316861,0.34341889433562756,0.8938163932852129,0.06345212575754944,0.010575354292924907,0.15432780057070633,1.1846621871103777,0.25645557133464825,0.3333333333333333,0.027777777777777776,5530354564.876849,6777867974.694374,165.10408066366873,1.1544498551212385,0.34573599150353357,0.43628073790447386,144.51255000196397,5.727186278662672,128.54930674657226,2.3539251443610656,148.27392315492034,5.331510260664633,390.1788298971951,train
v6p1i4_0020,20,65,0.05251216050237417,3.840499116411986,558.6792628552967,85.76238565997568,4,4,1,1,4.062560802511871,0.8481372647209259,0.7755751935765147,1.1146067025904258,0.04478901056339307,0.011197252640848268,0.24323820907698873,1.2878130679226047,0.3593294956332785,0.25,0.0625,5617266386.100637,6926635042.669097,121.62788799025881,0.9022027522471968,0.35903221618972775,0.5127602460877541,146.8108536908403,5.953343285597632,133.94800391979516,1.7767399736984721,116.47189282812178,2.901733246196585,398.2570060621947,train
v6p1i4_0021,21,106,0.5268192430958152,5.9491386052634265,923.8220571144774,32.85930367848875,8,6,4,3,6.434096215479077,1.0113818760240136,0.3876069001853466,0.9142213716822902,0.1006500387680896,0.0125812548460112,0.10403280634404334,1.2713216349013046,0.3114095025407875,0.5,0.0625,3945271954.0671062,5121416724.635367,125.29441303378245,0.5442593298363856,0.2429076901617761,0.40673858908420674,126.13786848727614,4.746928112023352,103.39811537414789,6.7564560728931715,140.0929921772331,6.949266901933188,390.6582420133054,train
v6p1i4_0022,22,76,0.8210127744823694,9.153358874855686,1196.3024912106434,58.74142342180003,5,4,4,1,7.905063872411848,1.1071427099901086,0.6509400606155396,1.0458550599690701,0.06130552923561471,0.012261105847122943,0.2154659683218324,1.2059066270871068,0.33342954447937806,0.8,0.05,10182991044.89412,12882400874.403114,194.3990496108919,0.7666103640963737,0.2998012884037729,0.5870800840513745,139.7094035334885,5.39743870848208,121.76074204035103,4.710306995174161,109.6555654425174,3.4906856754412847,385.7003692397848,train
v6p1i4_0023,23,94,0.3496272135525942,3.9754189511354663,771.4308478094761,151.53825543713978,9,3,3,0,5.548136067762971,0.9495398652059417,0.011996163986623287,0.7546100716767484,0.10322995422442043,0.011469994913824492,0.17738137249901018,1.227770857355577,0.38619277901668725,0.3333333333333333,0.0,2589581424.5359416,3396630578.6766896,38.490619165657854,0.12639104149135863,0.31637598635958886,0.4703819501544625,136.52149496600032,4.299804918162209,141.3815164938569,2.5696261553672493,132.90947671048343,1.4138816593810306,393.03523247595876,train
v6p1i4_0024,24,82,0.48149202577769756,6.946235885099541,1420.564633550362,187.76463451004952,5,5,2,0,6.2074601288884885,1.1757651993490132,0.4663254749029875,0.9517326905498034,0.06914934203942547,0.013829868407885092,0.19495511470812657,1.2012353182394755,0.30225229991789454,0.4,0.0,6747600473.164,7705095592.805593,136.70814361308598,0.6741399449995654,0.3042745060015558,0.5273969447430272,138.16922621801496,4.830668980851877,115.00703715719283,2.1697169256878945,114.61321907117963,2.6134608774916037,399.7702741622925,test_iid
v6p1i4_0025,25,95,0.941158315166831,9.633379026734591,872.8539868736658,53.82995586330968,9,4,5,1,8.505791575834156,0.9914910819460582,0.8235964188352227,1.1422866445045428,0.09349050014745403,0.010387833349717114,0.19473557842730818,1.286743630517297,0.260337402092615,0.5555555555555556,0.027777777777777776,6923239359.651033,8401315729.9557085,138.43952664465425,0.5552370704105386,0.2887117742741885,0.41816644328038016,134.78048069402575,6.015615256536586,146.9510544091463,3.5727250431619177,141.3585288450122,6.216827581817482,392.428090730682,train
v6p1i4_0026,26,58,0.6411059377714992,4.9535614824598255,661.8994303491501,30.503739327070228,4,2,1,0,7.0055296888574965,0.8999874529779588,0.09095774311572313,0.7856699178608741,0.04955906719646312,0.01238976679911578,0.20411771218573202,1.2426568207529038,0.2760696509692901,0.25,0.0,6535030340.08095,9022403000.50645,308.2703261794827,0.22001596494934716,0.24701925791385512,0.5708256419978884,148.5519034275785,4.255296684333129,127.8170841280371,5.786267742131296,109.35698328539729,3.8747724499185945,386.26871700864285,test_iid
v6p1i4_0027,27,83,0.18632955383509398,5.3607611704024,1047.648880148375,104.66380453687712,8,3,6,0,4.73164776917547,1.056902112273803,0.6992062050849199,1.0719617418100993,0.09425812269345782,0.011782265336682227,0.23496921159335238,1.1740162634321991,0.28972258469373474,0.75,0.0,3808552526.2183037,5036219054.604002,125.97417811909632,0.9631092424872023,0.3655879955213957,0.4575584794193802,127.67814385239035,5.303870066799032,109.93175841867924,1.3645267962230532,135.73667779564857,1.5801565696899451,393.8748012529686,train
v6p1i4_0028,28,145,0.10630206950008869,3.1515135715761935,669.4831866583987,25.467634919187084,10,8,7,1,4.331510347500443,0.9035831807826534,0.13906061556190252,0.8052146857341932,0.11187617656794571,0.01118761765679457,0.10708639849778241,1.2427298625437815,0.365126263331932,0.7,0.0125,1863202502.533591,2658534887.5427074,97.3133529241494,0.9043187485788032,0.33954170180545495,0.6123487951151232,130.86507136933506,5.141957764962218,102.56783808581531,3.103613991271332,104.20481539331377,4.125486946466329,387.65605955850333,train
v6p1i4_0029,29,83,0.5648548100143671,7.556272473291339,1379.1553187235786,70.57722078435461,6,5,2,0,6.624274050071836,1.16365399485377,0.524159774184227,0.9802694179240049,0.08360272673563764,0.01393378778927294,0.15534036939507576,1.2511936377539283,0.287682424846833,0.3333333333333333,0.0,6079432252.491547,8683005532.33603,103.74114672946621,0.8188645911631076,0.25684237824266604,0.4773366004570676,142.90394655428827,4.100857811750517,134.6802675165236,4.1168129364096995,127.45966971851885,1.6542623774918945,395.2843498112634,train
v6p1i4_0030,30,89,0.7672438463196158,6.814023359224934,998.9627398106855,126.18603319122471,7,5,3,0,7.63621923159808,1.0394449741554153,0.26442548260092735,0.8584672387902712,0.07124988046119674,0.010178554351599534,0.23237252077541903,1.1978545969676275,0.38048119638783146,0.42857142857142855,0.0,6498365591.104683,8168930226.3098755,94.11948925613227,0.49131468571491205,0.2835089445875421,0.4921387325865678,123.73162475880235,5.510792199052805,140.5516445171088,6.579338558469214,122.02063160948455,2.4464222554183364,396.53742875903845,train
v6p1i4_0031,31,53,0.3116278862580657,5.247391285783207,516.4739338985963,44.993889694580965,3,3,1,0,5.358139431290328,0.8251372531808516,0.8985490379855037,1.1868702498711794,0.043228697685960396,0.014409565895320131,0.13324641234390514,1.0623168561390568,0.23341165567977953,0.3333333333333333,0.0,8100692621.620896,10420243023.277374,43.03035705765186,0.37984899421478024,0.3345049099214769,0.4012454244753054,153.3196029951796,4.391064084601744,122.49331558123231,1.9260621448238622,145.64076666720212,5.958269202552163,389.1139878053218,test_iid
v6p1i4_0032,32,117,0.9958423562347889,7.757178026923816,905.5843000354696,26.901897673790465,10,5,8,3,8.779211781173945,1.004348330275235,0.31238673999905586,0.8797593092513576,0.13149447445763865,0.013149447445763865,0.2220809022709947,1.1375362201431607,0.40781728807711937,0.8,0.06,3944731690.19151,4936016184.118674,63.60590937349265,0.6260327508185008,0.33155088728589915,0.597909652376596,146.076894630678,4.274239638901021,132.5251767411828,1.3828560549703137,121.05697714723647,6.087259923583709,395.55711219552904,train
v6p1i4_0033,33,82,0.4580579809844494,6.23629375573605,572.4866628010597,102.89022008680459,6,4,1,1,6.090289904922248,0.8554155347049983,0.915264124982059,1.1970477235781196,0.07115107438789553,0.011858512397982588,0.22783004759522457,1.24735732191188,0.30995450027877053,0.16666666666666666,0.041666666666666664,5780316298.528842,6888189784.420416,180.90079123768857,0.47436502585081297,0.2801571344144117,0.48748105435269684,131.79471251089126,5.363591048438988,105.11689153499901,6.024623579338537,147.43607281707227,2.6651469982380545,388.2220203569159,train
v6p1i4_0034,34,94,0.13163835648447275,3.4673073208262695,755.4753468770699,184.24672341877064,7,5,4,2,4.458191782422364,0.9426193618678029,0.18677576538175344,0.8250822294149368,0.09531277847697872,0.01361611121099696,0.24773209921326217,1.1791285758795065,0.32298115038236813,0.5714285714285714,0.05714285714285714,2404484463.9188566,2939905676.237651,108.36212324774824,0.8472916223368607,0.25455859208335196,0.5034746975320021,152.0653236657381,4.71072357678279,119.57781556993723,3.619954041741594,102.9224191326648,1.6141320971382587,390.48582724295557,test_iid
v6p1i4_0035,35,88,0.6645471313968301,7.865910893745625,1227.3897061880657,47.45355784237987,3,8,1,0,7.122735656984151,1.117128467841225,0.5406287536025047,0.9885509923013496,0.030995168123147773,0.010331722707715924,0.039779229677541036,1.154331879773747,0.2431188376007556,0.3333333333333333,0.0,16965639510.01919,18762460728.663395,213.84554747348616,0.6474041952085814,0.335506873809419,0.39246767140711575,120.3365733847022,5.906009664836622,142.29174074716866,2.2586164652208853,129.6683221589774,3.8004291909035777,398.0843620188534,train
v6p1i4_0036,36,65,0.6195386126637459,4.741648972123567,597.8359946035517,115.35020553496327,5,3,2,0,6.89769306331873,0.8684863021903668,0.10548311937600374,0.7915212183900382,0.062491548179044044,0.01249830963580881,0.15869955526314988,1.3667910678721003,0.29092399680622044,0.4,0.0,4992187090.92647,6757945453.251845,155.09891106483977,0.6360132757295844,0.3686920956956205,0.5251610743808139,136.0167374042794,5.770888182097981,145.20632987841964,1.8489826894320374,110.27321312576532,1.7126402068512578,390.94278301112354,valid_iid
v6p1i4_0037,37,129,0.08286826312541962,5.056358000026054,1154.3278015170492,42.67005789765255,9,8,3,3,4.214341315627098,1.0933883866058338,0.7449777815490961,1.097320904296554,0.10007942218140546,0.01111993579793394,0.1217814287973225,1.2650749409479252,0.30069450564701694,0.3333333333333333,0.041666666666666664,3322332071.96733,4502298988.262923,103.19022618442851,0.8596393901135077,0.25010231039009456,0.420954631017025,141.58043048810214,4.6314985111300935,117.92106195352972,6.489044234983591,133.8942871429026,3.99244432934301,398.5786228440702,train
v6p1i4_0038,38,124,0.2569369273260236,5.969224156159471,1594.3411301752521,24.108100664504875,4,8,1,2,5.084684636630118,1.224229075429049,0.48109314404428005,0.9589394286370742,0.04946019235049834,0.012365048087624585,0.1873595534898964,1.1910392003146786,0.3642006924387073,0.25,0.0625,7907505444.941854,9644418642.499535,187.85450847464864,0.7245502408579895,0.29114529480196133,0.5736308056841097,124.52321839518845,4.943489626596442,107.38428151234984,3.9528936263890198,115.94312898814678,5.756387020076663,393.25419581029564,train
v6p1i4_0039,39,94,0.7906848015263677,8.621364362984009,774.4108213674427,64.48972220580221,8,4,5,1,7.753424007631839,0.9508220547659786,0.8696102881804109,1.1694542014046478,0.10060910731329206,0.012576138414161508,0.2273865159686139,1.25007903629685,0.2927579763614092,0.625,0.03125,5650609213.8689785,7295650202.20617,83.02473789488634,0.6701745887653268,0.3080532797550594,0.4548250803246407,147.60610939003527,3.971028112469491,129.97670187614858,3.06166859703209,139.1970626078546,2.5284812834482935,385.82366292830557,train
v6p1i4_0040,40,108,0.9088204661384225,10.170746362928524,1351.8570028851982,81.33422725164495,4,7,1,3,8.344102330692113,1.1555400878482565,0.6676932945847511,1.054843876101026,0.045019537445949546,0.011254884361487387,0.21960373675056358,1.1655738533459996,0.2654641467265178,0.25,0.10714285714285714,14983812160.322765,17173657452.114643,164.44301424936353,0.9501338957277333,0.31354181496316463,0.510920313961114,127.36229267902672,4.426499319639096,101.25923985615373,2.321504753437294,108.2264510449022,1.9140370303058987,392.21996665000916,valid_iid
v6p1i4_0041,41,112,0.3867909098044038,4.041020309511463,685.9679084423155,22.499766964988286,8,7,3,0,5.73395454902202,0.9113088372776825,0.05999556835740805,0.7733413019305714,0.0977946587278867,0.012224332340985838,0.18132350155036606,1.1450090792152379,0.2845749564942237,0.375,0.0,2745851887.938393,3428781769.5985456,123.13751210303963,0.8661355332458934,0.2962022126581239,0.40936135385372885,150.23586020804942,5.55344570313544,136.48007954470813,3.336661439831389,134.97178317047656,4.431828232057871,399.64317933656275,valid_iid
v6p1i4_0042,42,59,0.21858204528689384,4.504974486352399,505.7651000022114,40.296308363170176,5,2,3,0,4.892910226434469,0.8191083487898169,0.7920823199674487,1.1240450971875415,0.052871378776767855,0.01057427575535357,0.21450621151228688,1.318471244824247,0.2585487643464823,0.6,0.0,5807058942.939128,6786693683.195058,115.77483925900182,0.7649830351546403,0.24074641811441078,0.5898365939254262,133.3870804635808,4.126510153371145,138.43454206362367,4.9841267548821975,115.45955794863403,5.149776943192612,393.5866879997775,test_iid
v6p1i4_0043,43,128,0.7357207424938679,7.347732488131991,1024.8302971469034,143.4490785147272,9,7,5,1,7.47860371246934,1.0487873413813833,0.4353601969778538,0.9367967572077222,0.10383317039787138,0.01153701893309682,0.21026143521551183,1.288974665186342,0.25355136894844343,0.5555555555555556,0.015873015873015872,4544342432.848264,5989799902.782022,145.90659321056822,0.7252450009567194,0.35474381939350663,0.4678777284684033,138.74139584135264,5.172433634053713,123.53307600133121,1.583630891595546,141.83922712691128,2.2772745340321516,385.9581683622673,test_iid
v6p1i4_0044,44,98,0.5346359135583043,8.048183492343531,890.4957362013441,59.827257779828045,7,4,2,0,6.473179567791522,0.9984593719420825,0.9925165409222245,1.2452306934096604,0.09643597322360804,0.013776567603372578,0.2455650382823747,1.175761395726776,0.3800453640234462,0.2857142857142857,0.0,5678460090.485583,7113580368.800518,111.03635327915578,0.7742060327414211,0.34870204132836186,0.5498119474691852,154.7633671015501,5.270037589829367,113.96576054394245,2.6759107385672287,122.90654676035047,6.80299747291085,394.9884787155315,test_iid
v6p1i4_0045,45,59,0.013445486314594746,4.059718860836663,1386.4015598379533,172.0154425631207,3,4,2,0,3.8672274315729736,1.1657902416326908,0.3579671587795019,0.9004836462451044,0.038809926130807984,0.012936642043602661,0.10490688302197787,1.289103763075088,0.3595133398250528,0.6666666666666666,0.0,6891804224.548236,8372751993.610808,77.09162425539995,0.586562207739671,0.2644559736151635,0.4484625518468618,123.10722153633833,4.230454796735369,149.0635695401579,4.774318215256926,146.16142641752958,2.9584957888705055,387.3826228501275,test_iid
v6p1i4_0046,46,89,0.3418186455965042,6.032458485408294,1069.850611054075,97.20053628086971,10,2,5,0,5.509093227982521,1.0646879797675604,0.6181265655905008,1.0284705707898252,0.11864267173063478,0.011864267173063478,0.22067462917756225,1.146645881161834,0.3229574846942289,0.5,0.0,3369766614.7909083,4175448914.7303486,88.84957031494726,0.6120032916789695,0.2753767322553925,0.5475558580311933,143.30615260172635,5.9671333344902004,126.02185346186161,7.03442332545041,103.21170566603541,1.4439771052190065,388.9722725376487,train
v6p1i4_0047,47,100,0.8600713387131691,6.1026032480416195,645.1809271029732,33.443340575626834,6,7,3,2,8.100356693565846,0.8919649404929434,0.23259966541081667,0.84462359271171,0.06425084336788718,0.010708473894647864,0.22710667996106867,1.2868593026487236,0.38443973981251445,0.5,0.047619047619047616,6452298032.61253,8126961254.643484,125.2748033893307,0.9034762452465005,0.32575291843907045,0.42664357264906244,129.0966294379905,4.794350546546995,111.24187880195677,1.800506855203929,126.83181837201118,3.4229889018136705,396.314685465768,test_iid
v6p1i4_0048,48,83,0.5895371539518237,8.427580521440822,1130.2240896516412,31.638159660259557,5,6,3,1,6.747685769759119,1.0853425965617773,0.838048217818141,1.1507506069585687,0.059099991719935845,0.011819998343987169,0.15426413798898161,1.2226782648423744,0.38613546366770796,0.6,0.03333333333333333,9366784615.264065,11904407417.576464,118.33827275360119,0.6375348430119034,0.3214260900632908,0.5367339738063496,149.2306409822777,4.9859552035977694,141.5116905234754,4.609377418155952,148.6877820454538,1.3534683222526027,399.51410335022956,valid_iid
v6p1i4_0049,49,122,0.11436699610203505,3.610880711332029,610.80317050903,87.48685188951102,9,6,4,2,4.371834980510175,0.8750335427953464,0.45014189276844263,0.9438971601452957,0.11155006258323735,0.012394451398137484,0.2819101480349376,1.2131185645099152,0.35531851469844367,0.4444444444444444,0.037037037037037035,2167327500.886763,2607449751.472854,126.42817429822351,0.5964369876325863,0.2713568459700918,0.43475545196177584,128.36752865929157,3.9994643832056713,120.36102502606809,2.7898285630002606,118.81764344871044,3.2742249118819418,391.87849200796336,valid_iid
v6p1i4_0050,50,109,0.2879545297473669,5.472569332676296,813.3031190900969,156.74844782327295,4,8,3,1,5.239772648736834,0.9672697488660253,0.7134138019755483,1.0797699162663361,0.04108539377551883,0.010271348443879707,0.16699083673578644,1.2527751683434056,0.23040854690450796,0.75,0.03125,8984136105.69951,10516558062.278006,104.05285968402467,0.9519644822906536,0.2678734281774581,0.5573700135023985,137.77247056365013,5.645572782482405,104.33377465233207,1.7196723101578935,130.55551210418344,7.458520965363634,386.7592700291425,train
v6p1i4_0051,51,94,0.7582347821444273,7.1168209684309,1517.7711736103838,55.777963167585405,8,4,4,2,7.591173910722137,1.2033208930480053,0.07452996261417866,0.7791043737512713,0.10270522193546658,0.012838152741933322,0.2291813545220348,1.1584506058612667,0.27292030830840625,0.5,0.0625,4685851141.088383,6343548309.6575,87.4560056025714,0.6540342935317568,0.35396937863369304,0.44347466015594855,134.35598898679018,4.532398315488536,133.30532549880445,7.316930981868622,101.05065498501062,3.011001441579567,394.1900320723653,train
v6p1i4_0052,52,100,0.9633557414636016,7.089793959383413,553.9840202559002,130.86736420086,10,3,6,1,8.616778707318009,0.8456356537608327,0.5095549365505576,0.9729833060424695,0.13759647465786418,0.013759647465786418,0.19068075692629397,1.1864305833156392,0.3433361861965982,0.6,0.03333333333333333,3345750254.2505274,4236437354.5547934,30.76837295655608,0.18561343593141327,0.35997220847160366,0.5809524482743201,124.14450149517506,4.679261449973182,129.1942672803998,3.2220816509124273,132.44519229047,5.099262539560379,387.28281521238387,train
v6p1i4_0053,53,82,0.4890549620613456,5.1510730802334335,935.4949118319976,37.610364071535535,6,4,1,0,6.245274810306729,1.015836357963306,0.1553362011909485,0.8119371359607668,0.07064202516070339,0.011773670860117233,0.20058880879782293,1.3400173603576124,0.3883382456436816,0.16666666666666666,0.0,4953726128.973542,7145881671.590214,151.3738509692269,1.0533222906501143,0.2439685892230363,0.47530940254171616,153.72610389720649,5.8736094672107075,108.16358071751893,2.4208999594085254,112.31549424119294,2.065479288041564,394.61767844855785,train
v6p1i4_0054,54,77,0.16313076950609684,6.166009654892968,1280.5969625527475,21.26183776831283,7,3,3,0,4.615653847530484,1.133844808371137,0.8841883949935436,1.1781954826037002,0.08154458347097782,0.011649226210139687,0.22528128926973906,1.2524388701270632,0.34488879548270174,0.42857142857142855,0.0,5117677249.177681,6746592778.799777,158.08213559346015,0.9803732790666994,0.29180879297013,0.5145624830165499,130.1702116895467,4.361980608213869,117.14166421443224,1.5122424409651445,138.11587034724653,1.9863222260164208,397.14505531359464,train
v6p1i4_0055,55,103,0.6344947684556246,5.606526906078764,724.2412675961903,73.12226453731279,3,8,2,0,6.972473842278124,0.9287918500273558,0.28094527404755354,0.8657422672484062,0.03245174348748757,0.010817247829162524,0.2587319851394295,1.0516286917013493,0.3624007738428523,0.6666666666666666,0.0,11329167071.948961,12050269261.2169,132.7489664045521,0.6958218944153511,0.3095563436581701,0.4053292228457521,142.23255359567702,5.470722432262679,145.9886719007045,5.183236919421791,117.62055777944624,4.757100902572422,389.54629126470536,train
v6p1i4_0056,56,71,0.502626134082675,6.223890382596921,1455.567325903617,69.1957677903141,7,2,2,1,6.313130670413376,1.1858248759220447,0.2016479093581438,0.8313743091316134,0.07757149852961742,0.011081642647088203,0.1896710749930502,1.257420028227775,0.20645181057849976,0.2857142857142857,0.07142857142857142,5322834933.033449,7240045460.083324,43.21733020833676,0.12626216278532199,0.30400948296624514,0.5648755934755819,132.94519488699734,6.102921092357557,122.7537851780653,6.052913650621637,136.054477840662,5.662884460752871,388.3181391470134,train
v6p1i4_0057,57,59,0.04298143647611141,3.9886714594865293,848.3626654160493,26.44688969812468,3,4,2,1,4.014907182380557,0.9816638404008616,0.5865649404004216,1.0120220195807117,0.03633976516367149,0.012113255054557162,0.26683394048266346,1.1073969894249285,0.35413430873919555,0.6666666666666666,0.08333333333333333,7687281942.700485,9224195188.810652,167.77232672146732,0.7575697193224824,0.28695561053625185,0.4623576961485409,144.9263955000788,4.896501338240482,139.21699174679816,1.9692482986567794,106.55057011172175,2.3092972437279964,395.9242233913392,train
v6p1i4_0058,58,150,0.3747644601389766,4.4512163297844705,631.10231784472,47.39106937324222,10,8,7,1,5.673822300694883,0.8851037353908376,0.3270134935155511,0.88635724317148,0.1101242855114493,0.01101242855114493,0.20345676886175748,1.2089551966033159,0.3739793459100596,0.7,0.0125,2759057824.2956376,4276392135.855133,133.01375749433242,0.5815567697288957,0.25334295837171344,0.5292580651453844,121.45076181273907,5.228008532106265,135.697728022933,2.867351679938248,143.28682254999876,1.788283161213709,397.2502995794639,train
v6p1i4_0059,59,116,0.8295345110818744,10.447417699665902,1093.3250415709597,121.97460103266803,6,8,1,3,7.947672555409373,1.0728067703701383,0.9609530102461576,1.2253142582174905,0.0809111661581265,0.01348519435968775,0.1825830319050731,1.2028859488560375,0.36859605240676535,0.16666666666666666,0.0625,8476755921.972936,10102155017.00075,70.54326916079327,0.7587105358560001,0.37429397012789906,0.41672297863647184,150.95115199219435,4.198081542733496,102.03862288035452,4.2484366502699835,113.41572599485517,4.253802528882577,389.90811614785343,test_iid
v6p1i4_0060,60,114,0.8783192802220583,6.9828166204582995,715.1188796614483,52.76426720979887,4,8,3,0,8.191596401110292,0.9246803689954612,0.40392019134014845,0.9218716358032586,0.048272742834350145,0.012068185708587536,0.12260124311327947,1.1875361629732883,0.30436837540312145,0.75,0.0,9637876438.724585,13133145383.62803,218.0807842941589,0.6165852447925624,0.34043080182861835,0.4938398535370323,140.39788633584976,4.042177111478786,110.45867810025811,5.618543551120398,145.27573590166867,1.5030473971790765,398.7040670355782,train
v6p1i4_0061,61,118,0.4197582993656397,7.4315480686072135,1296.4697350613396,195.04264312429888,8,8,2,1,5.898791496828199,1.1387439596781819,0.7610090039670467,1.1063439349577076,0.1009884224156314,0.012623552801953925,0.3010677143006393,1.0999051825325417,0.26116149995484544,0.25,0.015625,5073058658.255943,6701682546.528483,95.56688851729395,0.894203720742098,0.25796425412204044,0.39983735438585905,137.19926480203867,5.072810246866163,126.8019191455096,1.4725246733518504,124.77986174635589,3.66077679104597,391.28062608186156,train
v6p1i4_0062,62,64,0.24812336172908545,3.97691648628374,991.5341094224111,110.27686602896985,5,2,4,0,5.040616808645427,1.0367330243053616,0.02855364978313446,0.7610196223563575,0.05211860779031741,0.010423721558063483,0.34825529053193727,1.1954558308272583,0.3637206182324352,0.8,0.0,5220647896.669748,6683144755.377872,122.94356078058736,0.01915916715486654,0.2759506674656625,0.6059882973521489,146.3872629450634,4.454798288615659,148.28341165557504,2.115754199085673,125.5786067340523,6.714630042122288,385.01892605796456,train
v6p1i4_0063,63,99,0.7037628209218383,6.297249193721061,522.9350845532437,29.477912710934184,9,3,3,0,7.318814104609192,0.8287355621282054,0.6366180768236518,1.0382314676247122,0.11502181469485945,0.01278020163276216,0.20254451962892958,1.1669700053863263,0.29772506743010735,0.3333333333333333,0.0,3646831855.015046,4338824271.356013,91.08847518428956,0.28439284233188566,0.3272943591507347,0.48236805693600493,125.74208159465343,5.585914524019597,114.74886308424175,3.8914548889200904,105.44949150644243,2.692546026288251,392.6472163107246,train
v6p1i4_0064,64,122,0.17699583526700735,4.335100849094577,1030.7657532892867,91.92996151827047,8,7,6,1,4.684979176335037,1.0509093248093215,0.31402039155364037,0.8804937845589872,0.08808907145590507,0.011011133931988134,0.3021756643635342,1.124535754002558,0.2858249479707756,0.75,0.017857142857142856,3214530436.772422,3864131413.9264607,145.77650428694128,1.068525305576121,0.3283454478082258,0.5730426832095018,148.1881779525429,4.866277273978823,104.72572431899607,5.285464598909595,109.93564683012664,3.0424391813800513,397.9152802284807,valid_iid
v6p1i4_0065,65,63,0.6519064148887992,7.0578015451417295,500.63982511313037,35.40042456202505,4,2,1,0,7.059532074443997,0.8161935157693715,0.9602899430319667,1.2248993001930615,0.05310823314126805,0.013277058285317013,0.14804457904585833,1.1964448843093214,0.31224498105619175,0.25,0.0,8614620477.15311,10313910082.947638,186.13612147909546,0.1136277599695541,0.2769639098548752,0.4561405547595606,125.30849588103592,6.10847640957968,132.13477209210396,1.5472877721364449,133.5559726227075,7.3845937413761495,390.55043699219823,train
v6p1i4_0066,66,129,0.9456034991890192,6.436138876255627,691.3933949520855,62.965786364309345,9,8,2,2,8.528017495945097,0.9138250975796162,0.18865546490997076,0.8258748527628572,0.10927606254999556,0.012141784727777284,0.18117005716051798,1.266859122010302,0.35801964129022396,0.2222222222222222,0.027777777777777776,3960780820.7715063,5255958140.21852,173.84591446507733,0.979585183768408,0.25884677811552004,0.5221126723015362,141.07072673272341,4.179778362382779,142.68224076367915,2.505932216298859,117.1687541063875,3.329247669056571,388.1551250303164,train
v6p1i4_0067,67,71,0.4755838979035616,7.190539547417091,1334.9908343528245,163.25737715319858,5,4,4,1,6.177919489517809,1.150473584993596,0.5859006196260452,1.0116786460750333,0.05865395719288258,0.011730791438576516,0.197283981585121,1.1884948625379814,0.37342038175251296,0.8,0.05,8042358755.994678,9269330721.027552,51.38742137854409,0.4569001891549091,0.34175338486702433,0.422725198121083,135.70597011130303,5.242019201957844,119.96907815337181,3.324014332627848,140.4234176967293,1.3305330524920242,395.7248174538836,train
v6p1i4_0068,68,118,0.3016668660566211,3.599551751144567,653.2422780859614,39.50933965691173,3,8,2,0,5.308334330283105,0.8958499048794514,0.01800162810832262,0.7569285773916669,0.030493883321667564,0.010164627773889188,0.13259827063383603,1.2083730446965752,0.2541204470770593,0.6666666666666666,0.0,8144752232.700606,11374858288.125343,167.1038501353131,0.8888904844812388,0.3729263950915993,0.5004891358278201,120.77778425067663,5.042970079014947,117.53056230954826,7.163301773397038,121.39309225603938,4.802590670391146,385.77165386173874,train
v6p1i4_0069,69,93,0.7757381079718471,8.433954261503711,1061.3186561620182,146.47066995889057,7,4,3,0,7.678690539859236,1.0617084692374665,0.6296070236712694,1.0345197694208774,0.09008035224979032,0.012868621749970045,0.20088918342912948,1.3393709753932144,0.32977486030296965,0.42857142857142855,0.0,6221349312.128959,8356642478.359029,139.2522207638171,0.6485358194532463,0.2525344387580452,0.3940741490208174,152.4443168193102,4.045123103259008,144.81506692245603,1.6892613155977076,147.77297750115395,1.9650233911957355,393.43633671756834,train
v6p1i4_0070,70,82,0.5718766059726477,7.144173117744885,1400.7751059000416,82.56836754109271,6,4,2,0,6.659383029863239,1.1700062926754928,0.39336941950023174,0.9169164773555923,0.07251179199732613,0.012085298666221022,0.30895944942208514,1.1985010438475843,0.3241711455952536,0.3333333333333333,0.0,6616711322.649072,8077145141.540385,100.61049869615542,0.9348958252235904,0.2858423022649402,0.5972213778387767,131.14441808778793,5.5622754480385845,130.36786946468055,2.6997194986055657,101.69825153425336,2.101910941684001,398.39419702999294,train
v6p1i4_0071,71,144,0.10074321739375591,4.727719710782135,885.4897251556938,22.138504539015752,10,7,7,5,4.303716086968779,0.9964912427632882,0.753997297026217,1.1023883651578947,0.11917450101394039,0.011917450101394039,0.2084065479060063,1.2568010573131352,0.3842020156924557,0.7,0.07142857142857142,2636947223.0509877,3170399217.64655,130.53014250970475,0.8247836215908864,0.30297155848661833,0.4888360363634995,145.36011003423482,4.465683724610653,107.77468578889966,4.445443699350093,128.44337057322264,5.017214594303223,390.9934148751199,train
v6p1i4_0072,72,81,0.23059715516865253,5.977358048268744,1237.2951376193016,23.639531142773755,6,3,4,0,4.9529857758432625,1.12027568374561,0.7088433802127838,1.0772519303087655,0.07591583389178379,0.012652638981963964,0.20455295061165216,1.2642020778502692,0.3431037383875954,0.6666666666666666,0.0,5265648488.90722,6591515870.098066,154.57909218120022,1.0459205432587468,0.3105221175432617,0.5441384017723025,129.47600644547492,3.97586441367885,136.09008020721376,3.8033152889204884,122.47278136201203,4.32553485779223,386.1424694536254,valid_iid
v6p1i4_0073,73,124,0.6900123152881861,5.27677376784556,746.1424542948797,65.84210871524586,10,7,5,2,7.250061576440931,0.9385272033869373,0.06544391717761755,0.7754966294731629,0.11284763632105517,0.011284763632105517,0.20106179169791122,1.2284033262428853,0.3573359469503495,0.5,0.02857142857142857,3148801739.758292,4240521264.2022085,186.62590932856529,0.6136231933219045,0.2928390685219086,0.42862920899972684,143.74721326399595,4.9896813954926795,100.86847795173526,2.074832793201367,145.72688336484134,1.757890542114899,393.5359233664349,test_iid
v6p1i4_0074,74,59,0.8919201632961631,8.127402181302253,575.6899403502446,117.12816846472518,3,4,2,1,8.259600816480816,0.8570877273835307,0.8334784535691142,1.1480674821015384,0.03753533020284679,0.012511776734282262,0.22313390842165162,1.1366924105210796,0.3132798976620781,0.6666666666666666,0.08333333333333333,14581050059.895376,15896344720.290422,60.66004219659001,0.4359683021744684,0.24478442670034645,0.5494858078194661,122.39058714359999,4.5133780346155,123.92393327318132,1.4273689147338615,104.33822297491133,2.333280537850309,399.69531312584877,train
v6p1i4_0075,75,95,0.43738072272390127,5.629030345231116,896.3277678466332,41.975223404982934,7,6,3,0,5.986903613619507,1.0007432053203122,0.4410545937716961,0.9395257197800301,0.07767057299602184,0.011095796142288835,0.15773972419253493,1.1705196258999275,0.2487871020273637,0.42857142857142855,0.0,4793010641.2347555,5327714046.091664,89.73555411662296,0.7926712492183676,0.36132511043123205,0.4495682445471284,154.11268882453442,5.659166808515456,138.82463676854968,5.4278929678839445,127.95913158915937,5.607025727847989,392.0379585120827,train
v6p1i4_0076,76,116,0.3573909532278776,6.271058081583962,782.2867453568862,174.28972032216944,9,5,2,2,5.586954766139388,0.954195452406181,0.8810825506225228,1.17632770463212,0.12843864458032833,0.01427096050892537,0.1442954966275358,1.145483309352208,0.28749865056019935,0.2222222222222222,0.044444444444444446,3219454768.616456,4271191163.1137986,123.10986658597656,0.6912761514458586,0.3527223744152517,0.5894164502891118,139.5262560946867,5.83746466096953,148.67271189577878,4.324919301395479,108.66166763007641,2.740188397092124,396.38168405741453,train
v6p1i4_0077,77,100,0.8156923558562994,8.272085134630778,1585.2378091979224,50.221093579327444,5,8,4,0,7.878461779281498,1.221777997956169,0.2664878647774458,0.8593721257618911,0.04366013704640605,0.00873202740928121,0.07403624704981575,1.1719805070481553,0.4061558898306144,0.8,0.0,12417363155.644922,16939384719.00245,151.79004205129155,0.7454575570991979,0.26703768608274414,0.46896899850723983,133.96926585119218,4.683432130424717,113.57566621154547,2.928846920950505,135.40773605927825,6.606271812517783,388.8046642858535,train
v6p1i4_0078,78,82,0.5161353526636958,6.807216710635212,1168.9374205803356,28.314621449713044,8,2,5,1,6.38067676331848,1.0982120227575958,0.506450342014432,0.9714414684791769,0.09369606995935183,0.011712008744918978,0.19253317388712024,1.2508103061182139,0.286215601332259,0.625,0.0625,4904723019.987886,6462412136.039125,71.496143754867,0.8677871410712377,0.2703434622992682,0.5076710212470943,149.92497608996928,5.446674804577925,111.63187776692212,2.0418678657200426,114.33158311992884,3.695571113083764,387.5516013754532,train
v6p1i4_0079,79,59,0.06075654458254576,2.8646004771060154,593.1420377785065,97.64698487909656,4,3,2,0,4.103782722912729,0.8660935393680964,0.14087813813239336,0.8059626240756476,0.05250067385547665,0.013125168463869163,0.14152065837951486,1.3709368107760938,0.24432448230340903,0.5,0.0,3596100903.028605,4533799931.943912,82.39113086575055,0.953062863247134,0.32035631243123014,0.41121195893069296,126.85300615616143,4.373827701525003,126.41261573880911,6.254942930404634,140.71051040664315,1.4870060235488873,394.9237719597295,train
v6p1i4_0080,80,118,0.2706903889775276,6.220916423819822,1107.2851789203553,108.1158430029541,3,8,2,1,5.153451944887638,1.0775813657939919,0.7854216005653143,1.120227070836855,0.0344802284419526,0.011493409480650868,0.010688402343134748,1.3923237595438855,0.2960792371268518,0.6666666666666666,0.041666666666666664,11999130802.628242,14562757849.10073,120.10410954701608,0.3085293794969465,0.32449823273850725,0.5177993531630815,142.6076748315245,5.519715225296299,120.75141775421798,3.116128385124338,131.31797444075346,3.764634758404106,394.3718168605119,train
v6p1i4_0081,81,77,0.8082156628370285,6.447898707119902,626.2556608746615,30.101014112735495,7,3,5,1,7.841078314185143,0.8827187159804606,0.4244279796257615,0.9315798366270416,0.09019646650994619,0.012885209501420884,0.1393595990658384,1.2134221952507216,0.3492960915366748,0.7142857142857143,0.047619047619047616,4786097323.088302,6017793230.589562,155.438494938787,0.44942785862392165,0.2744288873049925,0.4034610438171533,130.61556150205433,4.430058157227173,141.9028458185494,4.036817694731947,111.18907229974866,1.6315396750805768,386.707363165915,train
v6p1i4_0082,82,104,0.6019208626821637,7.052090591069213,856.90306549723,53.56877478026289,6,6,1,4,6.809604313410819,0.9851114026381353,0.6610332326963544,1.0512612575447393,0.06455202105853727,0.01075867017642288,0.23165017418163986,1.1155297674380318,0.22321228395918083,0.16666666666666666,0.1111111111111111,7260709748.965573,9196156924.03765,77.36945713277883,0.6990588459644863,0.26349625470617527,0.5813030940766325,153.0051803542301,5.150422469243059,132.91407483629882,6.7297601965440155,138.55031803250313,2.61881767325631,391.92902233917266,train
v6p1i4_0083,83,154,0.06927035469561815,3.773412808883997,1446.9934148687735,191.89793126863447,10,7,7,2,4.146351773478091,1.1833754258693,0.04906209744513035,0.769034154782556,0.13118752374866133,0.013118752374866132,0.19272740644204425,1.2099162656592992,0.352981581540851,0.7,0.02857142857142857,1867032379.8467667,2701694651.621095,79.45744609191047,0.32873896182496715,0.3475806444439269,0.47415161328210004,123.49807898979634,4.137163133623368,103.94328655675054,1.9111000338046749,118.05422781035304,6.187126280617009,399.33003298472613,train
v6p1i4_0084,84,106,0.14548327401280403,3.863699453070342,525.8025902303675,44.824599662904355,8,6,7,0,4.52741637006402,0.8303232612156769,0.6168366139754653,1.027793093277041,0.1012927463174362,0.012661593289679526,0.25990917932604807,1.172623059332817,0.32078195654762914,0.875,0.0,2527577842.3212085,2850075444.592396,107.13464276516363,0.4988508185818349,0.3559680089025233,0.5577614830965031,135.14513839036226,4.20421231336544,108.55483175255358,2.207926020653778,149.81659413315356,2.5024830804730294,389.611232210882,train
v6p1i4_0085,85,65,0.6819255165755749,6.2503547070098495,981.2295574136813,129.10368516051463,4,4,2,1,7.209627582877875,1.0329492150259088,0.220202274620533,0.8392915732431033,0.051623341234422394,0.012905835308605599,0.1854040604244491,1.0650833553626522,0.260568531400791,0.5,0.0625,8193427449.501011,9461830215.622643,103.47594461781983,0.7070600855207572,0.24167449536116578,0.44243206320132494,138.35040017962456,5.275545323277798,129.5847550034523,3.550689130396571,119.94571364484727,5.813715075172369,396.97584617417306,train
v6p1i4_0086,86,99,0.9780721152201295,12.349945822336087,1307.0655913623973,72.82081336316664,9,3,3,1,8.690360576100648,1.141992721559658,0.9912278391420841,1.2444112254480937,0.09347895826123558,0.010386550917915065,0.1518861869866021,1.289418144525842,0.3057806281170983,0.3333333333333333,0.037037037037037035,8697169340.525171,10484451324.634602,177.15394818659573,0.965182061570121,0.297161256329823,0.5401636625409313,128.0609003128484,4.772546528854189,145.59827954508364,5.83864233835346,130.1194638479501,3.9262483926853435,394.785510385409,train
v6p1i4_0087,87,105,0.44455151353031397,4.961929309218476,706.4132797006254,25.10217949190565,5,8,3,2,6.0227575676515706,0.9207248218608552,0.34556911420077085,0.8947986893249887,0.06501212657366306,0.013002425314732613,0.3486227278805778,1.2354664885191216,0.37855339763175916,0.6,0.05,4871709470.142236,5993123020.004452,147.66682260595255,0.9484759003552516,0.3146847521416803,0.43278849658137675,148.71706530917436,5.98365342283959,116.75050854682922,1.3356503968993898,100.61534303240478,1.7422563865246177,387.21558935940266,test_iid
v6p1i4_0088,88,88,0.32440210599452257,5.36205788030749,1533.6762847465773,20.11135449097409,9,2,4,1,5.422010529972613,1.207719415147127,0.17193619348108768,0.8188513944351057,0.1137321784117964,0.012636908712421823,0.1411083993781941,1.1427365497485935,0.32549486697202756,0.4444444444444444,0.05555555555555555,3189999774.6274414,4179599642.0585413,184.13811029345547,0.11655297565869915,0.3068953056528257,0.6066204467835884,126.31986100692302,5.330145893788761,139.60774173028767,1.763074929416139,144.04928544536233,2.237795724902836,389.74018005188555,train
v6p1i4_0089,89,64,0.8462035553529859,7.653777231076973,808.8712957324301,77.39209267257617,5,2,2,1,8.03101777676493,0.9654216874089617,0.5378750907257199,0.987161432929785,0.06376178943590012,0.012752357887180025,0.2892310003190772,1.1160256616970212,0.26420710957544963,0.4,0.1,7763236157.496966,9057404125.170673,123.38843033043867,0.5424959370521463,0.2901834963816745,0.4809784925134766,147.17679620254785,4.2788459606582565,123.14377259463072,6.911484487152222,123.55414126068354,5.233976057637768,397.3174293199554,train
v6p1i4_0090,90,104,0.5481042414903641,5.018579852267458,618.3716585903913,137.74909527514228,8,4,5,1,6.540521207451821,0.8788132659447468,0.2975478256121278,0.8731158585492987,0.09599056129912499,0.011998820162390624,0.17311472336910264,1.333197938180068,0.28250815406347735,0.625,0.03125,3559235423.2476206,4948292438.58757,117.53918385246297,0.70934902294803,0.24921425027798288,0.49673151982145647,136.68530527502298,5.87928136975379,101.64854009635746,4.619136401916023,125.91701662167907,4.389864271205695,395.8593866042793,valid_iid
v6p1i4_0091,91,65,0.03119281679391861,5.117699834911043,1121.0071012789263,35.691172493867896,4,4,3,0,3.955964083969593,1.0822365063038575,0.9125092085450888,1.1953643247606793,0.039032918735782296,0.009758229683945574,0.19032336850741863,1.0966009505865761,0.20178347966408888,0.75,0.0,9087276805.79449,11481325831.789318,129.69441544192378,1.1612444284507202,0.36755216678700714,0.39816391245703436,140.09140819311142,4.723659743896774,135.30688267201185,2.580196417748655,105.78715316951275,1.9347898329871225,388.4874443989247,train
v6p1i4_0092,92,82,0.20107407961040735,4.273001714234191,729.8883453771901,153.7123218826951,6,4,1,0,4.805370398052037,0.9313201564444968,0.47260096203535795,0.9547885360619234,0.06637094977319291,0.011061824962198819,0.21984735622912252,1.2587898007005676,0.3375149158500152,0.16666666666666666,0.0,4437106366.462804,5566320100.927572,49.06516753717145,0.29762839846639316,0.33661990357797167,0.5324060786267313,151.39661862980574,4.603515659919272,127.19200155697763,1.6145235012499863,137.2793340589851,3.3664054652639974,392.5968115963042,valid_iid
v6p1i4_0093,93,129,0.7220054054632783,9.755946493865796,1264.4012975941046,56.9435315340799,10,7,7,1,7.410027027316392,1.1288051412301876,0.8644149489700794,1.1663546871456087,0.1327707027097516,0.013277070270975161,0.18893828523048095,1.2302634123773433,0.30413039038710127,0.7,0.014285714285714285,4980800539.705686,6123858142.001935,85.60762912951272,0.7553733508238237,0.25552202469229474,0.4150226807018405,121.82546581607312,5.775342282144309,110.8495238237083,5.098554321123292,107.77464234270155,1.4688631708729933,385.20312829874456,test_iid
v6p1i4_0094,94,59,0.9224412553012371,6.748477653181302,941.0087986145446,32.123490503200166,3,4,2,0,8.412206276506186,1.0179279557839302,0.09699218720197678,0.7880955202148224,0.03983883792436381,0.013279612641454603,0.055477333835796463,1.1559095157751518,0.30840309969162233,0.6666666666666666,0.0,11337099125.308372,12365404588.485592,109.70346853285648,0.8653354825065713,0.28102278050401863,0.5655168276327354,144.2803902272135,3.9540428428195247,114.3581127282232,3.4545884807642278,142.95001323334873,2.927934837751033,391.0987156769261,train
v6p1i4_0095,95,94,0.404446829110384,5.369493882202715,548.4699903396355,86.06808296312428,7,5,2,1,5.822234145551921,0.8426801362231742,0.7397817885503173,1.0944122061837815,0.07541598417394327,0.010773712024849039,0.18724363433994973,1.3050800687645643,0.30289968045675103,0.2857142857142857,0.02857142857142857,4661729306.213409,5666222619.375453,54.83429437317856,0.6720386106539584,0.3327313602769335,0.4610744279248844,132.2241545189172,4.956360371403185,147.89342461153865,2.395452823892109,113.07970625348389,6.87112562118774,398.7558420235291,train
v6p1i4_0096,96,95,0.8383873617276549,6.424675115882729,969.6380985069535,140.2774963165222,6,7,3,0,7.991936808638275,1.0286618589044543,0.0805288702249527,0.781495519698864,0.07579968058393327,0.012633280097322211,0.20334168246288123,1.2063072586961583,0.25892039255878685,0.5,0.0,5713385646.695653,7840557456.859098,206.1725867878989,0.9979390806296528,0.3332470471789357,0.5203053016195373,122.78961202129722,6.021411366644616,106.36885315179825,2.6158837956778673,137.6147157046944,5.418678437046718,386.45723675377667,train
v6p1i4_0097,97,104,0.3634683033451438,5.010511891706763,534.5481065963202,40.51994615101924,10,2,6,0,5.617341516725719,0.8351310495532569,0.69207230117172,1.0680624285043654,0.11626145286438662,0.011626145286438662,0.24037716917324184,1.199840894025348,0.3318156598654331,0.6,0.0,2959015687.7693996,3999864362.644335,81.88084307657566,0.4931225382922728,0.28257245952493193,0.4242124265066353,154.53517833724618,4.801094491350617,130.50413490273058,4.811331520573542,117.4857912119478,2.1656287466062687,394.02692917734385,train
v6p1i4_0098,98,88,0.039001861587166786,3.4688734337730764,698.7392688534453,22.790710677364608,3,8,2,1,3.9950093079358338,0.917211634926221,0.45589547138661146,0.9466754258222863,0.043708819213441365,0.014569606404480455,0.16093499306189746,1.1871464652332804,0.3081961009127953,0.6666666666666666,0.041666666666666664,5431912552.256624,6806253488.026131,91.00761179888892,0.7276016709617849,0.2559302458074323,0.5790475223397357,128.79499862436205,5.317828484685692,144.16629672050476,7.005595188109992,132.3607683647424,1.8692335412367476,399.14616372901946,valid_iid
v6p1i4_0099,99,71,0.5090452004224062,8.29128699802986,1327.1585023616428,78.77907826717924,7,2,3,1,6.345226002112032,1.1481066437113205,0.8164632879197598,1.1381319703337525,0.07591242363512889,0.010844631947875554,0.19729076382913158,1.3318162601013996,0.39637438139925396,0.42857142857142855,0.07142857142857142,7180337983.385775,9186983286.421862,236.3623733755795,0.5751587726160676,0.338492301579678,0.45138113441437383,143.05983169469982,4.236522097447691,118.47233683802187,1.836047113517026,111.86470347456634,4.537110254102042,391.781320492737,train
v6p1i4_0100,100,118,0.7141894502565265,5.572084046117774,633.7307701805335,33.9125462032396,9,7,5,2,7.370947251282633,0.8863922093427382,0.25155499670654535,0.852841695454108,0.11150342484500432,0.012389269427222703,0.3163268122238648,1.1673601137120526,0.322846521446122,0.5555555555555556,0.031746031746031744,3321327953.013226,4549452250.5017185,51.60913834714682,0.44102233607088515,0.3668010087005803,0.603522412340225,150.62183796428144,4.103596749657118,119.02502151206136,2.3006117583914545,131.20183777064085,1.4382496646627656,396.81352489162236,train
v6p1i4_0101,101,88,0.24014003854244947,6.356308634228075,1089.1890045841292,94.24999964675969,5,6,2,3,5.000700192712247,1.0713845745247863,0.8977625798434019,1.1863935288568688,0.06790857917147514,0.013581715834295027,0.25526805279697434,1.106303656111826,0.25557020142222253,0.4,0.1,5956808993.591066,7467799343.465401,133.55018286820336,0.6546741554136679,0.24795386914323836,0.48376362403876866,127.52212989144027,5.111421570060055,143.33329307846725,3.4087204322371885,101.33093195036054,3.4329817340041355,389.41274273674935,train
v6p1i4_0102,102,111,0.41225563548505306,5.569659523052203,1462.858846785601,168.01671670325703,8,6,7,4,5.861278177425266,1.1879005957785709,0.1261893529444933,0.7999377894533116,0.09818317693866327,0.012272897117332909,0.21202168801537857,1.1650872361128104,0.3079821073740139,0.875,0.08333333333333333,3856879987.943563,4905988045.982597,72.6354484883661,0.7420586224734279,0.2896042576809027,0.4987376720356543,139.11137612070888,4.4020393933511555,131.9962245412171,4.8977289014719165,149.01841655373573,7.018862862939406,386.8853784445673,train
v6p1i4_0103,103,103,0.8833824526518583,7.889492539469117,843.9449244340857,60.08980600814489,4,7,1,1,8.216912263259292,0.9798716422479024,0.5233744503930211,0.9798762484660661,0.04495274849608975,0.011238187124022438,0.1926540424418569,1.1757872348646223,0.26018820070449244,0.25,0.03571428571428571,11903101296.46025,13482094226.187574,199.42715803109263,0.9528198294668216,0.30535776079581506,0.39544050735976655,133.56503521557897,5.487790788136281,106.13383906893432,1.5934222553676225,119.5143180899322,2.871757434122381,394.5500613003969,test_iid
v6p1i4_0104,104,143,0.7535323370248079,10.331475269832485,1249.575104194125,48.975400133417985,8,8,6,1,7.56766168512404,1.124154697680653,0.9434954635798931,1.2144357750417583,0.10519025883392225,0.01314878235424028,0.17106149955229746,1.285886579612054,0.3200463211690198,0.75,0.015625,6456518383.082542,8484396475.496911,116.22874618416813,0.8132589254140874,0.3151577901053496,0.5552758759661264,141.74101845826954,4.918290569162994,125.08405474945903,1.8856202186671405,125.24949251674116,1.5971983824247886,397.6441171532497,train
v6p1i4_0105,105,75,0.2941237185150385,4.380705488656787,742.0681133269123,181.95889078076533,4,4,1,0,5.270618592575192,0.9367303075734353,0.329082909040153,0.8872947161178153,0.04575911613976196,0.01143977903494049,0.05444254933367614,1.4484541454243787,0.2719594021454304,0.25,0.0,6440888514.14878,7647146544.904911,151.49789800861157,0.7901565482321256,0.29876921161205355,0.4448970417252493,136.4040677761659,3.9223915008532613,111.88623211346567,6.462993682208922,104.75437068380415,3.8382762926031493,389.9867625394836,train
v6p1i4_0106,106,123,0.12396179046481848,3.72119094614491,542.5595881007781,102.35823656849514,9,7,6,1,4.419808952324092,0.8394906379655791,0.5688620647415519,1.0029114767464073,0.11631144917122332,0.012923494352358147,0.221958642434778,1.191347703490007,0.29742761877292373,0.6666666666666666,0.015873015873015872,2140189846.2343652,3137125512.5449486,167.90332417491345,0.9156593889716325,0.2420262444768289,0.5422270384183719,147.78277828358114,5.741316703495925,113.05256662890315,3.9838335598844483,144.62792868725955,6.318822144482857,388.66067020222545,train
v6p1i4_0107,107,82,0.5784794306382537,5.699378834643869,955.5259771037427,27.50047889552336,5,5,1,1,6.692397153191269,1.0233969697465297,0.20347389578819275,0.8321501441564529,0.0614498361583585,0.0122899672316717,0.2498748854379953,1.169150577800593,0.19938419946800845,0.2,0.04,6429327140.493941,8148713698.279396,152.69004727457025,0.44242515741528066,0.35787710834536673,0.4301093391965381,124.8923811595887,4.5748959725204985,149.68408099375665,2.9932405507573527,124.4980399031192,2.5680290155070753,396.05412411503494,train
v6p1i4_0108,108,59,0.6272419523447752,7.0156109408246525,818.4828291764876,64.23039708959982,3,4,2,2,6.936209761723877,0.96942140049024,0.6462484570220113,1.0433515739124413,0.042284552507595566,0.014094850835865189,0.16575539102792441,1.2651335620240385,0.22064819700470978,0.6666666666666666,0.16666666666666666,10663207958.195326,13886606197.630648,93.1730821472777,0.5436101835282076,0.34692898072721057,0.505920319233777,131.56573856715113,4.751395643100053,137.81556319445372,1.391440163046175,143.37272802367806,6.0176054244922215,385.3831892646849,train
v6p1i4_0109,109,136,0.168916841968894,4.189173769931417,1508.4772533384369,24.673230436374464,7,7,4,1,4.64458420984447,1.2007367979411758,0.0030311215668916702,0.7511621804369624,0.08570518356320384,0.012243597651886262,0.17547583264183417,1.1725080420317142,0.32548862506117576,0.5714285714285714,0.02040816326530612,3234806697.9357076,4204536844.5832357,151.59343775641648,1.1675115338679574,0.2621941689586786,0.41266448156757474,145.75790016446263,5.917027713268358,124.44473733194172,5.9203562185265675,113.86806163936853,2.4212687701254425,392.75535984896123,train
v6p1i4_0110,110,71,0.4992431877180934,7.60557412609459,1133.2386710422927,43.990384886919884,6,3,2,1,6.296215938590468,1.0863549245997461,0.7708828132599592,1.1119382030442364,0.07458261823689522,0.01243043637281587,0.08104302274596652,1.2742597463427436,0.3867699470226224,0.3333333333333333,0.05555555555555555,6773686337.906127,8676188243.326754,176.15477538326635,0.38793853565133946,0.2739013139852703,0.5956007203336469,120.09157067164779,4.311261279532755,100.61641912907362,3.6982234247646177,136.55411219224334,1.6828683797559805,399.0170437237248,train
v6p1i4_0111,111,150,0.9546304447576404,6.819776451400028,608.9661918509807,113.79430276378537,10,8,5,5,8.573152223788203,0.8741115647869375,0.37864299211651087,0.9100447272824745,0.1124181127721656,0.01124181127721656,0.14857371108664755,1.3202921789909245,0.38042803984942214,0.5,0.0625,4060680979.4852667,5438177840.606802,127.9119649839144,0.6335545201487361,0.322879307596312,0.464082241325063,151.76454478874803,5.373449991424366,137.41634567268193,2.2383518155068467,106.68378286063671,4.05708675682742,391.44002395216376,train
v6p1i4_0112,112,93,0.744703508913517,7.881070333549089,1034.4177321129546,123.715490485346,9,2,3,1,7.523517544567586,1.0522109986254748,0.5544325355440378,0.9955462209747907,0.10220851168727561,0.01135650129858618,0.2521072927441117,1.2331045239719614,0.278861109904002,0.3333333333333333,0.05555555555555555,5098317531.687431,6141114753.108381,73.4110262316164,0.8377851079709704,0.3186124628728165,0.583346434757478,137.37272022292018,4.494369762740591,116.13053428009152,5.653440595963697,116.0290646366775,1.7956875641320453,390.3483787830919,train
v6p1i4_0113,113,59,0.2071559578180313,3.5473874908573757,667.0485289996159,45.944134239073534,5,2,3,0,4.835779789090156,0.9024317219127662,0.15761413145810366,0.8128824763363273,0.0543321938129285,0.0108664387625857,0.14735319610424977,1.2303065249187601,0.34666294365187333,0.6,0.0,4376410061.871976,5073423527.346712,146.4409865900701,0.8936226263850584,0.2699214177982155,0.47250840906744646,140.77238263562322,5.594954513471011,146.5112346690148,1.4470348118116412,139.64936807751656,4.242543094127096,397.7493894286454,train
v6p1i4_0114,114,94,0.3826966779306531,6.804423727624103,864.1815110463594,25.856442074687767,8,4,1,1,5.713483389653266,0.9880319575841346,0.9288225704804063,1.205367255048607,0.08868666579393167,0.011085833224241459,0.17707040670525517,1.1530941291032217,0.35956767441131227,0.125,0.03125,4976392014.543962,6715470354.15687,43.9381956339268,0.45447610732005284,0.26557141684319213,0.5123949945333666,125.89733811561018,4.077973296730046,128.15929548814893,2.1615069835405847,110.7728292234242,5.490167131805814,395.48557008150965,train
v6p1i4_0115,115,83,0.915354204364121,8.55319203506608,1428.9121026219188,69.4379561108396,4,7,3,0,8.376771021820606,1.1781787418643832,0.2829816844314337,0.866643324746879,0.06025892964442629,0.015064732411106573,0.1604290617723302,1.2299833703676557,0.3971513310238943,0.75,0.0,9686736200.897182,11742343656.193266,94.18401379169516,0.722142899293812,0.3521549399515032,0.4076872507639684,146.7778047034517,5.081156866917604,108.71074828319252,3.856528236841524,134.02751814574003,2.3794255866471437,387.82111638691276,valid_iid
v6p1i4_0116,116,89,0.8703833110630512,7.765138237311912,513.6686629572773,28.851314355350322,6,6,2,1,8.151916555315257,0.8235658453690895,0.8480096263810992,1.1566211742573056,0.06304174111640934,0.01050695685273489,0.272015746002396,1.1080080274732638,0.25802492898474444,0.3333333333333333,0.027777777777777776,8208913214.844546,10995770585.119282,100.71879863872526,1.0417624361822277,0.36317658202056474,0.5345602935995404,144.68458748422563,5.200075583376373,103.78812626004219,6.172871021752318,102.59332316927612,6.382433620815941,393.0877079674974,train
v6p1i4_0117,117,111,0.3339499942958355,5.4880138878271705,1009.4132795628018,110.7830054315981,10,4,7,0,5.469749971479177,1.0432380222522566,0.4868319369852543,0.9617547056404164,0.12497405025761206,0.012497405025761205,0.21156467580260516,1.1379127220924605,0.3894384366303709,0.7,0.0,2860061815.388405,4077095855.7114215,91.3904962198047,0.7511616855683066,0.24528239110047353,0.43735638775563335,132.63906787149608,4.147687622506684,134.3387781176716,1.961336598565834,128.97318308241665,2.8321010194420597,385.51778694149107,train
v6p1i4_0118,118,93,0.006072738207876682,4.824112988685345,1367.9324771597346,197.59815116691428,3,8,2,0,3.8303636910393832,1.1603309686136307,0.7236205413937569,1.0854143917704593,0.034187470112529914,0.011395823370843305,0.020349863802149853,1.4150147845079388,0.1650657440675145,0.6666666666666666,0.0,9377520127.83075,11921434369.221518,146.32981257550423,0.9828885542515371,0.29432558125721764,0.5596971181570219,150.72752827312797,6.0704798123829145,140.9906469285488,2.8898050320773954,120.40913975797594,1.539481501257633,390.8422015141696,train
v6p1i4_0119,119,116,0.5395691553130746,4.681627834431512,677.7667990102955,51.09374856292087,7,7,1,1,6.497845776565374,0.9074806094357105,0.11146724876016378,0.7939444792367705,0.07753759455087993,0.011076799221554275,0.14742205686118107,1.3683993448392133,0.3559992632903945,0.14285714285714285,0.02040816326530612,4043063191.2970643,4877197531.329147,118.16477551685732,0.9702813806060188,0.31113898213210855,0.4408855097647157,121.12857056315988,4.837590987743726,121.3706357870251,4.153469874156234,147.154281148687,3.5763927720266584,398.2068154774606,train
v6p1i4_0120,120,53,0.6597147407010198,7.948828000773846,1545.138327656924,55.56379488756131,3,3,2,1,7.0985737035050995,1.2108708664402292,0.4100672658532858,0.92477093905845,0.03855703148498249,0.012852343828327497,0.12696974717048062,1.237991733549413,0.34594056554563135,0.6666666666666666,0.1111111111111111,13799770776.445206,14459731495.064669,48.746637204704996,0.5819619446677534,0.30132868304956456,0.4915722117624927,153.42126169707626,4.340722229715755,147.34151866286993,3.193093552454876,103.85800115764141,7.13287757357171,393.6909459112212,valid_iid
v6p1i4_0121,121,76,0.13793750572949648,4.875476974788069,798.8918331777668,160.3844741604288,7,2,2,0,4.489687528647482,0.9612360404411792,0.8019413435831666,1.1297203391404351,0.082788596989567,0.011826942427081,0.24853658994076067,1.1484852968716355,0.3255855785497299,0.2857142857142857,0.0,3968207557.8665643,4719405685.845333,193.33316313932397,0.2963304326113647,0.2854171454438472,0.402360706515062,123.90351203735918,5.402502229473918,115.39826397784054,2.4731743933333554,127.11212551221251,3.143826192406816,386.31900370586663,train
v6p1i4_0122,122,75,0.46776746213436127,4.024037536745802,578.8993605521866,90.27378297121106,6,2,1,1,6.138837310671807,0.8587570723114961,0.034457300789654255,0.7633181208770221,0.07171058199857078,0.011951763666428463,0.21938379156125892,1.2458124864425197,0.2844950571289169,0.16666666666666666,0.08333333333333333,3877981086.4454656,5117655824.686341,137.35306411866108,1.05534766738329,0.2511770352711334,0.6087176067150739,141.9096105452627,4.656328674043588,109.54062696546316,1.4860335292971945,123.23719952255487,1.3771958600323886,392.3755110800266,train
v6p1i4_0123,123,101,0.9846699312329292,10.22650935230521,1192.5239762851581,31.182019658849907,10,4,8,1,8.723349656164647,1.1059175349554535,0.6773088965564966,1.0600379052070907,0.12961937166160004,0.012961937166160004,0.2216547450350482,1.2002146243658074,0.31068884020628107,0.8,0.025,5282313585.220751,7414864648.690453,133.57661730875816,0.7163179145440102,0.37238946425966385,0.4792904606658016,129.94523639790714,5.800524750150925,127.42671524174511,5.215265851942247,146.85808280482888,3.221202699020232,399.9527603480965,train
v6p1i4_0124,124,92,0.7835466722026467,6.178645210439558,765.492980936917,75.53942975814375,8,2,5,1,7.717733361013234,0.9469753552738119,0.2344099199399352,0.8454049979924535,0.09105819225080874,0.011382274031351093,0.15083137513123018,1.2786176051987803,0.31828452581362116,0.625,0.0625,4521223336.514991,5817318986.126878,152.27407646307077,0.9722528134249215,0.343436527948229,0.5675121599881006,128.74070572201163,5.693037636689206,135.0713993422687,4.505994086101444,114.95838505215943,2.0068502881452184,389.04743384569883,test_iid
v6p1i4_0125,125,58,0.2626082981005311,5.795293079865087,1211.598917284803,20.979526948260894,4,2,2,0,5.113041490502655,1.1120770008182261,0.6004089042544365,1.0192042549068296,0.05416426514931286,0.013541066287328214,0.14002165287285503,1.2440440436683093,0.319589321830335,0.5,0.0,7066965045.36849,9382144771.060429,208.22424111133128,1.28559399156419,0.25933652889192255,0.45948299553701144,149.40324550960213,4.541873722216532,102.95820659957826,2.8114470894057715,141.7044788133353,4.70945133087646,396.70456019230187,valid_iid
v6p1i4_0126,126,112,0.09292654320597649,3.87996259771618,918.3641161710709,37.42535395993886,9,6,3,1,4.264632716029882,1.0092865118196308,0.36002083495259285,0.9014288126813772,0.11341695561667434,0.01260188395740826,0.2345797000159889,1.15428662267995,0.34931196885788374,0.3333333333333333,0.018518518518518517,2241228519.036572,2900863152.8197107,151.1124801159409,0.9220116237913916,0.2783412329924101,0.5268562201964607,134.74731488153338,5.028010483344215,122.10285170003772,1.7126301284535796,108.14205729402602,4.911611399830957,395.11492654215544,train
v6p1i4_0127,127,65,0.6109432764351368,7.20036443957976,564.3134193339426,133.75661063398533,5,3,2,0,6.854716382175685,0.8511211536311429,0.975044216029346,1.2341660729204869,0.06101551039193886,0.012203102078387772,0.19671000538095723,1.2586772042831764,0.27544478335583444,0.4,0.0,7902682709.63851,11544904395.965712,104.73619120486597,0.9651750686007652,0.32898237741512526,0.4193758888003313,137.92911307886243,4.007717082394084,140.16041732393205,7.461337022067592,134.52096222899854,2.1430276465033846,387.7212432445958,train
