pair_id,x,y,x_transform,y_transform,pearson_raw,pearson_coverage_transform,spearman,physical_occupied_cells,physical_empty_cells,physical_occupancy_fraction,physical_normalized_entropy,rank_occupied_cells,rank_empty_cells,rank_normalized_mutual_information,corner_low_low,corner_low_high,corner_high_low,corner_high_high,nn_median,nn_p95,nn_max
power_x_top_h,package_total_power_W,top_h_W_m2K,linear,log10,0.5610678028925653,0.558128600475746,0.5333741998068807,25,11,0.6944444444444444,0.8587200960639574,34,2,0.11121837058506097,106,26,0,13,0.01152844139416194,0.023705150497285672,0.03840400350432159
power_x_bottom_h,package_total_power_W,bottom_h_W_m2K,linear,log10,-7.271181140366782e-05,0.000130388859583273,-9.031229883413316e-05,34,2,0.9444444444444444,0.911502404805367,36,0,0.0018596885301998109,56,57,1,3,0.012928718645010294,0.031162453299671152,0.08090235630845707
top_h_x_bottom_h,top_h_W_m2K,bottom_h_W_m2K,log10,log10,-0.0001459662248641364,0.00018310546874195777,0.0001831056433731464,36,0,1.0,0.9997375336407441,36,0,0.000540863954826175,40,41,42,41,0.0220067547923702,0.02572372857245088,0.04241996902659066
power_x_total_source_area,package_total_power_W,total_source_area_fraction,linear,linear,-0.002543866807629599,-0.002543866807629599,0.001657338530863313,35,1,0.9722222222222222,0.8870638492970804,36,0,0.003164180004510861,64,16,3,2,0.011468837407356864,0.029510210504206488,0.10242735195943474
mean_q_x_mean_local_k,mean_q_W_m3,mean_local_k_W_mK,log10,log10,-0.022930323360085166,-0.018137509385141103,-0.020251066179100215,35,1,0.9722222222222222,0.7649017387191662,36,0,0.006171323352545295,1,3,2,1,0.00838504495460563,0.030288419809794343,0.19284053049914493
pcb_fr4_equivalent_kz_x_top_h,background_kz_pcb_fr4_equivalent_W_mK,top_h_W_m2K,log10,log10,-1.705761606546341e-07,2.7755575615628914e-17,-6.938893903907228e-18,36,0,1.0,0.9997670512976102,36,0,0.00046365744710890103,43,40,41,40,0.020732011496183367,0.02839284866304227,0.045478633708014
pcb_fr4_equivalent_kz_x_bottom_h,background_kz_pcb_fr4_equivalent_W_mK,bottom_h_W_m2K,log10,log10,2.9089016383083196e-06,4.391018798566293e-17,-4.9873299934333204e-18,36,0,1.0,0.999315473230615,36,0,0.0013647956198837518,42,42,43,39,0.02154937550040733,0.03464161099530352,0.04014665744189435
bt_substrate_with_vias_kz_x_top_h,background_kz_bt_substrate_with_vias_W_mK,top_h_W_m2K,log10,log10,5.6308643975395284e-05,1.746230139654248e-10,1.734723475976807e-17,36,0,1.0,0.9993161548899882,36,0,0.0013653171358720317,41,41,41,41,0.021680083565308317,0.030114307600587344,0.041248748573058464
bt_substrate_with_vias_kz_x_bottom_h,background_kz_bt_substrate_with_vias_W_mK,bottom_h_W_m2K,log10,log10,-1.812813588356082e-05,-2.2888227931599595e-05,-1.2468324983583301e-18,36,0,1.0,0.9998332717217205,36,0,0.0003479943325837951,39,42,39,42,0.019887823138260076,0.027178981759044187,0.04144379167515932
silicon_interposer_tsv_0p1_kz_x_top_h,background_kz_silicon_interposer_tsv_0p1_W_mK,top_h_W_m2K,linear,log10,1.7604869606797436e-05,-2.7284708780522804e-12,-2.3852447794681098e-18,36,0,1.0,0.9995112902177957,36,0,0.000775369150029371,41,40,40,40,0.019775562800668337,0.030160568067180874,0.036448626680979285
silicon_interposer_tsv_0p1_kz_x_bottom_h,background_kz_silicon_interposer_tsv_0p1_W_mK,bottom_h_W_m2K,linear,log10,-1.1045321712237904e-06,-3.46451997756958e-07,-1.3877787807814457e-17,36,0,1.0,0.9997378694572047,36,0,0.00048163934519847453,41,43,41,39,0.022086185924634412,0.028903785808481512,0.042556845350114905
bump_underfill_under_interposer_kz_x_top_h,background_kz_bump_underfill_under_interposer_W_mK,top_h_W_m2K,log10,log10,5.284182242682313e-05,-7.152557372908097e-07,1.0842021724855044e-18,36,0,1.0,0.9993842869374786,36,0,0.0013037973713803993,39,43,43,39,0.016566926913411682,0.032145232354114844,0.03520050856174644
bump_underfill_under_interposer_kz_x_bottom_h,background_kz_bump_underfill_under_interposer_W_mK,bottom_h_W_m2K,log10,log10,7.462136268395619e-07,-2.7430314963883262e-17,-1.0299920638612292e-18,36,0,1.0,0.9996695865201652,36,0,0.0005598417050698706,42,40,41,41,0.019866531463275775,0.028004206489361066,0.040672111747747534
silicon_die_lower_kz_x_top_h,background_kz_silicon_die_lower_W_mK,top_h_W_m2K,linear,log10,-1.096608084064836e-07,-3.410688073114676e-13,1.2332799712022613e-18,36,0,1.0,0.9997476290960016,36,0,0.0006754302874782678,41,40,42,40,0.020269581252807325,0.028745836900396674,0.041371303253617826
silicon_die_lower_kz_x_bottom_h,background_kz_silicon_die_lower_W_mK,bottom_h_W_m2K,linear,log10,-1.3135252749943427e-05,-1.4305114746163139e-06,-1.3877787807814457e-17,36,0,1.0,0.9988742040030225,36,0,0.0020541635240793905,43,39,38,43,0.013184512555084408,0.026908993861066426,0.041975685803044054
tim_between_dies_kz_x_top_h,background_kz_tim_between_dies_W_mK,top_h_W_m2K,log10,log10,0.0006376254152632085,-3.25396177017212e-17,4.377466271410224e-18,36,0,1.0,0.99962022863457,36,0,0.0007343156086166014,41,43,42,41,0.01542803583240536,0.028307489664200807,0.03993714043908989
tim_between_dies_kz_x_bottom_h,background_kz_tim_between_dies_W_mK,bottom_h_W_m2K,log10,log10,0.00020004578506328113,2.5749031919972132e-05,8.673617379884035e-18,36,0,1.0,0.9996299160891592,36,0,0.0007783658886834461,40,42,41,41,0.016177642683067962,0.02542449751851556,0.03733521919804744
silicon_die_upper_kz_x_top_h,background_kz_silicon_die_upper_W_mK,top_h_W_m2K,linear,log10,-3.4999651766370876e-07,-2.3635607360183997e-17,4.7704895589362195e-18,36,0,1.0,0.9994423421507175,36,0,0.0010000650669549375,39,41,42,40,0.01959930537691311,0.027980043832157676,0.04753404804878898
silicon_die_upper_kz_x_bottom_h,background_kz_silicon_die_upper_W_mK,bottom_h_W_m2K,linear,log10,-1.7427153650426998e-06,-2.1250362580715887e-17,3.903127820947816e-18,36,0,1.0,0.9995553337361626,36,0,0.0009247340758297432,40,40,41,42,0.01382795893997915,0.022859524772400563,0.026767269402195763
tim_to_spreader_kz_x_top_h,background_kz_tim_to_spreader_W_mK,top_h_W_m2K,log10,log10,6.645521110091972e-05,-5.319475328974255e-15,2.9815559743351372e-18,36,0,1.0,0.9997332715764677,36,0,0.0005869341202083387,40,42,40,41,0.018876122677875043,0.027146441510738455,0.05071143869933767
tim_to_spreader_kz_x_bottom_h,background_kz_tim_to_spreader_W_mK,bottom_h_W_m2K,log10,log10,-1.5479535468134777e-05,6.984919253237576e-10,-3.469446951953614e-18,36,0,1.0,0.9997267889532183,36,0,0.0005421624221286363,43,41,42,40,0.018295501549600336,0.029041202111070186,0.033130062500693204
spreader_kz_x_top_h,background_kz_spreader_W_mK,top_h_W_m2K,linear,log10,-3.991893567262229e-05,-7.152557372617395e-07,7.047314121155779e-19,36,0,1.0,0.9992331494790673,36,0,0.001473496754123524,40,42,43,40,0.02000855548423543,0.03353104840724036,0.042876730291050505
spreader_kz_x_bottom_h,background_kz_spreader_W_mK,bottom_h_W_m2K,linear,log10,-4.068323109479577e-06,-3.469446951953614e-18,6.938893903907228e-18,36,0,1.0,0.9990879731107778,36,0,0.001765243161640512,39,40,41,41,0.013700865003936236,0.02571693139711664,0.04205007048965658
effective_background_kz_x_top_h,effective_background_kz_W_mK,top_h_W_m2K,log10,log10,1.2194101072705854e-05,-2.212570758719501e-06,0.00014849393820186296,36,0,1.0,0.9723953137984153,36,0,0.00186828034889074,22,24,21,18,0.014881123128056232,0.03167936130420783,0.10541524018194012
effective_background_kz_x_bottom_h,effective_background_kz_W_mK,bottom_h_W_m2K,log10,log10,0.0003271452192421015,0.00015630250151968676,2.6967402188686138e-05,36,0,1.0,0.9734929640788579,36,0,0.0026378837497118947,23,25,23,17,0.013934724201082853,0.032092049214198254,0.07961288906122767
