background_rmse_K,bottom_rmse_K,discretization_seed,domain,interface_drop_rmse_K,layer_mean_rmse_K,peak_rmse_K,point_global_true_rms_relative_rmse_pct,raw_cv_weighted_rmse_K,regional_mode,resolution,sample_count,sample_first_cv_relative_rmse_pct,source_rmse_K,suite,support_mode,top_rmse_K
10.935269631610886,13.933105938347019,0,support_512,2.305748855996338,9.489083600894823,7.683413568562851,12.128737222686151,10.833866618236632,fixed_training_nr,512,32,8.005340556037497,7.211207084631678,main,source_aware,9.825706925908323
11.151666438643147,14.139925785198903,0,full_240825,2.036797353157512,9.785096793072306,7.655250751662015,11.702926233068341,11.140989010117176,fixed_training_nr,512,32,9.213016955919294,7.781034080478359,main,source_aware,9.876118615156138
3.0394407777549417,0.13766479919994795,0,full_240825_oracle_reconstruction,2.10166368477287,1.4308079193082561,0.6658732704272633,3.1978868977508546,3.0349255120363847,fixed_training_nr,512,32,3.977902400815871,1.3729322337166827,main,source_aware,0.14902384409953112
11.931067319956782,11.995421567041891,0,support_1024,1.3240690329431224,11.691575308369275,9.908999929004443,13.67592688367254,11.8548837736911,fixed_training_nr,1024,32,9.585276015710349,8.586350995341073,main,source_aware,11.907073329231816
12.2523506260052,12.027237128788203,0,full_240825,1.0715474522862496,12.137186328026942,9.790731469159665,14.053079977495802,12.245156115914195,fixed_training_nr,1024,32,10.559696713769648,10.142399663677244,main,source_aware,11.81781392258527
2.6390746757733177,0.09198119035587865,0,full_240825_oracle_reconstruction,1.93423867268439,1.362219683658602,0.4291990839672594,2.9578819192575585,2.6351088169337227,fixed_training_nr,1024,32,3.4398417208951724,1.1648922526010406,main,source_aware,0.10391622927677095
21.575435208594946,19.90295936345058,0,support_2048,1.160133067896332,21.884996068967492,20.571941688491194,25.10022410792534,21.513404865638382,fixed_training_nr,2048,32,18.38587042083182,18.393807786825686,main,source_aware,21.55578093730377
21.72175630109756,19.895133934472405,0,full_240825,1.080802241222172,22.272075029024094,20.446481448383704,25.387646878767672,21.720430516577483,fixed_training_nr,2048,32,18.865570092655325,21.363368896825865,main,source_aware,21.93747285833343
2.1200344979151615,0.05768035343676768,0,full_240825_oracle_reconstruction,1.7828751540941412,1.2376497694470487,0.32217631388395307,2.617487147247336,2.1169469037077357,fixed_training_nr,2048,32,2.791940149325446,0.9936053792457676,main,source_aware,0.073701655813886
27.73722799089027,24.8543222695144,0,support_4096,1.2687608181124386,28.431837118844797,27.06615903617074,32.36147740199719,27.685420589067608,fixed_training_nr,4096,32,26.099935735897155,24.380251081039386,main,source_aware,28.362388891732817
27.836448075323986,24.79376499738526,0,full_240825,1.3254743799991735,28.741955981538414,27.029133212710484,32.66146364655101,27.83351379004003,fixed_training_nr,4096,32,26.3204241587244,27.038369515068368,main,source_aware,28.514791200346455
1.6801795475923509,0.03768336618605509,0,full_240825_oracle_reconstruction,1.6626452558222662,1.131401076049714,0.07756713871700786,2.3109621415666814,1.6778070085106043,fixed_training_nr,4096,32,2.2167988484152144,0.8288965210464319,main,source_aware,0.04459133639797233
39.22139796384884,34.75638615030171,0,support_8192,1.6906338873236453,40.47608044891898,39.59629543374159,45.93904989076402,39.195422704836176,fixed_training_nr,8192,32,37.22297194935283,37.11098088834267,main,source_aware,40.49550066633622
39.299405531479884,34.517263327246674,0,full_240825,1.7613712281452751,40.7005405551545,39.57477216933372,46.168385237151895,39.29860200715975,fixed_training_nr,8192,32,37.33884250905278,39.083389845130085,main,source_aware,40.651564118146084
1.3361915488697562,0.0253300179648724,0,full_240825_oracle_reconstruction,1.57237469954435,1.0559318768809536,0.03926618673891477,2.0811561740192492,1.3344124968252642,fixed_training_nr,8192,32,1.7714957371574938,0.7152832927636994,main,source_aware,0.029130678628123192
58.27370186729876,50.77428553561887,0,support_16384,2.6264749366084517,60.45774701077664,60.75688848012613,68.44535380139149,58.282531699126444,fixed_training_nr,16384,32,57.33690806892112,59.232008721606995,main,source_aware,60.5961241391413
58.35365970922023,50.47817134936532,0,full_240825,2.6864232133905244,60.6132241071373,60.75414756183207,68.66141862253563,58.36026432601038,fixed_training_nr,16384,32,57.410709565966144,60.09836976110825,main,source_aware,60.646359332216576
1.0577708782253763,0.016783089271025935,0,full_240825_oracle_reconstruction,1.3605190794358295,0.9125703682122654,0.006992028432873495,1.801991835239634,1.0565204687261893,fixed_training_nr,16384,32,1.4013411926916217,0.6403884825194752,main,source_aware,0.019200128343353124
16.55199436334741,17.28488602577814,1,support_512,2.02925248151647,15.902925414440507,16.275813923230935,18.900283288419544,16.463808045217675,fixed_training_nr,512,32,12.753320584107218,13.57441490628282,main,source_aware,16.35284118353821
16.70936544465432,18.257977146166272,1,full_240825,1.5070776702540578,16.19693457510233,16.1568748104896,18.69422843437044,16.702441254333575,fixed_training_nr,512,32,13.799534325037513,14.736968074916257,main,source_aware,16.811400113887423
3.0980474225132086,0.13762182997505587,1,full_240825_oracle_reconstruction,2.044219349539036,1.3970652941380868,0.38379805346339285,3.201708017425981,3.0934155707886903,fixed_training_nr,512,32,4.010269479269257,1.3817981860624922,main,source_aware,0.16465186057197823
13.962990668975456,12.505387547401899,1,support_1024,1.4241917333435674,14.057341094199284,12.885637102787848,16.163441505443146,13.88540373862384,fixed_training_nr,1024,32,10.020388539119201,10.764461232227216,main,source_aware,14.057038943462048
14.173961865720438,12.88832702282755,1,full_240825,1.0431229290347395,14.397787739132045,12.774588888553046,16.52579324114342,14.16734277316375,fixed_training_nr,1024,32,11.038134947374479,12.272223684775138,main,source_aware,14.108505209819699
2.618119225114595,0.08686479373341874,1,full_240825_oracle_reconstruction,1.9556832055936386,1.3239270619345251,0.2890835516449383,2.928871147927803,2.6141479231932876,fixed_training_nr,1024,32,3.416168458791615,1.1330220650082061,main,source_aware,0.10288830545533227
20.182898909329893,18.332720548745097,1,support_2048,1.2314626258270818,20.503417536942333,19.16224702319779,23.474120983603108,20.11812724441557,fixed_training_nr,2048,32,16.860979152671067,17.03207879613897,main,source_aware,20.35275898126737
20.326578602210045,18.454134658501495,1,full_240825,1.1344354945541502,20.883731887888324,19.052523657336828,23.81639821992288,20.32268146015708,fixed_training_nr,2048,32,17.319164067144854,19.253535128877665,main,source_aware,20.5802431517961
2.098097224168812,0.05790158383972217,1,full_240825_oracle_reconstruction,1.800019762853424,1.2202628439811662,0.16473936836944694,2.5911023293304005,2.094975309201816,fixed_training_nr,2048,32,2.7639960820109053,0.9447128060157992,main,source_aware,0.07039610973701435
28.00996126718583,25.275683807581668,1,support_4096,1.1986060374020233,28.61935257763791,27.532370714377173,32.67039739483257,27.96752887109829,fixed_training_nr,4096,32,25.479226636134328,25.38953214702413,main,source_aware,28.631475154080785
28.105758578813624,25.422243170569807,1,full_240825,1.2011207651929292,28.912896752730617,27.445925819062893,32.865984620031654,28.104880629183903,fixed_training_nr,4096,32,25.694778650406704,27.869390765627397,main,source_aware,28.71183923967887
1.671215342443867,0.03963565830415706,1,full_240825_oracle_reconstruction,1.6700502263566779,1.135324386246638,0.1308665812522975,2.3105159184535795,1.668857350300661,fixed_training_nr,4096,32,2.2093967332816793,0.825498505903684,main,source_aware,0.04378065011453116
40.84089753976186,35.88534765484038,1,support_8192,1.7479370167502684,42.13742335079066,41.92663432160782,47.86703192020861,40.82660046642703,fixed_training_nr,8192,32,38.75444790852311,39.69427206860918,main,source_aware,42.299938413791615
40.9268680016087,36.04602243908706,1,full_240825,1.814963309454291,42.37050966697829,41.88266202235348,48.0573842150561,40.93015293960487,fixed_training_nr,8192,32,38.8793613331257,41.798314743902424,main,source_aware,42.31726871305301
1.3369676211250474,0.025898193590363702,1,full_240825_oracle_reconstruction,1.5481143791298244,1.0542473516226059,0.11487386349847517,2.07728085749971,1.3351920514470466,fixed_training_nr,8192,32,1.7766017133593865,0.7179537301618917,main,source_aware,0.029879374304922126
60.05391733996527,52.03121488768763,1,support_16384,2.595834297819886,62.21989258234094,62.996127889764175,70.52776186680917,60.06046193233604,fixed_training_nr,16384,32,57.89144143171447,60.763904222673204,main,source_aware,62.37233174724479
60.128974377977926,52.19978610360163,1,full_240825,2.6432869889084825,62.382056285533004,62.9912484483122,70.6796383118664,60.13709549062449,fixed_training_nr,16384,32,57.96583502623204,62.26832657184135,main,source_aware,62.468893104252615
1.0593563230767078,0.016931556329476447,1,full_240825_oracle_reconstruction,1.3507785286083,0.912653567543795,0.019280331315074985,1.8040509684849417,1.058102118466666,fixed_training_nr,16384,32,1.404924382643702,0.6404981169501016,main,source_aware,0.018815840368111413
12.375598547294167,13.407107016795495,2,support_512,2.242450112756407,11.913891090283496,12.242553795269854,14.311321876668352,12.336426508837732,fixed_training_nr,512,32,9.60979574891159,11.061280231750056,main,source_aware,11.713714280647112
12.636609702677333,14.016956649454803,2,full_240825,1.7872570840713695,12.152799096736157,12.259829838754976,14.167117975899163,12.63361290884676,fixed_training_nr,512,32,10.610666697925254,11.805966669051973,main,source_aware,11.987016231865132
3.0561932118716766,0.14297835388891683,2,full_240825_oracle_reconstruction,2.162455948792454,1.416492993567844,1.0547650914796434,3.2032912853773543,3.0516100378708115,fixed_training_nr,512,32,3.981516608071936,1.3547631794624038,main,source_aware,0.16523650290671055
14.314105018160353,13.185848111552453,2,support_1024,1.3297807125324161,14.373283421248576,13.617620550538138,16.60126351765443,14.253643187187526,fixed_training_nr,1024,32,10.72864146313539,11.759611960669744,main,source_aware,14.29894373415217
14.56595700295426,13.39602187728365,2,full_240825,1.01331205075737,14.737047194547413,13.341977962504362,16.944193906620526,14.561674876158834,fixed_training_nr,1024,32,11.63571108711446,13.368903196415276,main,source_aware,14.496683887781568
2.615360201459069,0.09504175662605747,2,full_240825_oracle_reconstruction,1.9750770922899192,1.340921562787523,0.5214559339935768,2.9434746741283813,2.6114415761313197,fixed_training_nr,1024,32,3.4341146112412297,1.1614363852957204,main,source_aware,0.10557836347463825
19.60435585494796,17.843052650997862,2,support_2048,1.149929171974114,19.91827746354796,18.60113939486136,22.8408069625504,19.55455576869436,fixed_training_nr,2048,32,15.714438493983625,17.160301326668186,main,source_aware,19.72503357129878
19.785451323466862,17.988302057436865,2,full_240825,1.0542077490028914,20.295671811378558,18.4301182031892,23.15409592693418,19.781526809918276,fixed_training_nr,2048,32,16.21708623169068,18.70383218468925,main,source_aware,20.02074420918477
2.128499525862842,0.06268577960474958,2,full_240825_oracle_reconstruction,1.7794846728291756,1.2286953398487144,0.383760098125716,2.613273908884715,2.1253573459318007,fixed_training_nr,2048,32,2.796127024227144,0.9731360739743364,main,source_aware,0.06622813412384715
27.754655171576704,24.79708107293502,2,support_4096,1.2492655676725513,28.434659025543223,27.01241714984844,32.42224345705252,27.710803969903896,fixed_training_nr,4096,32,24.953819112023453,25.006804378379183,main,source_aware,28.43792580620404
27.860959219264085,24.891327623476023,2,full_240825,1.2801751362601788,28.738471692357532,26.997888090752397,32.663790002949185,27.856028222036866,fixed_training_nr,4096,32,25.20098133925304,26.50613888471079,main,source_aware,28.60239841052452
1.6857529116480123,0.03899150805265199,2,full_240825_oracle_reconstruction,1.6510816183928634,1.135139921451781,0.059270458703444065,2.313895983416647,1.6833644611055958,fixed_training_nr,4096,32,2.2223133556717602,0.827270705019865,main,source_aware,0.044167882612778035
39.68488461120571,34.89138519024264,2,support_8192,1.6654175817953505,40.95861808161015,40.08253075269664,46.50938456458838,39.66650503461034,fixed_training_nr,8192,32,36.6990585388735,38.120704504568195,main,source_aware,40.85787975905214
39.76857310051113,34.95757780363517,2,full_240825,1.7484558629867881,41.19274190241428,40.07644227441452,46.72738440764879,39.76744515321829,fixed_training_nr,8192,32,36.82905751894959,39.46501712187474,main,source_aware,41.15016897402776
1.3411348899738584,0.02584889574702235,2,full_240825_oracle_reconstruction,1.5482664723527875,1.0546847257619223,0.017557469672667237,2.077790028344182,1.3393414536129589,fixed_training_nr,8192,32,1.7769398237425773,0.7140163587146224,main,source_aware,0.028823653610327224
59.54473786460999,51.50811138605115,2,support_16384,2.6360698891719436,61.741044598561814,62.120620521040436,69.94194286541159,59.54908568747122,fixed_training_nr,16384,32,56.67240868613584,60.031200944941986,main,source_aware,61.88916071225935
59.61696707587778,51.65220328968514,2,full_240825,2.6889860552870006,61.901251801752714,62.1195680849248,70.12430897229193,59.62283493636813,fixed_training_nr,16384,32,56.744056758911015,61.16998503429373,main,source_aware,61.952931165319775
1.0612992954084246,0.016797556473452054,2,full_240825_oracle_reconstruction,1.3553692028357829,0.9125950355750281,0.004779911002253514,1.8049058530708662,1.0600429546442995,fixed_training_nr,16384,32,1.4038623158728385,0.6417455746110855,main,source_aware,0.019126020937374904
10.730326196704844,12.615410217256255,3,support_512,2.433937054901101,9.541075460889092,8.280414166548535,12.067511284987372,10.641055033722845,fixed_training_nr,512,32,8.5351136043552,7.2798742825954,main,source_aware,9.657446068781226
10.994385123136333,13.518334530106712,3,full_240825,2.1935881502568986,9.85462588142787,8.133244125413011,11.747391672684238,10.984747000195961,fixed_training_nr,512,32,9.607670624528343,8.005187374559839,main,source_aware,9.845669624097887
3.0892262491226385,0.14189784668259356,3,full_240825_oracle_reconstruction,2.0058917345639524,1.423607103435482,0.3807886598425718,3.2207133683798945,3.0845025190967403,fixed_training_nr,512,32,3.9901720264768623,1.3132917205022392,main,source_aware,0.15625201291768534
12.258908276635177,12.01869980587299,3,support_1024,1.3951197657578764,12.00847149141392,10.831669629929259,14.07088082159178,12.183225150402869,fixed_training_nr,1024,32,10.112660637460728,8.900905023048256,main,source_aware,12.079973185205615
12.541437998701344,12.033079760115513,3,full_240825,1.214328879150417,12.448088049450558,10.68230039758045,14.41173847130085,12.534559981543131,fixed_training_nr,1024,32,11.019919500362887,10.537920084861296,main,source_aware,12.160830481474825
2.640861533832263,0.08321725694878872,3,full_240825_oracle_reconstruction,1.8437036582619588,1.3430437379380724,0.2922285456394084,2.9557380990153796,2.6368522285385887,fixed_training_nr,1024,32,3.441505995845536,1.14069291668234,main,source_aware,0.09917814971170605
17.852256530937506,16.26623069791415,3,support_2048,1.1380682349278464,18.12759355976692,16.688306890323783,20.761421759749357,17.79790297561525,fixed_training_nr,2048,32,15.085547762125838,14.965608536095635,main,source_aware,18.098117139728508
18.031223060337,16.364809681792906,3,full_240825,1.0645069121507738,18.51359145651345,16.597845657718082,21.139714031142724,18.026967380711724,fixed_training_nr,2048,32,15.718923462033704,16.851843289183396,main,source_aware,18.23575700732246
2.130850955280593,0.05468720749487615,3,full_240825_oracle_reconstruction,1.7105468188856188,1.2316895268070336,0.17976560994385452,2.6166773933723557,2.1276844291417825,fixed_training_nr,2048,32,2.7901670096706583,0.9619105067444581,main,source_aware,0.06790174049937657
25.972176267731562,23.443658363926943,3,support_4096,1.1040548835908213,26.533763676585462,25.14507869737568,30.286425146835594,25.931513528103544,fixed_training_nr,4096,32,24.35480340397933,23.291473586076613,main,source_aware,26.74908980873512
26.07984794300074,23.54045309418654,3,full_240825,1.1441203615492175,26.837790129471113,25.09226335422812,30.52045913935082,26.077091662428245,fixed_training_nr,4096,32,24.61433851031356,25.330155092369875,main,source_aware,26.66927432634717
1.6841798525065517,0.0374665782592742,3,full_240825_oracle_reconstruction,1.617836143288029,1.1350505240271542,0.133184735078827,2.3178524342904336,1.6817942337701965,fixed_training_nr,4096,32,2.214744171332841,0.8268276464159088,main,source_aware,0.04392017570571393
37.5031650045458,32.97675184236584,3,support_8192,1.5937806292182455,38.68509075025965,37.80294357221461,43.901679014787135,37.48771028919885,fixed_training_nr,8192,32,36.72960845697752,36.20705223803591,main,source_aware,38.99943418403935
37.58619513382815,33.069137596383484,3,full_240825,1.6623962287961331,38.9015556128097,37.761732157674984,44.13020054974147,37.58750470801928,fixed_training_nr,8192,32,36.86342706354218,37.935672285230716,main,source_aware,38.90053392164257
1.3393415941249722,0.025864447264705274,3,full_240825_oracle_reconstruction,1.5398281535817449,1.0551594508059299,0.10230000079770644,2.080573285731311,1.3375393936582083,fixed_training_nr,8192,32,1.774923027172663,0.7074259365308498,main,source_aware,0.029583810876228248
57.71959866361208,50.226072453732336,3,support_16384,2.5197663572644977,59.79844798075873,59.82531742280697,67.75838049335547,57.718551253609675,fixed_training_nr,16384,32,56.55841095288724,57.60431710367762,main,source_aware,60.161003384864095
57.788181518574184,50.18004525480001,3,full_240825,2.569804334275168,59.951487482565085,59.815452960360595,67.92462738383497,57.79357704780826,fixed_training_nr,16384,32,56.63648019136734,59.217119187593156,main,source_aware,59.988189350621894
1.061018538859239,0.016972562547355862,3,full_240825_oracle_reconstruction,1.3584653973429655,0.9151726807938451,0.028349020162847557,1.8068985777650308,1.0597608687781221,fixed_training_nr,16384,32,1.4044299449552065,0.640839515550789,main,source_aware,0.019007442473214512
11.931079671829794,11.995409982881576,0,support_1024,1.3241052325516378,11.691608202389924,9.909332748567682,13.675918305985835,11.854896596902247,fixed_training_nr,1024,32,9.585295870031008,8.586388652927074,factor,source_aware,11.90692770426687
12.25235982021664,12.027230806267879,0,full_240825,1.0715347284725871,12.13720679703922,9.791062387791836,14.053083716466933,12.245165365443924,fixed_training_nr,1024,32,10.559713211638657,10.142426927604129,factor,source_aware,11.817717239129173
2.6390746757733177,0.09198119035587865,0,full_240825_oracle_reconstruction,1.93423867268439,1.362219683658602,0.4291990839672594,2.9578819192575585,2.6351088169337227,fixed_training_nr,1024,32,3.4398417208951724,1.1648922526010406,factor,source_aware,0.10391622927677095
11.931064052887194,11.99546499060067,0,support_1024,1.3241524749165883,11.691571241067832,9.909813275959891,13.675921276244942,11.854879518706671,growing_nr,1024,32,9.585280557095857,8.586295898694594,factor,source_aware,11.907024156814026
12.252356263789126,12.02727142299199,0,full_240825,1.0715844605675438,12.137201532552803,9.791564642504557,14.053082698361022,12.245161829136398,growing_nr,1024,32,10.559709058387682,10.142429820142985,factor,source_aware,11.817776067048426
2.6390746757733177,0.09198119035587865,0,full_240825_oracle_reconstruction,1.93423867268439,1.362219683658602,0.4291990839672594,2.9578819192575585,2.6351088169337227,growing_nr,1024,32,3.4398417208951724,1.1648922526010406,factor,source_aware,0.10391622927677095
6112.7783946169675,4608.531705039726,0,support_1024,498.2378153210688,6466.688904233092,7542.9942669733755,7301.564537054325,6127.39433752799,fixed_training_nr,1024,32,7112.149072111924,7170.027483991126,factor,structured,6231.9091966519645
6112.736187596359,4608.482632747863,0,support_1024,498.236796211862,6466.645879951465,7542.91818444448,7301.516549605761,6127.351944955707,growing_nr,1024,32,7112.093635012803,7169.972299606824,factor,structured,6231.878351094149
27.737146584241202,24.85422765066048,0,support_4096,1.2687674367983088,28.431743346293846,27.06696423549204,32.36136318406266,27.68533840620983,fixed_training_nr,4096,32,26.099856748741132,24.380115297208423,factor,source_aware,28.362237651150153
27.836360154965025,24.793671848642404,0,full_240825,1.3254531239444176,28.7418410725746,27.029938609878144,32.661329058981856,27.833425688389564,fixed_training_nr,4096,32,26.320346490916595,27.038231524140567,factor,source_aware,28.514632923369565
1.6801795475923509,0.03768336618605509,0,full_240825_oracle_reconstruction,1.6626452558222662,1.131401076049714,0.07756713871700786,2.3109621415666814,1.6778070085106043,fixed_training_nr,4096,32,2.2167988484152144,0.8288965210464319,factor,source_aware,0.04459133639797233
28.632368667990427,25.417342773882943,0,support_4096,1.4923222849449387,29.55911386489475,29.520934124384908,33.56655550833681,28.595502629614447,growing_nr,4096,32,27.12400150768989,26.291789590705566,factor,source_aware,29.102228926057666
28.76693531046703,25.337904596569604,0,full_240825,1.5971364358245277,29.942754712120248,29.480125414592525,33.99468189468231,28.768755826577976,growing_nr,4096,32,27.372977147394764,29.25095762377565,factor,source_aware,29.22570007864616
1.6801795475923509,0.03768336618605509,0,full_240825_oracle_reconstruction,1.6626452558222662,1.131401076049714,0.07756713871700786,2.3109621415666814,1.6778070085106043,growing_nr,4096,32,2.2167988484152144,0.8288965210464319,factor,source_aware,0.04459133639797233
359.5712629831784,303.0272385171908,0,support_4096,21.93959849164477,376.61678214393146,420.50316393956723,426.63668481732753,359.8935934336582,fixed_training_nr,4096,32,390.9648115514168,401.3085830315841,factor,structured,367.0036645168383
337.1188145090019,289.7526487223301,0,support_4096,21.456826690381934,356.4345786078556,416.1302846254102,403.60245187360135,337.5118156985126,growing_nr,4096,32,368.35717319454045,387.2415712860198,factor,structured,345.5992701640363
58.27354007899346,50.774125516589955,0,support_16384,2.626455423120029,60.457558363791584,60.75665971775411,68.44516362745196,58.28237038208851,fixed_training_nr,16384,32,57.33678721856967,59.23189764897188,factor,source_aware,60.595937459046894
58.353503368682226,50.478010626558664,0,full_240825,2.6864106295694627,60.613044579726854,60.75391879785911,68.66122107567763,58.360108054899115,fixed_training_nr,16384,32,57.41059458902316,60.09823142791127,factor,source_aware,60.64618221346554
1.0577708782253763,0.016783089271025935,0,full_240825_oracle_reconstruction,1.3605190794358295,0.9125703682122654,0.006992028432873495,1.801991835239634,1.0565204687261893,fixed_training_nr,16384,32,1.4013411926916217,0.6403884825194752,factor,source_aware,0.019200128343353124
60.11505871156831,51.77425861287518,0,support_16384,3.1274192405211982,62.69120180576422,65.8846876238176,70.87440884329791,60.138951578695675,growing_nr,16384,32,58.785865068252704,62.67529019172112,factor,source_aware,62.28127739080369
60.250132457093244,51.49443826118658,0,full_240825,3.181528789784323,62.98977452415417,65.8818699594843,71.29850019035273,60.263939891920614,growing_nr,16384,32,58.90713902363808,63.845069170910925,factor,source_aware,62.285813808305655
1.0577708782253763,0.016783089271025935,0,full_240825_oracle_reconstruction,1.3605190794358295,0.9125703682122654,0.006992028432873495,1.801991835239634,1.0565204687261893,growing_nr,16384,32,1.4013411926916217,0.6403884825194752,factor,source_aware,0.019200128343353124
35.39216161844086,32.213287913593526,0,support_16384,1.8298834601334921,36.75539683275611,35.93422056435651,41.51455378960868,35.39040252700987,fixed_training_nr,16384,32,32.01810428219009,35.01469730470908,factor,structured,34.72069709055973
36.53739261207348,33.255485886780036,0,support_16384,2.2146356418854567,38.188704361731496,48.66025650459937,42.99749212928503,36.56165362867569,growing_nr,16384,32,33.55862353028717,41.39454148585446,factor,structured,35.18135370359657
82.372189126924,72.01498677394149,0,support_65536,3.6096386915981142,85.40257262552097,85.61992573033072,97.1741852655421,82.37700797626773,fixed_training_nr,65536,32,82.71979514864577,83.57090163963683,factor,source_aware,85.28477544423035
82.39565193513764,71.9701684860486,0,full_240825,3.625285772693389,85.43658856578811,85.61992573033072,96.71066732934752,82.40196327286314,fixed_training_nr,65536,32,82.72847465756912,84.0707537716582,factor,source_aware,85.23987480188796
0.34922329046051975,0.0005745871310858341,0,full_240825_oracle_reconstruction,0.015423985187535494,0.01203794417792536,0.0,0.32649551401053106,0.3488819476540211,fixed_training_nr,65536,32,0.44964255511998275,0.240978622365321,factor,source_aware,0.0005733706505759044
86.47205466070967,73.3444474205492,0,support_65536,4.636485399867349,90.14699368485557,98.46739741466574,102.27083523063374,86.4932495856524,growing_nr,65536,32,87.86737729678114,91.62945489388939,factor,source_aware,89.59364092950344
86.49522686321289,73.30116234339486,0,full_240825,4.679413619020573,90.18439644766617,98.46739741466574,101.94381628792868,86.51732768717888,growing_nr,65536,32,87.87287111197774,92.23101670762357,factor,source_aware,89.53714178192216
0.34922329046051975,0.0005745871310858341,0,full_240825_oracle_reconstruction,0.015423985187535494,0.01203794417792536,0.0,0.32649551401053106,0.3488819476540211,growing_nr,65536,32,0.44964255511998275,0.240978622365321,factor,source_aware,0.0005733706505759044
4.16554241237754,4.24378757804779,0,support_65536,0.8282694192421041,3.9085549418277545,6.398171218762383,4.7030384260231575,4.169146046728441,fixed_training_nr,65536,32,3.9915580968001847,5.066940753920183,factor,structured,3.5732308994720334
4.108243521614884,4.009243631139506,0,support_65536,0.8787107226182116,3.8912029935042862,4.798094400158703,4.715117547475293,4.113644704617535,growing_nr,65536,32,3.923088895620122,5.402056315293368,factor,structured,3.829808962036372
