cg_iterations_median,cg_iterations_p95,continuous_wall_mean_s,continuous_wall_median_s,continuous_wall_p95_s,continuous_wall_std_s,failed_group_id,family,fvm_assembly_s_mean,fvm_assembly_s_median,fvm_assembly_s_p95,fvm_solve_s_mean,fvm_solve_s_median,fvm_solve_s_p95,gpu_model_over_cpu_fvm_speedup,graph_s_mean,graph_s_median,graph_s_p95,jit_forward_s_mean,jit_forward_s_median,jit_forward_s_p95,load_s_mean,load_s_median,load_s_p95,map_apply_s_mean,map_apply_s_median,map_apply_s_p95,map_build_s_mean,map_build_s_median,map_build_s_p95,output_s_mean,output_s_median,output_s_p95,peak_device_bytes,peak_ram_bytes,reason,resolution,route,sample_count,state,status
298.0,336.15,0.6458306817185075,0.6521122269914486,0.6620378753112164,0.01694502193497816,,p1i,0.0005762851324107032,0.000589961011428386,0.0006292320787906647,0.00660801884077955,0.006548651028424501,0.00743741228361614,0.06578716250546895,,,,,,,0.0014455828531936277,0.0014486165600828826,0.0015968883351888507,,,,,,,6.407861292245798e-05,5.972193321213126e-05,6.91779889166355e-05,0,298541056,,4096,fvm,32,process_cold,passed
,,,,,,,p1i,,,,,,,,,,,,,,,,,,,,,,,,,,,,not_applicable_under_frozen_contract,4096,fvm,32,new_topology,not_applicable_under_frozen_contract
298.0,336.15,0.007615924616402481,0.007612361980136484,0.008467424922855571,0.00046937719210293777,,p1i,0.000381589044991415,0.0003739289822988212,0.0004356563847977668,0.006114795589382993,0.006132905022241175,0.006822276295861229,,,,,,,,0.0010836859692062717,0.0010715390089899302,0.0012404130364302545,,,,,,,3.434189784456976e-05,3.262900281697512e-05,4.3575017480179666e-05,0,306126848,,4096,fvm,32,known_topology_new_physics,passed
298.0,336.15,0.00624416237405967,0.006257976056076586,0.006970357499085367,0.00039637805972171696,,p1i,1.1936936061829329e-07,1.130392774939537e-07,1.995009370148182e-07,0.006201101619808469,0.006209910556208342,0.006922270928043872,1.6824130893426252,,,,,,,9.121613402385265e-07,8.409842848777771e-07,1.2834207154810429e-06,,,,,,,4.0593451558379456e-05,3.816647222265601e-05,5.689891404472291e-05,0,323084288,,4096,fvm,32,fully_cached,passed
,,9.9164867927866,9.912454073957633,10.196864129242021,0.17757455151001472,,p1i,,,,,,,0.06578716250546895,4.788884759727807,4.806046512036119,4.886695368634537,3.8926762175688054,3.8861672544735484,4.077517404704122,0.000653452254482545,0.0006346129230223596,0.0007835155178327113,8.838339999783784e-05,8.717551827430725e-05,0.0001087301061488688,0.05551584174463642,0.056266924540977925,0.05781490064691752,7.919676500023343e-05,7.836404256522655e-05,8.404714753851295e-05,139217664,1910218752,,4096,production_reconstruction,32,process_cold,passed
,,1.5992714176863956,1.7874283180572093,1.892077658569906,0.30648822453595664,,p1i,,,,,,,,1.535323285857885,1.721323020523414,1.8281884131371045,0.0032897723649512045,0.002997127012349665,0.004197202326031401,0.0006900813750689849,0.00068660854594782,0.0007883576618041843,0.00019361156955710612,0.00020584894809871912,0.0002222952782176435,0.05967399271685281,0.06077246501808986,0.06246995930559933,6.940396269783378e-05,6.908451905474067e-05,7.438930333591998e-05,190683136,3753684992,,4096,production_reconstruction,32,new_topology,passed
,,,,,,,p1i,,,,,,,,,,,,,,,,,,,,,,,,,,,,not_applicable_under_frozen_contract,4096,production_reconstruction,32,known_topology_new_physics,not_applicable_under_frozen_contract
,,0.004021064221888082,0.0037196429912000895,0.005142983834957704,0.0006093010623677001,,p1i,,,,,,,1.6824130893426252,1.6947960830293596e-06,1.6884878277778625e-06,2.144952304661274e-06,0.0029653704586962704,0.00268157001119107,0.003930484503507614,0.0006747389052179642,0.0006587054813280702,0.000760280538816005,0.0002841285240720026,0.0002468000166118145,0.0004614847304765135,2.5233493943233043e-06,2.396991476416588e-06,3.538723103702068e-06,6.284210030571558e-05,5.8611505664885044e-05,8.469035383313894e-05,139176192,3735166976,,4096,production_reconstruction,32,fully_cached,passed
330.5,373.4,0.6579222001309972,0.6610047720023431,0.6795097475929651,0.01881726710985966,,p1i,0.0014323435389087535,0.0014171855291351676,0.0015870110422838478,0.012300801558012608,0.012320882990024984,0.013751564698759466,0.06619772826001695,,,,,,,0.0016830581225804053,0.001658041961491108,0.0018554203037638218,,,,,,,6.603286601603031e-05,6.362947169691324e-05,8.36240069475025e-05,0,299208704,,8192,fvm,32,process_cold,passed
,,,,,,,p1i,,,,,,,,,,,,,,,,,,,,,,,,,,,,not_applicable_under_frozen_contract,8192,fvm,32,new_topology,not_applicable_under_frozen_contract
330.5,373.4,0.013883930321753724,0.013810068019665778,0.015848647366510704,0.0009869836972994691,,p1i,0.0006877628475194797,0.0006599375046789646,0.0007811044459231197,0.011848889062093804,0.011746161500923336,0.013187511294381693,,,,,,,,0.0013076124705548864,0.0012902140151709318,0.0015539291955064983,,,,,,,3.8189809856703505e-05,3.548449603840709e-05,5.4224400082603096e-05,0,316362752,,8192,fvm,32,known_topology_new_physics,passed
330.5,373.4,0.01230545306316344,0.012109270493965596,0.013702150568133219,0.0007577543242262415,,p1i,1.1619340511970222e-07,1.2101372703909874e-07,1.599895767867565e-07,0.012258528524398571,0.01205783651676029,0.013657998078269883,3.1195852688939163,,,,,,,1.0621297406032681e-06,9.809737093746662e-07,1.475401222705841e-06,,,,,,,4.43385579274036e-05,4.2436004150658846e-05,5.7040067622438075e-05,0,348307456,,8192,fvm,32,fully_cached,passed
,,10.00098662441087,9.985309003444854,10.206645329052117,0.14705903216952554,,p1i,,,,,,,0.06619772826001695,4.789079530131858,4.799533675017301,4.908150417392608,3.957829475399194,3.9621682969736867,4.132635737222154,0.0006402930848707911,0.0006327324663288891,0.0007130737241823226,0.00016814798800623976,0.00016215600771829486,0.00019924843218177557,0.05922310397363617,0.05982918501831591,0.060687028570100665,8.358536797459237e-05,8.141197031363845e-05,0.00010019425535574555,190730752,1912852480,,8192,production_reconstruction,32,process_cold,passed
,,1.5904821028088918,1.750683355028741,1.8882582660939078,0.29361768541230593,,p1i,,,,,,,,1.5244646907194692,1.6873175704968162,1.819241328863427,0.003081199152802583,0.0028889430104754865,0.004172187839867547,0.0006968492780288216,0.0006902455352246761,0.0008224824036005884,0.0004254341147316154,0.0004213904612697661,0.00045579822035506367,0.061708462693786714,0.0616559199988842,0.06547165523516014,7.392512998194434e-05,7.296947296708822e-05,7.98855151515454e-05,139173376,3760205824,,8192,production_reconstruction,32,new_topology,passed
,,,,,,,p1i,,,,,,,,,,,,,,,,,,,,,,,,,,,,not_applicable_under_frozen_contract,8192,production_reconstruction,32,known_topology_new_physics,not_applicable_under_frozen_contract
,,0.0041002803700394,0.0038816924206912518,0.005321005632868037,0.0005775935761262434,,p1i,,,,,,,3.1195852688939163,1.538523065391928e-06,1.5809782780706882e-06,1.9119062926620247e-06,0.0029141210943635087,0.002694256021641195,0.003966530307661742,0.0006447984451369848,0.0006181170465424657,0.0007675389759242534,0.0004414093382365536,0.0004389759269542992,0.0006352365540806204,2.5409754016436636e-06,2.5815097615122795e-06,3.1613104511052367e-06,6.68926804792136e-05,6.213248707354069e-05,9.089356753975152e-05,139177472,3759632384,,8192,production_reconstruction,32,fully_cached,passed
361.0,406.95,0.672031395661179,0.6747090459684841,0.7071355224878062,0.020540758610360362,,p1i,0.0029874014944653027,0.002957549993880093,0.003197803418152034,0.025061185133381514,0.024901342985685915,0.027999996597645804,0.06713165013031848,,,,,,,0.002442561151838163,0.0024613679852336645,0.0027631562144961206,,,,,,,7.04392368788831e-05,6.968353409320116e-05,7.973212050274014e-05,0,301527040,,16384,fvm,32,process_cold,passed
,,,,,,,p1i,,,,,,,,,,,,,,,,,,,,,,,,,,,,not_applicable_under_frozen_contract,16384,fvm,32,new_topology,not_applicable_under_frozen_contract
361.0,406.95,0.02849022655573208,0.027973538439255208,0.032268789276713505,0.0019354500906819444,,p1i,0.0011593546842050273,0.0010612665209919214,0.0014379931904841214,0.02540992756621563,0.024967009958345443,0.02889015747932717,,,,,,,,0.0018687563097046223,0.0018342635012231767,0.0022243730432819574,,,,,,,5.055534711573273e-05,4.779704613611102e-05,6.405242020264268e-05,0,337178624,,16384,fvm,32,known_topology_new_physics,passed
361.0,406.95,0.02556314496177947,0.02524459850974381,0.029029177268967032,0.0016297364898587513,,p1i,1.2123200576752424e-07,1.210719347000122e-07,1.4898250810801983e-07,0.025509744340524776,0.02519304252928123,0.028979246329981834,5.501717086832779,,,,,,,1.0365838534198701e-06,1.0029762051999569e-06,1.3874378055334091e-06,,,,,,,5.094615335110575e-05,4.990247543901205e-05,5.85263769607991e-05,0,402952192,,16384,fvm,32,fully_cached,passed
,,10.04489954206656,10.050535696034785,10.311355029098923,0.16416835913156722,,p1i,,,,,,,0.06713165013031848,4.8057305587753945,4.807531244936399,4.910613541287603,3.9803171114763245,3.9721272040042095,4.21867915870389,0.0006494467197626363,0.0006317909574136138,0.0007029708358459175,0.00033312140294583514,0.0003266155254095793,0.00038749768282286823,0.06642221793299541,0.06699398846831173,0.06919797020964324,8.482139674015343e-05,8.289300603792071e-05,9.780873660929501e-05,190705408,1910898688,,16384,production_reconstruction,32,process_cold,passed
,,1.5966585937821947,1.7439020425081253,1.8969358410162385,0.29747173907517727,,p1i,,,,,,,,1.5245562222480658,1.6747087294934317,1.8224331540812273,0.0031425297383975703,0.0028695714427158237,0.004283245222177356,0.0007121014314179774,0.0007047764956951141,0.0008198097348213196,0.00032651095898472704,0.0003144600195810199,0.00038716589915566146,0.06781266441612388,0.06875741749536246,0.07145592554588802,7.635359725099988e-05,7.380108581855893e-05,9.041607845574617e-05,139173376,3776147456,,16384,production_reconstruction,32,new_topology,passed
,,,,,,,p1i,,,,,,,,,,,,,,,,,,,,,,,,,,,,not_applicable_under_frozen_contract,16384,production_reconstruction,32,known_topology_new_physics,not_applicable_under_frozen_contract
,,0.005046683403634233,0.004588494484778494,0.006352335563860834,0.0009567251256673212,,p1i,,,,,,,5.501717086832779,1.907188561744988e-06,1.8514692783355713e-06,2.576771657913923e-06,0.0033513072557980195,0.002936832432169467,0.004256657738005742,0.0006768910861865152,0.000672215479426086,0.0007137054752092808,0.0009081819298444316,0.0009024245082400739,0.0013329143112059683,2.586373739177361e-06,2.4815090000629425e-06,3.608962288126349e-06,7.373132393695414e-05,6.711645983159542e-05,0.00010971485171467065,139176192,3802447872,,16384,production_reconstruction,32,fully_cached,passed
476.5,531.15,0.7088996882666834,0.7138146794750355,0.7323279778065626,0.019201623571682525,,p1i,0.0056197865087597165,0.005670062440913171,0.005968269717413932,0.06519738878341741,0.06492881901795045,0.07320538097992539,0.0715473922098989,,,,,,,0.004315402129577706,0.004326709022279829,0.004956629895605147,,,,,,,9.793742719921283e-05,9.352248162031174e-05,0.00013070497079752385,0,306307072,,32768,fvm,32,process_cold,passed
,,,,,,,p1i,,,,,,,,,,,,,,,,,,,,,,,,,,,,not_applicable_under_frozen_contract,32768,fvm,32,new_topology,not_applicable_under_frozen_contract
476.5,531.15,0.06813685072120279,0.06723233603406698,0.07633275625412352,0.004274501387195296,,p1i,0.002114177848852705,0.001953861501533538,0.0026339165517129002,0.06312216571313911,0.06250088254455477,0.06979531373362988,,,,,,,,0.002828686232533073,0.002817336469888687,0.0034221348294522615,,,,,,,6.994523573666811e-05,6.853544618934393e-05,8.840475929901004e-05,0,376643584,,32768,fvm,32,known_topology_new_physics,passed
476.5,531.15,0.06406797862655367,0.06294126802822575,0.06950772100244648,0.00330769681786202,,p1i,2.152810338884592e-07,2.039596438407898e-07,2.9975199140608304e-07,0.06398133793845773,0.06286442995769903,0.06942869102349504,11.093921132098263,,,,,,,1.276643160963431e-06,1.2289965525269508e-06,1.851934939622879e-06,,,,,,,8.342033834196627e-05,8.220504969358444e-05,0.00010718554840423166,0,509001728,,32768,fvm,32,fully_cached,passed
,,10.008521802086761,9.976809180981945,10.227836894080975,0.1693143290387499,,p1i,,,,,,,0.0715473922098989,4.790618653754791,4.822288104449399,4.8701570485252885,3.955105986631679,3.9568899470032193,4.16098510363372,0.0006444884456868749,0.0006354325450956821,0.0007344151323195547,0.0006593520920432638,0.0006552080158144236,0.0007184810878243297,0.08084845506891725,0.08142337552271783,0.08423411857802421,9.241907901014201e-05,9.241100633516908e-05,9.956738213077188e-05,139217664,1909641216,,32768,production_reconstruction,32,process_cold,passed
,,1.6103037203647546,1.775329741940368,1.8997491308604366,0.29802624947833267,,p1i,,,,,,,,1.5256803400734498,1.6879737804993056,1.8134720741829369,0.0031896961882011965,0.002882621483877301,0.004786561394575983,0.000702323184668785,0.000697265553753823,0.0008197551942430437,0.0006517790970974602,0.0006366005400195718,0.000738747272407636,0.07996872130024713,0.08171065850183368,0.08357500971760601,7.913548688520677e-05,7.798848673701286e-05,8.747492101974785e-05,139173376,3810013184,,32768,production_reconstruction,32,new_topology,passed
,,,,,,,p1i,,,,,,,,,,,,,,,,,,,,,,,,,,,,not_applicable_under_frozen_contract,32768,production_reconstruction,32,known_topology_new_physics,not_applicable_under_frozen_contract
,,0.005787047677586088,0.005673491570632905,0.006977274629753083,0.0006676638824029163,,p1i,,,,,,,11.093921132098263,1.9269245967734605e-06,1.8405262380838394e-06,2.4641165509819983e-06,0.0032889534340938553,0.0030114019755274057,0.004239787760889157,0.0007056479626044165,0.000679075950756669,0.0008134296804200858,0.0016751454095356166,0.0017753755091689527,0.0020202144572976978,2.559281711000949e-06,2.496002707630396e-06,3.2559502869844434e-06,7.981996895978227e-05,7.854046998545527e-05,9.37142060138285e-05,139176192,3893780480,,32768,production_reconstruction,32,fully_cached,passed
571.5,628.8,0.8168257972210995,0.8190727059845813,0.8533312656218186,0.025449366599527127,,p1i,0.01334491208763211,0.01325961243128404,0.014162471110466868,0.15886966490506893,0.15837370551889762,0.17532531035249121,0.0812883639557319,,,,,,,0.008043844125495525,0.007824494503438473,0.008916907297680155,,,,,,,0.0001454851299058646,0.00013544154353439808,0.00018736497149802743,0,318484480,,65536,fvm,32,process_cold,passed
,,,,,,,p1i,,,,,,,,,,,,,,,,,,,,,,,,,,,,not_applicable_under_frozen_contract,65536,fvm,32,new_topology,not_applicable_under_frozen_contract
571.5,628.8,0.16871097796683898,0.16776274895528331,0.1865130664082244,0.009092217012831024,,p1i,0.005811104052554583,0.005374174506869167,0.0073896989459171876,0.1580004814604763,0.15782559104263783,0.17203862188616767,,,,,,,,0.0047835401601332705,0.004639625491108745,0.0059390778536908325,,,,,,,0.00011339931734255515,0.0001087979762814939,0.00013940389035269619,0,459255808,,65536,fvm,32,known_topology_new_physics,passed
571.5,628.8,0.15850096612120979,0.15708948799874634,0.17285648841643705,0.010102188363189575,,p1i,2.0678999135270715e-07,1.869630068540573e-07,3.7340214475989326e-07,0.15838029817678034,0.1569576389156282,0.17273494290420785,24.705688300081004,,,,,,,1.317701389780268e-06,1.2594973668456078e-06,1.7617770936340093e-06,,,,,,,0.00011721102055162191,0.00011712446575984359,0.00013628425658680497,0,728223744,,65536,fvm,32,fully_cached,passed
,,10.069186630022159,10.076137175434269,10.275272729375866,0.1394968471012047,,p1i,,,,,,,0.0812883639557319,4.787473776610568,4.766229294997174,4.878216821508249,3.98052534674207,3.9883327150018886,4.184957625414245,0.0006436631192627829,0.0006357419770210981,0.0007192134857177734,0.0016864696444827132,0.0017064209678210318,0.0019186484743840993,0.10901498849489144,0.10901404346805066,0.11427876580855809,0.00011143384472234175,0.00011026451829820871,0.0001226287509780377,190683136,1914093568,,65536,production_reconstruction,32,process_cold,passed
,,1.6332987984678766,1.7910992294782773,1.9287009171908722,0.2876444398443018,,p1i,,,,,,,,1.518435725087329,1.6756274024373852,1.8096607899700756,0.003250616540753981,0.003013978071976453,0.004055623296881095,0.0007087543999659829,0.0007016825256869197,0.0008603043388575315,0.0014680579952255357,0.0014095589867793024,0.001808289042674005,0.10930436651688069,0.11089872446609661,0.11390233496786095,9.996668813982978e-05,9.981897892430425e-05,0.0001068631827365607,139173376,3873792000,,65536,production_reconstruction,32,new_topology,passed
,,,,,,,p1i,,,,,,,,,,,,,,,,,,,,,,,,,,,,not_applicable_under_frozen_contract,65536,production_reconstruction,32,known_topology_new_physics,not_applicable_under_frozen_contract
,,0.006496912086731754,0.006358433980494738,0.008236883959034458,0.0008448141957040735,,p1i,,,,,,,24.705688300081004,1.615993824088946e-06,1.5869736671447754e-06,2.3013039026409387e-06,0.003024153997102985,0.0029002585215494037,0.004174557427177206,0.0006805775010434445,0.0006739950040355325,0.0007592879934236407,0.0026583722974464763,0.00278437597444281,0.0033360050583723933,2.4844848667271435e-06,2.374988980591297e-06,3.161968197673559e-06,9.747138028615154e-05,9.611999848857522e-05,0.00010957816848531366,139176192,4079697920,,65536,production_reconstruction,32,fully_cached,passed
1525.0,1733.3999999999999,2.355179667360062,2.305626776011195,2.5546151523361913,0.1352708026222018,,p1i,0.03477951283639413,0.0323568094172515,0.04808895089663565,1.6545134962216252,1.6126121149864048,1.8518350112310145,0.22707847820477156,,,,,,,0.026087557555001695,0.026423958537634462,0.03057877962710336,,,,,,,0.00032414710585726425,0.0003208119887858629,0.00038283157045952975,0,413134848,,240825,fvm,32,process_cold,passed
,,,,,,,p1i,,,,,,,,,,,,,,,,,,,,,,,,,,,,not_applicable_under_frozen_contract,240825,fvm,32,new_topology,not_applicable_under_frozen_contract
1525.0,1733.3999999999999,1.7115169520075142,1.6972032985067926,1.9520894957415293,0.13028838251957878,,p1i,0.025153412472718628,0.024713214545045048,0.029367152601480484,1.6709258067421615,1.6578294314676896,1.908075061935233,,,,,,,,0.015181418599240715,0.014681716507766396,0.019023416988784448,,,,,,,0.0002518461005820427,0.0002539880224503577,0.0002957476768642664,0,925069312,,240825,fvm,32,known_topology_new_physics,passed
1525.0,1733.3999999999999,1.6613902141289145,1.6696731349802576,1.8672795885591766,0.11890601592920931,,p1i,2.456217771396041e-07,1.8702121451497078e-07,5.702429916709662e-07,1.6611343225158635,1.6694343900308013,1.8670277065830305,128.73073342282433,,,,,,,2.317861799383536e-06,2.2589811123907566e-06,2.906116424128413e-06,,,,,,,0.0002503389951016288,0.0002454264904372394,0.00029005180695094166,0,1881219072,,240825,fvm,32,fully_cached,passed
,,10.143306661997485,10.153435914486181,10.490585675055627,0.22035303396808179,,p1i,,,,,,,0.22707847820477156,4.797128797072219,4.817310484999325,4.902331025892636,3.9666296674295154,3.9679582085227594,4.293155341333477,0.0006773919885745272,0.0006359175313264132,0.0008153957256581633,0.017701045402645832,0.01815571845509112,0.01889554297667928,0.17577526172317448,0.17714117199648172,0.18342090882943013,0.0002793762178043835,0.00026789598632603884,0.0003330054110847413,190705408,1945182208,,240825,production_reconstruction,32,process_cold,passed
,,1.6925393401179463,1.8477550075040199,2.0005189911229535,0.29003976600946196,,p1i,,,,,,,,1.505886747745535,1.6688248745631427,1.8111103782546707,0.0031433459589607082,0.002915605960879475,0.004146392655093223,0.0007160183668020181,0.0007100389921106398,0.0008513976295944303,0.014594174666854087,0.014533062058035284,0.015506545995594933,0.167891055563814,0.16890130704268813,0.17782828061608597,0.0002739587871474214,0.000269836513325572,0.00032875710749067364,139173376,4219420672,,240825,production_reconstruction,32,new_topology,passed
,,,,,,,p1i,,,,,,,,,,,,,,,,,,,,,,,,,,,,not_applicable_under_frozen_contract,240825,production_reconstruction,32,known_topology_new_physics,not_applicable_under_frozen_contract
,,0.01390666892984882,0.01297027594409883,0.016596667154226453,0.0028695402875077705,,p1i,,,,,,,128.73073342282433,1.9490653357934207e-06,2.022541593760252e-06,2.5806308258324862e-06,0.003192271771695232,0.002928522473666817,0.004287805833155289,0.0007047602266538888,0.0006944555207155645,0.0008066702517680824,0.009713837043818785,0.008972447481937706,0.012275531480554491,3.6103592719882727e-06,2.705492079257965e-06,3.550085239112377e-06,0.0002566790317359846,0.00025289697805419564,0.00028970682178623973,139176192,5021618176,,240825,production_reconstruction,32,fully_cached,passed
,,,,,,rb_g000,randomblock,,,,,,,,,,,,,,,,,,,,,,,,,,,,rb_g000: underresolved k block,4096,fvm,32,process_cold,not_run_resolution_infeasible
,,,,,,rb_g000,randomblock,,,,,,,,,,,,,,,,,,,,,,,,,,,,rb_g000: underresolved k block,4096,fvm,32,new_topology,not_run_resolution_infeasible
,,,,,,rb_g000,randomblock,,,,,,,,,,,,,,,,,,,,,,,,,,,,rb_g000: underresolved k block,4096,fvm,32,known_topology_new_physics,not_run_resolution_infeasible
,,,,,,rb_g000,randomblock,,,,,,,,,,,,,,,,,,,,,,,,,,,,rb_g000: underresolved k block,4096,fvm,32,fully_cached,not_run_resolution_infeasible
,,11.214695799219044,11.223958139424212,11.444745271338615,0.19207357362760585,,randomblock,,,,,,,,4.583696951591264,4.587986675440334,4.644976894877618,3.9776765794340463,3.977229109965265,4.197899466427043,0.0007258728437591344,0.0007043594960123301,0.000826015620259568,9.06359709915705e-05,8.718098979443312e-05,0.00010902038193307816,0.056447281524015125,0.056471208459697664,0.05780205107294023,8.167219493770972e-05,8.168845670297742e-05,8.647312060929834e-05,190685952,1879367680,,4096,production_reconstruction,32,process_cold,passed
,,,,,,,randomblock,,,,,,,,,,,,,,,,,,,,,,,,,,,,not_applicable_under_frozen_contract,4096,production_reconstruction,32,new_topology,not_applicable_under_frozen_contract
,,0.14330423550563864,0.1479562629829161,0.1522355890017934,0.01886179980545645,,randomblock,,,,,,,,0.08424088974788901,0.08833660453092307,0.09404834689339622,0.0026503965054871514,0.002272735524456948,0.003524128219578415,0.0004934665048494935,0.0004638054524548352,0.0005729994154535234,8.709271423867904e-05,8.541252464056015e-05,9.594000875949859e-05,0.05574182262716931,0.05550071451580152,0.05730396533035673,6.875193503219634e-05,6.819353438913822e-05,7.434866856783628e-05,139137024,3584499712,,4096,production_reconstruction,32,known_topology_new_physics,passed
,,0.0031233613553922623,0.003056704008486122,0.0040069199865683915,0.000470596347680508,,randomblock,,,,,,,,7.437774911522865e-07,6.715417839586735e-07,1.1718133464455604e-06,0.0025338240557175595,0.0024726815172471106,0.003302504529710859,0.00041782670086831786,0.00039678195025771856,0.0005387996032368391,0.0001151896249211859,0.00011293799616396427,0.0001299510011449456,1.607026206329465e-06,1.4959950931370258e-06,2.2865366190671917e-06,3.5820616176351905e-05,3.406102769076824e-05,4.349516239017248e-05,139137024,3589570560,,4096,production_reconstruction,32,fully_cached,passed
,,,,,,rb_g000,randomblock,,,,,,,,,,,,,,,,,,,,,,,,,,,,rb_g000: underresolved k block,8192,fvm,32,process_cold,not_run_resolution_infeasible
,,,,,,rb_g000,randomblock,,,,,,,,,,,,,,,,,,,,,,,,,,,,rb_g000: underresolved k block,8192,fvm,32,new_topology,not_run_resolution_infeasible
,,,,,,rb_g000,randomblock,,,,,,,,,,,,,,,,,,,,,,,,,,,,rb_g000: underresolved k block,8192,fvm,32,known_topology_new_physics,not_run_resolution_infeasible
,,,,,,rb_g000,randomblock,,,,,,,,,,,,,,,,,,,,,,,,,,,,rb_g000: underresolved k block,8192,fvm,32,fully_cached,not_run_resolution_infeasible
,,11.256678573870886,11.266984483983833,11.569503715948667,0.21874069082775333,,randomblock,,,,,,,,4.605212683589343,4.599799355957657,4.637053701607511,3.9866471080422343,3.978591749444604,4.2955005255586,0.0007212679847725667,0.0007067655096761882,0.0007894392416346817,0.00016899927504709922,0.00016111298464238644,0.0002025711117312312,0.05986616911832243,0.05984834645641968,0.061550552514381705,8.33552549011074e-05,8.248904487118125e-05,9.24549880437553e-05,139172864,1882054656,,8192,production_reconstruction,32,process_cold,passed
,,,,,,,randomblock,,,,,,,,,,,,,,,,,,,,,,,,,,,,not_applicable_under_frozen_contract,8192,production_reconstruction,32,new_topology,not_applicable_under_frozen_contract
,,0.14932247872638982,0.15332587051670998,0.16001014587236567,0.019510828843841074,,randomblock,,,,,,,,0.08607762125393492,0.09018916497007012,0.0970402553328313,0.002850556313205743,0.002707513456698507,0.004476665647234767,0.0004965051884937566,0.00048296997556462884,0.0005315348505973815,0.0001656810381973628,0.0001607259619049728,0.00018064231262542306,0.059635392692143796,0.05971954501001164,0.06083639874123037,7.500171705032699e-05,7.368047954514623e-05,8.465894497931003e-05,139137024,3590574080,,8192,production_reconstruction,32,known_topology_new_physics,passed
,,0.003231016678910237,0.0031621819944120944,0.004211228573694825,0.0005058689834198285,,randomblock,,,,,,,,7.880335033405572e-07,7.00005330145359e-07,1.206959132105112e-06,0.002547372816479765,0.002485906472429633,0.003492217871826142,0.0004128317814320326,0.00040456553688272834,0.00045163122704252603,0.00020972608763258904,0.00020086101721972227,0.00024389532045461239,1.5591394912917167e-06,1.568987499922514e-06,2.054957440122962e-06,4.085000909981318e-05,3.6331010051071644e-05,7.127761491574346e-05,139137024,3604119552,,8192,production_reconstruction,32,fully_cached,passed
,,,,,,rb_g000,randomblock,,,,,,,,,,,,,,,,,,,,,,,,,,,,rb_g000: underresolved q block,16384,fvm,32,process_cold,not_run_resolution_infeasible
,,,,,,rb_g000,randomblock,,,,,,,,,,,,,,,,,,,,,,,,,,,,rb_g000: underresolved q block,16384,fvm,32,new_topology,not_run_resolution_infeasible
,,,,,,rb_g000,randomblock,,,,,,,,,,,,,,,,,,,,,,,,,,,,rb_g000: underresolved q block,16384,fvm,32,known_topology_new_physics,not_run_resolution_infeasible
,,,,,,rb_g000,randomblock,,,,,,,,,,,,,,,,,,,,,,,,,,,,rb_g000: underresolved q block,16384,fvm,32,fully_cached,not_run_resolution_infeasible
,,11.288246187352343,11.259568723500706,11.512174984323792,0.14762275237759298,,randomblock,,,,,,,,4.607942794729752,4.604290412506089,4.650252625171561,4.005269720029901,3.9818855909397826,4.245743795216549,0.0007301088480744511,0.0007069240091368556,0.000796290225116536,0.0003280998862464912,0.0003225995460525155,0.0003720937529578805,0.0674949312415265,0.06742559594567865,0.06901124714058823,8.656811769469641e-05,8.415797492489219e-05,0.00010169649031013248,190665728,1884278784,,16384,production_reconstruction,32,process_cold,passed
,,,,,,,randomblock,,,,,,,,,,,,,,,,,,,,,,,,,,,,not_applicable_under_frozen_contract,16384,production_reconstruction,32,new_topology,not_applicable_under_frozen_contract
,,0.1567621574504301,0.16159903147490695,0.16847333433106543,0.019384078636179247,,randomblock,,,,,,,,0.08676850484698662,0.09139688697177917,0.09856996837770567,0.002541156874940498,0.0022621284588240087,0.003259023028658703,0.0005360051363823004,0.0005058549577370286,0.0006838891655206679,0.0003373815197846852,0.00032258249120786786,0.0003958894114475697,0.06648181920172647,0.06639793596696109,0.06764108503120951,7.344425830524415e-05,7.233000360429287e-05,8.058214443735778e-05,139139584,3609751552,,16384,production_reconstruction,32,known_topology_new_physics,passed
,,0.0035489887559378985,0.0032083549886010587,0.004650365677662194,0.000580387540917982,,randomblock,,,,,,,,8.907154551707208e-07,8.015194907784462e-07,1.4131772331893442e-06,0.00265124072029721,0.002340843027923256,0.0036520540539640932,0.0004358199039415922,0.00041398295434191823,0.0005495996854733675,0.00038975884672254324,0.0003830744535662234,0.00045270341797731817,1.6259582480415702e-06,1.5050172805786133e-06,2.436427166685462e-06,4.937739868182689e-05,4.312547389417887e-05,6.673305761069058e-05,139137024,3631640576,,16384,production_reconstruction,32,fully_cached,passed
,,,,,,rb_g009,randomblock,,,,,,,,,,,,,,,,,,,,,,,,,,,,rb_g009: underresolved k block,32768,fvm,32,process_cold,not_run_resolution_infeasible
,,,,,,rb_g009,randomblock,,,,,,,,,,,,,,,,,,,,,,,,,,,,rb_g009: underresolved k block,32768,fvm,32,new_topology,not_run_resolution_infeasible
,,,,,,rb_g009,randomblock,,,,,,,,,,,,,,,,,,,,,,,,,,,,rb_g009: underresolved k block,32768,fvm,32,known_topology_new_physics,not_run_resolution_infeasible
,,,,,,rb_g009,randomblock,,,,,,,,,,,,,,,,,,,,,,,,,,,,rb_g009: underresolved k block,32768,fvm,32,fully_cached,not_run_resolution_infeasible
,,11.266438033475424,11.248669949534815,11.52107611670508,0.1491124338804695,,randomblock,,,,,,,,4.607037126006617,4.610784414049704,4.638083119015209,3.9573799482641334,3.9447941635153256,4.191059316811152,0.0007291205511137377,0.0007114899926818907,0.0008355524856597185,0.000668004882754758,0.0006592260324396193,0.0007522389583755285,0.08080914851234411,0.08064056595321745,0.0825838387128897,9.376883463119157e-05,9.188393596559763e-05,0.00010658809333108366,139172864,1889579008,,32768,production_reconstruction,32,process_cold,passed
,,,,,,,randomblock,,,,,,,,,,,,,,,,,,,,,,,,,,,,not_applicable_under_frozen_contract,32768,production_reconstruction,32,new_topology,not_applicable_under_frozen_contract
,,0.1683922357224219,0.17297303449595347,0.17766479282872752,0.018382453701874687,,randomblock,,,,,,,,0.08474608571123099,0.08916518150363117,0.09399687272380106,0.002560767770773964,0.0022727170726284385,0.003331139910733327,0.0005430112178146373,0.0005307119572535157,0.0006087294081225991,0.0007163517657318152,0.0006581254419870675,0.0009107702760957179,0.07971653824642999,0.07960065797669813,0.08158988186041824,8.387197158299387e-05,8.33295052871108e-05,9.159868350252509e-05,139137024,3643412480,,32768,production_reconstruction,32,known_topology_new_physics,passed
,,0.00404761674508336,0.003862389945425093,0.0050382575136609375,0.0005065659981999782,,randomblock,,,,,,,,1.1448100849520415e-06,1.068983692675829e-06,1.7822138033807278e-06,0.002731061125814449,0.002486798504833132,0.003631134517490864,0.00044683695159619674,0.00043522147461771965,0.0005103874485939741,0.0007905993952590507,0.0007807270158082247,0.0009195527294650673,1.855343725765124e-06,1.8519931472837925e-06,2.5784247554838653e-06,5.3614705393556505e-05,5.1704468205571175e-05,6.330004543997346e-05,139139584,3691102208,,32768,production_reconstruction,32,fully_cached,passed
547.0,563.8,2.267048450969014,2.2647454295656644,2.2866658189159352,0.013790473400094701,,randomblock,0.013351550805964507,0.013303553976584226,0.013949695363407955,0.14912190340692177,0.1521995069924742,0.15684826183714903,0.1994435563535607,,,,,,,0.006176055427204119,0.0063021445530466735,0.007084972463781014,,,,,,,0.0001334505395789165,0.00012896704720333219,0.0001642043935135007,0,367476736,,65536,fvm,32,process_cold,passed
,,,,,,,randomblock,,,,,,,,,,,,,,,,,,,,,,,,,,,,not_applicable_under_frozen_contract,65536,fvm,32,new_topology,not_applicable_under_frozen_contract
547.0,563.8,0.16251100904264604,0.16309668053872883,0.16829900969169104,0.005732275166801762,,randomblock,0.005742766312323511,0.005396782944444567,0.0076156210212502615,0.15258844579511788,0.1539594020578079,0.15838250066735782,0.8042683272366055,,,,,,,0.004059750022861408,0.004134838469326496,0.004879830445861444,,,,,,,0.00011739432738977484,0.00011613796232268214,0.00013599959202110768,0,505438208,,65536,fvm,32,known_topology_new_physics,passed
547.0,563.8,0.14982858343137195,0.1501974574639462,0.15483293165452777,0.003680140886463872,,randomblock,1.4836768968962133e-07,1.200241968035698e-07,2.993911039084196e-07,0.14970503833319526,0.15007672552019358,0.15471829922753386,25.923017437030506,,,,,,,1.4463221305049956e-06,1.3949465937912464e-06,2.0707782823592423e-06,,,,,,,0.00011983074728050269,0.00012020650319755077,0.00013679374242201448,0,770912256,,65536,fvm,32,fully_cached,passed
,,11.356390915225347,11.355320126516744,11.677091404545354,0.18483197339219348,,randomblock,,,,,,,0.1994435563535607,4.622021698825847,4.616403387510218,4.648148232838139,3.9922996645836974,3.97886907303473,4.268587022082647,0.0007335815971600823,0.0007122769602574408,0.000827693473547697,0.0017538680258439854,0.0017789414850994945,0.002035272610373795,0.11074793705483899,0.11042988393455744,0.11505833882838487,0.0001157521219283808,0.00011348101543262601,0.00013047821703366934,190678016,1894461440,,65536,production_reconstruction,32,process_cold,passed
,,,,,,,randomblock,,,,,,,,,,,,,,,,,,,,,,,,,,,,not_applicable_under_frozen_contract,65536,production_reconstruction,32,new_topology,not_applicable_under_frozen_contract
,,0.19847324820511858,0.20278888900065795,0.20824756853980944,0.018846337909373144,,randomblock,,,,,,,0.8042683272366055,0.08526918552524876,0.089849014475476,0.09364718485740013,0.0026962788433593232,0.002796253014821559,0.003459297673543915,0.0006169036532810424,0.0005838784854859114,0.0007040523167233914,0.0015723520118626766,0.001495659991633147,0.0019584125431720166,0.10818248689975007,0.10809723398415372,0.11000655283569358,0.00010594109699013643,0.00010421947808936238,0.00011731483973562718,139137024,3708567552,,65536,production_reconstruction,32,known_topology_new_physics,passed
,,0.005855913645063993,0.005793980497401208,0.006554969411808997,0.0005587416430103784,,randomblock,,,,,,,25.923017437030506,1.5245350368786603e-06,1.4865072444081306e-06,2.079550176858902e-06,0.0028830553419538774,0.002785629010759294,0.0037666077143512664,0.00046989868496893905,0.00046439701691269875,0.0005256137810647488,0.0023983275968930684,0.0022348450147546828,0.003338044189149514,2.279030013596639e-06,2.2599706426262856e-06,2.8828042559325693e-06,7.424787327181548e-05,7.181847468018532e-05,8.870307356119156e-05,139137024,3813781504,,65536,production_reconstruction,32,fully_cached,passed
1190.0,1210.0,3.462853747590998,3.462803873058874,3.510969484737143,0.028499051627838168,,randomblock,0.04822070621230523,0.04522829799680039,0.061697720194933935,1.2927711841148266,1.2933344414341263,1.312634393927874,0.30190634099808444,,,,,,,0.017026493853336433,0.017157279478851706,0.01944378772750497,,,,,,,0.000303920685837511,0.0002981540164910257,0.0003430405049584806,0,455057408,,240825,fvm,32,process_cold,passed
,,,,,,,randomblock,,,,,,,,,,,,,,,,,,,,,,,,,,,,not_applicable_under_frozen_contract,240825,fvm,32,new_topology,not_applicable_under_frozen_contract
1190.0,1210.0,1.3403367210339638,1.3393091055331752,1.3789021580363623,0.020630684726628913,,randomblock,0.026191942186414963,0.02497895498527214,0.032387820107396686,1.302266683705966,1.2975092999986373,1.3433535459626,5.0662001828026115,,,,,,,0.011607154596276814,0.011951936001423746,0.014254069951130077,,,,,,,0.00026623712619766593,0.00025811500381678343,0.0003193191776517779,0,971427840,,240825,fvm,32,known_topology_new_physics,passed
1190.0,1210.0,1.301668806696398,1.3006732775247656,1.333284549729433,0.0212042893841277,,randomblock,1.6696139937266707e-07,1.4295801520347595e-07,3.6413548514246936e-07,1.3013985325487738,1.3004255934501998,1.3330121805716773,81.49399126787239,,,,,,,2.304379449924454e-06,2.2919848561286926e-06,2.7176225557923318e-06,,,,,,,0.00026454267572262324,0.0002647389774210751,0.0003196744539309293,0,1922240512,,240825,fvm,32,fully_cached,passed
,,11.464727566504735,11.469795108016115,11.693006786773912,0.15410930881972895,,randomblock,,,,,,,0.30190634099808444,4.6210305733038695,4.618252053041942,4.644401608570479,4.021210336937656,4.036427972489037,4.249950636050198,0.0007359641676885076,0.0007131629972718656,0.0008121503225993365,0.017180539489345392,0.017117250012233853,0.017678219662047922,0.1840753544565814,0.18521063146181405,0.18910434022545813,0.0002897927006415557,0.0002810315345413983,0.0003498349105939269,139172864,1951088640,,240825,production_reconstruction,32,process_cold,passed
,,,,,,,randomblock,,,,,,,,,,,,,,,,,,,,,,,,,,,,not_applicable_under_frozen_contract,240825,production_reconstruction,32,new_topology,not_applicable_under_frozen_contract
,,0.2624182170293352,0.2643616630230099,0.27318551649223083,0.012602154612034127,,randomblock,,,,,,,5.0662001828026115,0.08353411615462392,0.087229598488193,0.09247549020219595,0.002713143876462709,0.0025819084839895368,0.00408415682031773,0.0006146499181340914,0.0006057149730622768,0.0006966221262700856,0.011107165195426205,0.011130606988444924,0.013728632411221043,0.16413846519208164,0.16288891102885827,0.17357924474054015,0.0002740756899584085,0.00027844897704198956,0.0003217317454982549,139137024,4088598528,,240825,production_reconstruction,32,known_topology_new_physics,passed
,,0.015848599901801208,0.015960358025040478,0.018646668188739567,0.002002474782755986,,randomblock,,,,,,,81.49399126787239,2.0299485186114907e-06,1.986045390367508e-06,2.612697426229715e-06,0.00321038332185708,0.003097171487752348,0.004172052146168425,0.0006062024731363636,0.000583687040489167,0.0007433557533659041,0.011747688025934622,0.011731969483662397,0.014550029474776236,3.034056135220453e-06,3.055436536669731e-06,3.789935726672411e-06,0.0002480889015714638,0.0002491949708200991,0.00029600478592328727,139137024,4457811968,,240825,production_reconstruction,32,fully_cached,passed
,,10.759547360910801,10.728893799008802,11.031555388332345,0.3053978408942284,,p1i,,,,,,,,4.489864490664331,4.482930725032929,4.523568148096092,5.01185048447951,5.021746419544797,5.272686324326787,0.03158505768806208,0.032403927005361766,0.03314795579644851,,,,,,,0.00011512105629662983,0.00011161854490637779,0.00014785954263061286,143139584,1847476224,,4096,direct_model,32,process_cold,passed
,,,,,,,p1i,,,,,,,,,,,,,,,,,,,,,,,,,,,,not_applicable_fixed_structured_support,4096,direct_model,32,new_topology,not_applicable_fixed_structured_support
,,0.041583412705222145,0.04143577994545922,0.04382267283508554,0.0013698060752519012,,p1i,,,,,,,,0.013944546124548651,0.013849204988218844,0.015787755569908767,0.0034482823393773288,0.0034001265303231776,0.003645225940272212,0.024125627081957646,0.024054186476860195,0.024964328133501114,,,,,,,6.272667815210298e-05,6.003095768392086e-05,8.490313193760812e-05,143139584,1854033920,,4096,direct_model,32,known_topology_new_physics,passed
,,0.02713260361997527,0.027030151977669448,0.028404316381784155,0.0005888590885428371,,p1i,,,,,,,,8.714778232388198e-07,7.865601219236851e-07,1.2594216968864203e-06,0.003566547155060107,0.0035318665322847664,0.0037222870101686566,0.023503727155912202,0.02340567094506696,0.024261337477946655,,,,,,,5.96206882619299e-05,5.801150109618902e-05,8.121137507259845e-05,143139584,1858490368,,4096,direct_model,32,fully_cached,passed
,,11.327971011120098,11.312316183990333,11.561602895887336,0.1748224235045144,,p1i,,,,,,,,4.743191740501061,4.736414943006821,4.789847677102079,5.360943592106196,5.351867791032419,5.576606167946011,0.02649689693498658,0.0262406209949404,0.026950029016006738,,,,,,,0.00011456775609985925,0.00011441501555964351,0.00012011750368401408,148345344,1852878848,,8192,direct_model,32,process_cold,passed
,,,,,,,p1i,,,,,,,,,,,,,,,,,,,,,,,,,,,,not_applicable_fixed_structured_support,8192,direct_model,32,new_topology,not_applicable_fixed_structured_support
,,0.042908383380563464,0.042230600491166115,0.046298977849073705,0.002202404268880002,,p1i,,,,,,,,0.015659780725400196,0.015578462509438396,0.01814025498460978,0.004557099218800431,0.004531795042566955,0.004758816841058433,0.02262095006517484,0.021970709029119462,0.024951646249974146,,,,,,,6.848022530903108e-05,6.286351708695292e-05,0.00010520435171201824,148345344,1870700544,,8192,direct_model,32,known_topology_new_physics,passed
,,0.02606757583998842,0.025971346476580948,0.026974173344206064,0.0005115674804644921,,p1i,,,,,,,,9.308714652433991e-07,8.75967089086771e-07,1.4043587725609541e-06,0.004782812244229717,0.004817259032279253,0.004986652452498674,0.021212627227214398,0.021103490027599037,0.022083438583649695,,,,,,,6.949832459213212e-05,6.395403761416674e-05,9.310649475082755e-05,148345344,1874677760,,8192,direct_model,32,fully_cached,passed
,,11.96474383403256,11.939636170456652,12.292999312700704,0.20916024646400772,,p1i,,,,,,,,5.117823245564068,5.1085606324486434,5.1472249671001915,5.621585849170515,5.615782804030459,5.932509825995657,0.028008641631458886,0.027853168488945812,0.028597165772225708,,,,,,,0.00012444825551938266,0.00012091343523934484,0.00015289412112906575,215102208,1874239488,,16384,direct_model,32,process_cold,passed
,,,,,,,p1i,,,,,,,,,,,,,,,,,,,,,,,,,,,,not_applicable_fixed_structured_support,16384,direct_model,32,new_topology,not_applicable_fixed_structured_support
,,0.052053096624149475,0.051881305465940386,0.05429271826869808,0.001730924012653544,,p1i,,,,,,,,0.02065859547292348,0.02063823549542576,0.02207500483491458,0.007977635254064808,0.008023519068956375,0.008682820451213047,0.02334185555446311,0.023075820528902113,0.024747625290183352,,,,,,,7.262133658514358e-05,7.181195542216301e-05,7.956471526995301e-05,215102208,1897373696,,16384,direct_model,32,known_topology_new_physics,passed
,,0.031526882103207754,0.03135367255890742,0.03324193563894369,0.0008720753513065757,,p1i,,,,,,,,8.240567694883794e-07,7.665366865694523e-07,1.228495966643095e-06,0.008348702747753123,0.008426848449744284,0.00894725490361452,0.02309301217610482,0.02285493299132213,0.024724881199654193,,,,,,,8.22625843284186e-05,7.553695468232036e-05,0.0001044636417645961,260039936,1897209856,,16384,direct_model,32,fully_cached,passed
,,12.199403326922038,12.171070776472334,12.545964928966715,0.22621492215306668,,p1i,,,,,,,,5.146964751224004,5.143998013460077,5.186399256426375,5.8275920415144356,5.793139748973772,6.168298389116535,0.03153192625177326,0.03111898695351556,0.032400812406558545,,,,,,,0.00013774912440567277,0.00013160798698663712,0.00016202880651690067,420659968,1897218048,,32768,direct_model,32,process_cold,passed
,,,,,,,p1i,,,,,,,,,,,,,,,,,,,,,,,,,,,,not_applicable_fixed_structured_support,32768,direct_model,32,new_topology,not_applicable_fixed_structured_support
,,0.07368740816309582,0.07333708298392594,0.07611779273138382,0.0023352731961360927,,p1i,,,,,,,,0.029379362164036138,0.02929346903692931,0.032197019428713246,0.017700452634016983,0.01760441344231367,0.0182968310022261,0.026511262254643952,0.026393644977360964,0.02738434844650328,,,,,,,9.349109313916415e-05,8.394604083150625e-05,0.00012809435720555483,390247936,1949556736,,32768,direct_model,32,known_topology_new_physics,passed
,,0.043729280565457884,0.0436905050300993,0.044714644202031195,0.0006877746803903278,,p1i,,,,,,,,9.532850526738912e-07,9.26025677472353e-07,1.2009928468614818e-06,0.01794911221440998,0.017882830987218767,0.01864033811725676,0.02568510393393808,0.02559962193481624,0.026544438733253628,,,,,,,9.205152309732512e-05,8.536799577996135e-05,0.00011936520459130406,521092608,1948712960,,32768,direct_model,32,fully_cached,passed
,,13.186266522545338,13.180404106562492,13.458205964928492,0.19304863554671206,,p1i,,,,,,,,5.9746519844011345,5.9645800674916245,6.026870664290618,5.97349115637553,5.984331874467898,6.267349658807507,0.0394936985867389,0.039398870489094406,0.04127875294070691,,,,,,,0.00017544923684909008,0.00018331094179302454,0.0002200686081778258,818761216,1887510528,,65536,direct_model,32,process_cold,passed
,,,,,,,p1i,,,,,,,,,,,,,,,,,,,,,,,,,,,,not_applicable_fixed_structured_support,65536,direct_model,32,new_topology,not_applicable_fixed_structured_support
,,0.11564311512483982,0.11528330045985058,0.11923563093878328,0.002352519029868191,,p1i,,,,,,,,0.047577833302057115,0.0475550860282965,0.0498219775618054,0.036934921561623923,0.03666702244663611,0.03796410689246841,0.030979224586189957,0.030690282001160085,0.032128608791390435,,,,,,,0.00014696768266730942,0.00015335599891841412,0.0001606155827175826,790323968,2073440256,,65536,direct_model,32,known_topology_new_physics,passed
,,0.06885546717239777,0.06881616450846195,0.07111713228514419,0.0014439055988816716,,p1i,,,,,,,,1.3576209312304854e-06,1.3605458661913872e-06,2.0104169379919766e-06,0.03703401803431916,0.03683408652432263,0.03807191833620891,0.031700408515462186,0.031498678552452475,0.03371306696208194,,,,,,,0.00011703909694915637,0.00010387750808149576,0.00016258180839940904,1078607872,2031099904,,65536,direct_model,32,fully_cached,passed
,,17.544011502119247,17.645041680021677,17.960631670855218,0.37103024838617665,,p1i,,,,,,,,10.365940032679646,10.392487193981651,10.566016445273998,5.9141027013574785,5.938900457578711,6.1520623957971114,0.08382817127858289,0.08336875750683248,0.09905342137790285,,,,,,,0.0002748126134974882,0.00026943255215883255,0.0003051212232094258,3005018112,2016608256,,240825,direct_model,32,process_cold,passed
,,,,,,,p1i,,,,,,,,,,,,,,,,,,,,,,,,,,,,not_applicable_fixed_structured_support,240825,direct_model,32,new_topology,not_applicable_fixed_structured_support
,,0.3591112790199986,0.35721048852428794,0.3653331682377029,0.009329203821259008,,p1i,,,,,,,,0.1586872252446483,0.15801409049890935,0.16337616360397078,0.142695790342259,0.14267791947349906,0.14374029952450657,0.057446151760814246,0.057004387490451336,0.06129547627060674,,,,,,,0.0002767733749351464,0.00027641403721645474,0.0003347891964949667,3004467456,2595553280,,240825,direct_model,32,known_topology_new_physics,passed
,,0.20605481126040104,0.2056772505166009,0.2137276070541702,0.004807007882185935,,p1i,,,,,,,,1.9860272004734725e-06,1.6030389815568924e-06,2.2853841073811053e-06,0.1425839608127717,0.1424717329791747,0.14359210418188012,0.0631861529982416,0.06297901802463457,0.07025173639995046,,,,,,,0.00027815157955046743,0.0002877810038626194,0.0003287701809313148,3931406080,2518462464,,240825,direct_model,32,fully_cached,passed
,,,,,,rb_g000,randomblock,,,,,,,,,,,,,,,,,,,,,,,,,,,,rb_g000: underresolved k block,4096,direct_model,32,process_cold,not_run_resolution_infeasible
,,,,,,,randomblock,,,,,,,,,,,,,,,,,,,,,,,,,,,,not_applicable_fixed_structured_support,4096,direct_model,32,new_topology,not_applicable_fixed_structured_support
,,,,,,rb_g000,randomblock,,,,,,,,,,,,,,,,,,,,,,,,,,,,rb_g000: underresolved k block,4096,direct_model,32,known_topology_new_physics,not_run_resolution_infeasible
,,,,,,rb_g000,randomblock,,,,,,,,,,,,,,,,,,,,,,,,,,,,rb_g000: underresolved k block,4096,direct_model,32,fully_cached,not_run_resolution_infeasible
,,,,,,rb_g000,randomblock,,,,,,,,,,,,,,,,,,,,,,,,,,,,rb_g000: underresolved k block,8192,direct_model,32,process_cold,not_run_resolution_infeasible
,,,,,,,randomblock,,,,,,,,,,,,,,,,,,,,,,,,,,,,not_applicable_fixed_structured_support,8192,direct_model,32,new_topology,not_applicable_fixed_structured_support
,,,,,,rb_g000,randomblock,,,,,,,,,,,,,,,,,,,,,,,,,,,,rb_g000: underresolved k block,8192,direct_model,32,known_topology_new_physics,not_run_resolution_infeasible
,,,,,,rb_g000,randomblock,,,,,,,,,,,,,,,,,,,,,,,,,,,,rb_g000: underresolved k block,8192,direct_model,32,fully_cached,not_run_resolution_infeasible
,,,,,,rb_g000,randomblock,,,,,,,,,,,,,,,,,,,,,,,,,,,,rb_g000: underresolved q block,16384,direct_model,32,process_cold,not_run_resolution_infeasible
,,,,,,,randomblock,,,,,,,,,,,,,,,,,,,,,,,,,,,,not_applicable_fixed_structured_support,16384,direct_model,32,new_topology,not_applicable_fixed_structured_support
,,,,,,rb_g000,randomblock,,,,,,,,,,,,,,,,,,,,,,,,,,,,rb_g000: underresolved q block,16384,direct_model,32,known_topology_new_physics,not_run_resolution_infeasible
,,,,,,rb_g000,randomblock,,,,,,,,,,,,,,,,,,,,,,,,,,,,rb_g000: underresolved q block,16384,direct_model,32,fully_cached,not_run_resolution_infeasible
,,,,,,rb_g009,randomblock,,,,,,,,,,,,,,,,,,,,,,,,,,,,rb_g009: underresolved k block,32768,direct_model,32,process_cold,not_run_resolution_infeasible
,,,,,,,randomblock,,,,,,,,,,,,,,,,,,,,,,,,,,,,not_applicable_fixed_structured_support,32768,direct_model,32,new_topology,not_applicable_fixed_structured_support
,,,,,,rb_g009,randomblock,,,,,,,,,,,,,,,,,,,,,,,,,,,,rb_g009: underresolved k block,32768,direct_model,32,known_topology_new_physics,not_run_resolution_infeasible
,,,,,,rb_g009,randomblock,,,,,,,,,,,,,,,,,,,,,,,,,,,,rb_g009: underresolved k block,32768,direct_model,32,fully_cached,not_run_resolution_infeasible
,,14.63611267721717,14.65511046902975,14.877891123638255,0.1767487731525459,,randomblock,,,,,,,,5.971617969662475,5.97488863003673,6.029870389890857,6.014615189546021,6.052852816472296,6.262762471195311,0.033457357429142576,0.03391531598754227,0.035866859200177716,,,,,,,0.00017291171752731316,0.00017255451530218124,0.0002045119705144316,819769856,1926938624,,65536,direct_model,32,process_cold,passed
,,,,,,,randomblock,,,,,,,,,,,,,,,,,,,,,,,,,,,,not_applicable_fixed_structured_support,65536,direct_model,32,new_topology,not_applicable_fixed_structured_support
,,0.10300903140887385,0.10296316351741552,0.1047313685703557,0.002410454303664711,,randomblock,,,,,,,,0.047330812172731385,0.0475564930238761,0.049056916154222564,0.03681034509281744,0.03664369648322463,0.037748667993582785,0.018722248372796457,0.01850239804480225,0.019384315656498074,,,,,,,0.00014153010124573484,0.00014508457388728857,0.0001638761896174401,817594112,2067087360,,65536,direct_model,32,known_topology_new_physics,passed
,,0.057997046034870436,0.0572199264424853,0.05884620061260648,0.006126141117700087,,randomblock,,,,,,,,8.813985914457589e-07,8.154311217367649e-07,1.4197605196386575e-06,0.037851154658710584,0.03671045455848798,0.03805256463238038,0.020004924535896862,0.020288928470108658,0.021593531378312037,,,,,,,0.00013700472845812328,0.00014421448577195406,0.00015512859681621194,1078605568,2052018176,,65536,direct_model,32,fully_cached,passed
,,19.23503218472615,19.20215205452405,19.5079004452622,0.16589831795507504,,randomblock,,,,,,,,10.642637297052715,10.63857013208326,10.706997946620685,5.89678585832371,5.904460800054949,6.166723259905121,0.07408419009152567,0.07475582149345428,0.07803980866447091,,,,,,,0.0002972859001602046,0.00030363298719748855,0.0003130469762254506,3004102912,2026639360,,240825,direct_model,32,process_cold,passed
,,,,,,,randomblock,,,,,,,,,,,,,,,,,,,,,,,,,,,,not_applicable_fixed_structured_support,240825,direct_model,32,new_topology,not_applicable_fixed_structured_support
,,0.35006906750641065,0.34881843253970146,0.3555703493126202,0.008063402111878289,,randomblock,,,,,,,,0.16169271374383243,0.1611741305096075,0.166099974012468,0.1446131832562969,0.14451434597140178,0.14572082391823643,0.0434789960818307,0.043285714054945856,0.04563361668842845,,,,,,,0.0002792449085973203,0.0002815015031956136,0.0003328457532916218,2997343488,2603819008,,240825,direct_model,32,known_topology_new_physics,passed
,,0.19549993337568594,0.19734946300741285,0.20220512334490195,0.005199589389493563,,randomblock,,,,,,,,1.4070938050281256e-06,1.3550161384046078e-06,2.0895618945360185e-06,0.14475492029669113,0.1446841754950583,0.14573022363474591,0.05045392200918286,0.052392094978131354,0.05675861113704741,,,,,,,0.00028469906465034,0.00028896296862512827,0.0003278428630437702,3946341632,2539708416,,240825,direct_model,32,fully_cached,passed
