sample_id,role,fold,true_log_scale,log_s_phys,is_train_Q4,physics_24_oof_log_scale,pooled_latent_96_oof_log_scale,combined_120_oof_log_scale
sample_0000,train,3,-0.10282983282142698,-0.9067709445953369,False,0.001426900681189891,0.004552005739374643,-0.053770403573059844
sample_0001,train,0,-0.45023240161797473,-0.723574161529541,False,-0.4519411458920513,-0.4609794257959701,-0.46471675245959676
sample_0002,train,3,-0.1932548302365063,-0.8768903613090515,False,-0.0006826181225635386,-0.12027922735023966,-0.16091996462687974
sample_0003,train,2,-2.3849423778095113,-2.9622128009796143,False,-2.3505860752520036,-2.3499558867374897,-2.4098724435441845
sample_0005,train,1,-2.6782963914918327,-3.478681802749634,False,-2.671772623946001,-2.5127046781900226,-2.5235671435398186
sample_0007,train,2,-2.150994638346225,-2.289158582687378,False,-1.4721030332127798,-2.1522462268292806,-2.163400836085136
sample_0009,train,0,0.39249193922923226,-1.3611090183258057,True,0.3565168101187277,0.48179743153672017,0.45092270532978995
sample_0010,train,1,-0.9342861384842436,-1.384951114654541,False,-1.007905455324948,-0.9869926264134643,-0.9826772328796891
sample_0011,train,2,0.390920864354946,-2.3017401695251465,True,-0.4187035275562585,0.3247909253569796,0.2971582514740243
sample_0012,train,4,-0.44840424256020256,-0.72470623254776,False,-0.4891127609860859,-0.48081671603222553,-0.48699478377604366
sample_0013,train,0,-0.7365460547311953,-1.2496004104614258,False,-1.2580241896217839,-1.1392080749130093,-1.10314578066069
sample_0016,train,2,-0.629971906332151,-1.1907198429107666,False,-0.6812969747411963,-0.7474299484190544,-0.7309481193995873
sample_0020,train,0,-1.3518820647833596,-1.930307149887085,False,-1.117978163149727,-1.416785432359362,-1.4166362980119422
sample_0021,train,3,-2.4752495661986984,-2.658047676086426,False,-2.098037361392685,-2.478500364363915,-2.478448298693767
sample_0024,train,3,-0.10360744147171501,-1.2260229587554932,False,-0.1978899071943918,-0.08783320059229194,-0.12087865706359313
sample_0025,train,2,-0.6757540195129922,-3.030395030975342,False,-1.0957124484574006,-0.913672400343438,-0.8952093343682996
sample_0026,train,1,-1.8527338692543092,-2.456956386566162,False,-1.5066601758345177,-1.8265099152769153,-1.77921077080989
sample_0029,train,2,0.27890131993348805,-0.14765751361846924,True,0.5463048942775273,0.2111758866323442,0.22656301913415194
sample_0030,train,4,-0.10543619603685922,-0.399060994386673,False,-0.4719504994636595,-0.0930634597786093,-0.022018037926391343
sample_0031,train,2,-3.3540787972575856,-3.5096426010131836,False,-2.987729640841444,-3.2934892654039354,-3.293477533459455
sample_0032,train,3,-2.2889800505431364,-2.9471583366394043,False,-1.7199853955176452,-2.190580447154219,-2.223227505738802
sample_0033,train,4,-2.283488235841392,-2.61417555809021,False,-2.465036546646656,-2.224231606559581,-2.23548886449862
sample_0036,train,3,1.2838065554071643,0.6441209316253662,True,1.0139751852941665,1.38587525132754,1.311592408073982
sample_0038,train,1,-2.0046060729352737,-2.653244972229004,False,-2.0402549064090767,-1.9821667535580576,-2.034365858479223
sample_0040,train,1,-0.27386184842125555,-1.0007333755493164,False,0.14776122697138083,-0.22565879525733634,-0.2269452371307772
sample_0041,train,0,-1.2981242297300808,-1.6415165662765503,False,-1.076231040944049,-1.288195367748636,-1.3383146001900972
sample_0042,train,1,-0.7137872215052483,-1.889187216758728,False,-0.8144164565866518,-0.7196110528898101,-0.6686015769712101
sample_0043,train,1,-0.44261252120931455,-1.1833677291870117,False,-0.4869598944242588,-0.437587041071991,-0.41630697894203417
sample_0044,train,2,-1.7028892852202389,-3.492382526397705,False,-2.192829568696374,-1.834413017062537,-1.804337602258639
sample_0046,train,4,-1.150883188792904,-1.4473233222961426,False,-1.3274621282935026,-1.144566149783869,-1.1678231797487666
sample_0047,train,3,0.4612088155373872,-0.508198082447052,True,0.6155170576375424,0.5061254523767351,0.5216589280351829
sample_0048,train,1,-3.571942280447078,-3.6846625804901123,False,-2.462638633650942,-3.55224401781852,-3.5262032715213567
sample_0050,train,0,-1.0990291368385585,-1.372778058052063,False,-0.8003731710791168,-0.9298511212012172,-0.9273071658645077
sample_0051,train,4,-1.3679004423725023,-1.7645066976547241,False,-1.40933005194612,-1.4044338515126578,-1.4722184865219567
sample_0052,train,3,-3.5894208254038853,-3.910461902618408,False,-3.335524512469464,-3.5859858647576144,-3.6415574786914613
sample_0054,train,4,0.09572904026905277,-0.3589744567871094,True,-0.6691353581840788,0.013150741561929524,-0.02883720016410518
sample_0055,train,2,0.18188854309668298,-1.6982579231262207,True,-0.027231731424955274,0.11334613460875187,0.14392827984444034
sample_0056,train,2,-1.4357923565984336,-2.181269645690918,False,-0.9437074807709684,-1.4029608635208783,-1.410796627821323
sample_0057,train,2,0.43264616267601114,-0.9031455516815186,True,-0.02329412396372732,0.39112880795200033,0.34304247513404174
sample_0058,train,2,-2.124008022112055,-3.3104159832000732,False,-2.0955125224946385,-2.126235872857605,-2.143111518327399
sample_0060,train,3,-0.1363822778973329,-0.9506457448005676,False,0.08202075590240443,-0.19790642045301532,-0.19032015826042314
sample_0063,train,3,-2.441416254854035,-3.230520248413086,False,-2.3668357172037693,-2.4102568055401825,-2.383933001366234
sample_0064,train,2,1.0907305058277896,0.33988097310066223,True,1.1303638712138966,1.1660970153769576,1.164577209211548
sample_0065,train,4,0.5023933934071444,-0.24147279560565948,True,0.48184326727488735,0.5342126362488216,0.4938863050283676
sample_0066,train,2,-1.1891766271361282,-1.4951715469360352,False,-0.9274530798456846,-1.067230777490054,-1.0483220279569359
sample_0068,train,3,0.1386662653718012,-1.354765772819519,True,0.11575670157782758,-0.01129149916209049,-0.01140509128340339
sample_0069,train,3,0.17741033465300762,-0.5883892774581909,True,0.20106295089745418,0.2746655930690267,0.23360342115746613
sample_0070,train,2,-1.5548692871207006,-2.539694309234619,False,-1.3470549382724761,-1.573367792752776,-1.590661465262817
sample_0071,train,4,0.720721824632744,0.34872710704803467,True,0.8988120905888931,0.68691930094581,0.7187607486368959
sample_0072,train,2,0.3433022262171921,-2.6220667362213135,True,-0.8914189173754672,0.06382632878624728,0.11241086864940142
sample_0074,train,2,-0.20401364865640675,-2.646923780441284,False,-0.8871754536859187,-0.30427137311158114,-0.3370239294412021
sample_0076,train,0,-1.0198912393748159,-2.888500690460205,False,-1.117157561710762,-1.1083705458885253,-1.0947031859755634
sample_0078,train,1,-1.1171701310274191,-1.6434777975082397,False,-1.3309631569268858,-1.0787370603781212,-1.1493088473701618
sample_0079,train,1,-0.2317186771819341,-3.719040870666504,False,-0.8537221085740483,-0.2757262221953356,-0.24171813439881618
sample_0080,train,4,-3.560085854974894,-3.9263737201690674,False,-3.8598596148893862,-3.4855220706025523,-3.4995267168875053
sample_0081,train,4,-1.7060560552996553,-2.1092138290405273,False,-1.392322428321967,-1.7738585284163448,-1.6898040606966676
sample_0082,train,0,0.13316102579766137,-0.5324886441230774,True,0.37080228404731186,0.13263534843010116,0.09621098483626944
sample_0086,train,2,-3.4981407895736587,-3.9631807804107666,False,-2.86643081316145,-3.4269287543839657,-3.433788253090654
sample_0087,train,3,-2.6128989967938048,-2.8705079555511475,False,-2.1258359877764827,-2.525654602882932,-2.5004767584726033
sample_0088,train,2,-1.298936608603063,-1.5002586841583252,False,-0.6107629176011987,-1.2363622616481855,-1.2189789158081064
sample_0090,train,1,-1.009852684906589,-1.650923728942871,False,-0.7387209187642407,-0.9503645617316272,-0.9389832940887757
sample_0091,train,2,-0.3976582776839769,-1.0721713304519653,False,-0.2597460014378008,-0.3480034543682038,-0.35404999021855166
sample_0092,train,2,-1.2931057603846627,-1.214884638786316,False,-0.3061989493045155,-1.1289992788662775,-1.0566040837909008
sample_0093,train,0,-2.4381086860311503,-3.9104502201080322,False,-2.6801105619410515,-2.464600531257359,-2.4717294007042145
sample_0094,train,2,-1.5236836865495595,-1.8143844604492188,False,-1.5937806595180848,-1.4291728088789937,-1.4737133335029924
sample_0095,train,4,0.09430835094852912,-0.301986962556839,True,0.31991939422509175,0.004144422165174022,0.020728083073103365
sample_0096,train,0,-2.0080543978466388,-2.771766424179077,False,-2.1030367224628947,-2.0928043274818826,-2.1209169109749113
sample_0098,train,1,-2.2761426770149416,-2.798768997192383,False,-1.6158909995657647,-2.26125903040011,-2.267182757503926
sample_0099,train,2,0.004873815838459333,-0.3402916491031647,True,0.3770760523550941,0.24926273850349023,0.27079640708629227
sample_0101,train,2,-2.076490447043891,-2.2210755348205566,False,-2.0666267007445542,-2.0840565188028193,-2.1047653464557254
sample_0103,train,4,-1.5349714065822697,-3.6840054988861084,False,-1.773754746573673,-1.674439206971086,-1.6984691059315369
sample_0104,train,4,-0.206021058644678,-0.688349187374115,False,0.2179852206742594,-0.1614743222579419,-0.16088772716346367
sample_0105,train,0,0.48984350926341147,-2.764815330505371,True,-0.5534591091026,0.5457876996428532,0.5265903078083323
sample_0109,train,2,0.6763139603561054,-1.7786692380905151,True,0.08571084468793289,0.4861811645951546,0.47092791799080036
sample_0110,train,1,-1.0116874875195443,-1.497200608253479,False,-0.6981778628394814,-1.0243452959918633,-0.9848055876974597
sample_0111,train,3,-0.2062898723519495,-1.8131179809570312,False,-0.8179120915546919,-0.24340430843115013,-0.2647964846908042
sample_0113,train,1,-0.9512931908601128,-2.219317674636841,False,-1.0771738047871884,-0.8824413003521441,-0.9079905327653146
sample_0114,train,0,-0.771696147619314,-2.9007248878479004,False,-1.337585496991232,-0.8371281880957069,-0.767670889641769
sample_0115,train,1,-0.6267406904438337,-1.8809400796890259,False,-0.7785895773434139,-0.5446444167185518,-0.6418629591176661
sample_0116,train,2,-2.484773677569584,-2.6981112957000732,False,-2.576106492461441,-2.512893958613651,-2.481825043701377
sample_0117,train,0,-0.8388203867236994,-2.39471173286438,False,-0.36673812402635075,-0.9243068944179798,-0.8933555173144274
sample_0118,train,4,-2.986251944941698,-3.7234909534454346,False,-2.8737556281222965,-2.9473172519901767,-2.8875759146369626
sample_0120,train,1,0.8148442278384104,-0.17870144546031952,True,0.7465442159859924,0.9289067745344184,0.9048677429720704
sample_0121,train,0,-0.2967257675036687,-1.538527250289917,False,-0.3552097088516408,-0.35986701155945444,-0.4198580267225813
sample_0123,train,1,-0.9507898403372176,-2.5712878704071045,False,-1.3263240835304941,-1.0151653520258466,-1.0386549944779164
sample_0124,train,2,-4.2353581601809545,-4.4721550941467285,False,-3.650513841411234,-4.102228470882089,-4.154148655436564
sample_0126,train,3,0.9494238854458903,0.40313276648521423,True,0.827737641276705,0.9530953284824407,0.9612304508312163
sample_0127,train,1,-1.9534470455007586,-2.6184163093566895,False,-2.3884656227155725,-1.6629055893947624,-1.5889475816701455
sample_0128,train,2,-1.3879537359416625,-2.167677402496338,False,-1.1943185161248755,-1.3914252638522135,-1.4162077091484475
sample_0131,train,0,-0.6566059966472008,-1.3965363502502441,False,-0.15327576275024635,-0.7219431070016893,-0.7084898823047857
sample_0132,train,3,-0.8706514327943562,-1.5322331190109253,False,-0.7078692524716304,-0.713729156985648,-0.7314271509603132
sample_0133,train,3,-1.1558509494273772,-1.6947684288024902,False,-0.5876560571734755,-1.0953928365149839,-1.0652146428108926
sample_0134,train,0,0.3552649412126105,-2.993800640106201,True,0.37506215270461674,0.4983839190325208,0.4471605934334413
sample_0135,train,4,-0.1236002678904055,-0.5415941476821899,False,-0.5866857019155705,-0.25084363069500754,-0.2057279128219272
sample_0137,train,4,-1.4935566304500394,-1.7311705350875854,False,-1.0056274185065266,-1.5144401191497532,-1.5113071389300432
sample_0138,train,4,-1.4997228750944873,-2.93367338180542,False,-1.6268010814903875,-1.5052226583140333,-1.5106178378411348
sample_0139,train,2,-0.5957328765365374,-1.385359525680542,False,-0.3923322070913362,-0.5305356869086082,-0.526339400854182
sample_0141,train,3,-1.4154301906838953,-3.4344115257263184,False,-1.901584108766887,-1.4135227106365669,-1.3645088868637778
sample_0142,train,1,-1.0709054304190984,-2.136171579360962,False,-1.2031695020132718,-0.9953821344818863,-0.9946894283477168
sample_0143,train,1,-0.41420990706257604,-0.9963101148605347,False,-0.3170601976284184,-0.41300129871804514,-0.4422064589407546
sample_0145,train,4,-2.672603750639482,-2.978855609893799,False,-3.511974065841058,-3.1188687615179633,-3.0343080784551972
sample_0147,train,2,0.39281001551530453,-0.47430601716041565,True,0.24805544280361125,0.2968278864031644,0.32709236462372127
sample_0148,train,1,-2.0112218550693335,-2.4890007972717285,False,-1.6269029189356425,-1.8275139624216736,-1.7886644577448094
sample_0149,train,4,-0.565179229184001,-1.493664264678955,False,-1.3610250489127842,-0.49957715151274895,-0.5205834973527997
sample_0150,train,3,-0.02414999340584579,-0.45034268498420715,True,0.11926777569348146,-0.27823883191906523,-0.3262903031661615
sample_0151,train,3,-3.230642095661116,-3.835681438446045,False,-2.1811433202246207,-3.254540606349461,-3.2143212946329367
sample_0152,train,0,-3.4444287042840678,-4.4079461097717285,False,-3.2166948928360664,-3.487114943539768,-3.462224679324489
sample_0154,train,4,-4.468055078949418,-4.622021198272705,False,-3.7597417453972954,-4.284332650887256,-4.293466725031388
sample_0160,train,4,-0.1058688555676978,-0.7203776240348816,False,-0.13290881401536936,-0.10386965270964477,-0.0897291485746956
sample_0161,train,3,-0.2377445163822712,-0.7684287428855896,False,-0.24426999607348865,-0.15216977107250573,-0.19040593763976288
sample_0163,train,1,-1.1224366623143607,-1.9296625852584839,False,-0.6052927011429843,-1.1729518738750886,-1.2000663777402094
sample_0164,train,1,-1.5079763917654738,-4.120624542236328,False,-1.8265681090257795,-1.422609365664138,-1.4351237560726
sample_0165,train,1,-1.2804723953912842,-2.1575891971588135,False,-1.3063690221124733,-1.2675810219609172,-1.1794568075991823
sample_0166,train,1,0.44459090771187354,-0.756670355796814,True,0.5440690175233205,0.4391962987950988,0.43440731838777435
sample_0167,train,3,-0.5845297710766316,-0.8689273595809937,False,-0.7471983876688885,-0.54700205886705,-0.5148126249720161
sample_0168,train,4,-0.42244975488891046,-2.4677252769470215,False,0.9180647157226285,-0.26168325139774273,-0.2748975716945221
sample_0172,train,2,-2.2185600869892284,-2.682407855987549,False,-1.7923448046210564,-2.1498135587648046,-2.060922238371588
sample_0173,train,1,-0.2033571001206128,-1.1762388944625854,False,-0.23034816353634135,-0.3088696494975517,-0.2945276739189453
sample_0175,train,4,-2.6727120169124525,-3.3922019004821777,False,-2.603217216475832,-2.6164128573241854,-2.6089700237638285
sample_0176,train,3,-1.3502239859635474,-1.7618803977966309,False,-1.3106847612626584,-1.300093319928818,-1.3152730308095117
sample_0177,train,0,-3.0147020406692957,-3.2051475048065186,False,-2.6830417739480197,-3.0883393758723976,-3.103316839960109
sample_0178,train,4,-0.2588177348446188,-0.6974503993988037,False,-0.035721751851805594,-0.340182523083352,-0.35275495705316495
sample_0179,train,0,0.382445392182906,-0.7448537945747375,True,0.4692738126379059,0.45898822976317555,0.43106847200554066
sample_0180,train,0,-1.6342916700983796,-2.588452100753784,False,-1.4227344320011788,-1.6165165458531874,-1.6779320557741935
sample_0182,train,4,-2.5423150894157276,-3.614496946334839,False,-2.6253475457834563,-2.5055521917141226,-2.5173073115353817
sample_0183,train,4,-1.8541801464555223,-2.7590229511260986,False,-1.9003898126765228,-1.8675555833217103,-1.8901730634075928
sample_0184,train,0,-2.7765295976034734,-2.731215238571167,False,-1.88466356448503,-2.6894049231579866,-2.714834910180279
sample_0185,train,3,-0.8098436773480029,-1.6313740015029907,False,-0.9380234087771988,-0.7259693596725048,-0.7302896292406243
sample_0188,train,3,-3.126158326577834,-3.063300132751465,False,-2.245118663811903,-2.944235985460234,-2.9264598226516982
sample_0189,train,1,-2.925521598903946,-3.9625244140625,False,-2.6224766433868236,-2.9369663637329193,-2.7644175654706293
sample_0190,train,4,-0.20438957474620675,-1.0907800197601318,False,-0.25242275399706504,-0.11198820411219335,-0.11063804321806914
sample_0191,train,1,-0.10122167256171506,-1.0269042253494263,False,0.09079952730170415,-0.1587639975997136,-0.21284688158941711
sample_0193,train,0,-0.19995988863916744,-0.9076441526412964,False,0.17711092688611774,-0.1925776826766592,-0.20646774252537725
sample_0197,train,0,-1.552340155414796,-2.333731174468994,False,-1.4160402116175899,-1.5514107685545044,-1.53464507307687
sample_0198,train,3,-0.13786602181455715,-1.6740565299987793,False,-0.04732005116633475,-0.15179228995568184,-0.16860028680086914
sample_0202,train,3,-1.303911566833628,-2.280346155166626,False,-1.3312323374890553,-1.395994837811409,-1.4689808759822593
sample_0203,train,0,-0.9324179552391623,-3.3643007278442383,False,-1.708167485458462,-0.9943285264799728,-1.0367580565177832
sample_0205,train,0,-0.7997273188647503,-3.856769561767578,False,-1.6832627049273077,-0.7073789657480232,-0.6938096653291477
sample_0207,train,1,0.21595251112545052,-0.8021246194839478,True,0.2261169470795934,0.3378639319762362,0.34988695783811763
sample_0208,train,4,0.519982847461942,-0.22353248298168182,True,0.6152764004851695,0.5465883752224137,0.5116224959638889
sample_0209,train,2,-1.402826345687721,-2.0262441635131836,False,-1.4643082257442979,-1.7869054754752898,-1.7790126244838724
sample_0210,train,2,-2.0473060653909325,-2.2487993240356445,False,-1.5644249933184358,-1.96797607194832,-1.956593127054662
sample_0212,train,2,-0.006984499519843884,-2.214812755584717,True,-0.43372367899278874,-0.1691658977846866,-0.15929499276963854
sample_0214,train,3,0.12591612959474427,-0.5570374727249146,True,0.3345727813394075,0.0869100096093437,0.08708972492312572
sample_0215,train,1,0.2469923028403225,-0.5763852000236511,True,0.20302420884068395,0.24541608501522172,0.27459364278133414
sample_0216,train,4,-4.273386290930883,-4.942463397979736,False,-4.330270988703065,-4.2809154563103196,-4.401319938445042
sample_0217,train,1,-2.887211442778681,-2.9108567237854004,False,-2.7974730432041888,-2.9049811606913805,-2.920761932299313
sample_0218,train,0,-2.145712177992151,-2.817539930343628,False,-1.9129111196920228,-2.151541802622871,-2.158937821456906
sample_0219,train,3,-1.1590282804942151,-1.7285659313201904,False,-0.7319291548277802,-1.1835183147712,-1.1668401299183704
sample_0220,train,3,-1.9933413519838434,-2.4670250415802,False,-1.6512394310312017,-1.8966746929536682,-1.8998208809400832
sample_0221,train,0,-1.6894831133238197,-2.3360795974731445,False,-1.8916033109355883,-1.7556546954678538,-1.7841547817165766
sample_0223,train,3,-3.4615379021882506,-4.288819313049316,False,-3.284459335352194,-3.426819862700103,-3.447033303410247
sample_0225,train,1,-0.5722873572799974,-1.4170265197753906,False,-0.11360042638109058,-0.5610876473560783,-0.5622904167932523
sample_0227,train,3,-2.4061816100760254,-2.5932438373565674,False,-2.3431698956983262,-2.450412037138873,-2.5316083968989282
sample_0230,train,1,-1.548088553812112,-2.369323253631592,False,-1.4922284502577963,-1.6098843658600623,-1.6052018994646169
sample_0231,train,4,1.709428196297117,-0.5375242233276367,True,4.293493871731634,1.2867549439734258,1.4286646713785796
sample_0232,train,3,0.12508919038954947,-1.4834270477294922,True,-0.16354791804697277,0.01974125211045541,0.07002263783085771
sample_0233,train,4,-3.1666457534659656,-3.8999016284942627,False,-4.473965119249725,-4.16490858056768,-3.8623505532043287
sample_0236,train,1,0.6419377377527524,-0.8407192230224609,True,0.31738334353125675,0.5948621133296614,0.5782775673220046
sample_0237,train,2,-1.9378088503871724,-2.809230327606201,False,-1.7642985485983804,-2.007910930708093,-1.9612874686865036
sample_0238,train,2,-1.3540762370008457,-1.8163541555404663,False,-1.3590965112688618,-1.376923477888401,-1.3780641966216278
sample_0241,train,2,-2.0553055316738438,-3.899177074432373,False,-2.2966497222095716,-2.0108901776608734,-2.0181538664654086
sample_0242,train,2,-1.3080389951166416,-2.3444371223449707,False,-1.008012145024109,-1.3471522534828964,-1.3538273028184173
sample_0243,train,4,-1.3204684933861086,-1.601288080215454,False,-1.5819927839945842,-0.6080799875500513,-0.5851555121704544
sample_0245,train,4,-1.2991350633513652,-1.7427586317062378,False,-1.138726780552125,-1.356177201708874,-1.3084640826354652
sample_0246,train,1,0.813148776194345,-0.19142234325408936,True,0.8494195767739909,0.8235786996511001,0.877281717034393
sample_0248,train,2,-2.569758495566302,-2.837080955505371,False,-1.6989773220460127,-2.437710620812849,-2.4793607605681447
sample_0250,train,0,0.7128409833943222,-0.2305520921945572,True,0.35810591559804705,0.7290942050331788,0.7334037478709895
sample_0251,train,2,0.07330012407585801,-1.5272077322006226,True,-0.4219713610483731,0.1284901284289417,0.15967453073303273
sample_0252,train,4,-0.7507150156874602,-1.8713722229003906,False,-0.698559831252739,-0.5929545953594002,-0.502649902449168
sample_0254,train,4,0.7931798412676003,-1.434896469116211,True,0.3871352869012892,0.68256918712569,0.6580736821301185
sample_0258,train,3,-1.4096765891686918,-1.750971794128418,False,-0.9234773338728586,-1.4512161011536087,-1.4456090373072266
sample_0259,train,3,0.04793704485873003,-0.6543152928352356,True,-0.026141980579920232,-0.0652849382768299,-0.10691162253155684
sample_0260,train,3,0.32487421843699543,-0.14753207564353943,True,0.1938980712543399,0.2162816013279002,0.24202588107730522
sample_0261,train,0,0.5453813201285989,-0.3216070830821991,True,-0.06932407022755749,0.626751842884343,0.6137511912735157
sample_0266,train,2,-1.3089439253409456,-2.8890724182128906,False,-1.4236042019219304,-1.2952837070116856,-1.356778467844489
sample_0267,train,3,-1.2524518153112585,-1.9590729475021362,False,-1.1284157063040425,-1.2736909808731107,-1.2904529982988433
sample_0268,train,1,-0.7289781161684747,-1.3864508867263794,False,-0.7638296740480173,-0.6007746896552019,-0.5780148181925214
sample_0270,train,3,-2.6885954292599266,-3.6003189086914062,False,-2.177463688606475,-2.6036108090999885,-2.701359274344533
sample_0273,train,1,-2.502470895135708,-2.5105369091033936,False,-2.262281143464265,-2.6819459472554286,-2.649147224575395
sample_0275,train,2,-0.8534656925335407,-1.489261269569397,False,-0.5523343119171402,-1.0611318081913221,-1.0317564564271084
sample_0276,train,3,-2.0857834055776157,-3.364544153213501,False,-2.168344984651635,-2.1101412461251696,-2.0805614433265096
sample_0278,train,1,-0.6853130160878445,-0.9259456992149353,False,-0.435424593785091,-0.8792997782450266,-0.7863462573450734
sample_0279,train,3,-1.8133344399917228,-2.40405011177063,False,-1.9379349488130697,-1.8478225505509573,-1.8152934164321972
sample_0280,train,0,-0.9011541081801986,-1.5787771940231323,False,-0.834267822594345,-0.8334640539713687,-0.8288562622747822
sample_0282,train,1,-3.773003384656208,-4.363596439361572,False,-4.205339405016527,-3.7074943312569015,-3.788836897613782
sample_0284,train,3,0.11725033195104595,-0.4440929889678955,True,0.29693178093159756,0.06598956183398796,0.00843444599986487
sample_0285,train,3,-3.5761646373794713,-4.59258508682251,False,-3.1130694083794515,-3.57541037016448,-3.603596709165792
sample_0287,train,3,-2.0759542823811925,-2.4360122680664062,False,-1.793284255927389,-2.1428315773263273,-2.2128421336150508
sample_0288,train,4,0.08947110021442217,-0.7030524015426636,True,0.02185561730386376,0.09204342817220412,0.07945681533831517
sample_0290,train,4,-0.09196053006502315,-4.268093585968018,False,0.08044135185316659,0.09077694285530846,0.11584013337749255
sample_0292,train,3,-0.3876115306456832,-2.8568875789642334,False,-0.9923386662846174,-0.6059759853258604,-0.5986566805990856
sample_0294,train,4,-1.6470623402281817,-1.8737176656723022,False,-0.6903226222642889,-1.5827371501056213,-1.5389265616232006
sample_0295,train,3,0.12154519487835833,-0.5246180891990662,True,-0.3324125229967022,0.15873547446622027,0.18495654014452634
sample_0296,train,2,-0.6880281604746236,-2.2708470821380615,False,-0.77442554427848,-0.8394634046728264,-0.8624171424663667
sample_0297,train,1,-2.2017080796787147,-3.007345199584961,False,-1.9206138198802607,-2.314815125949666,-2.299901392849495
sample_0298,train,1,-0.31568973159352565,-0.6663265824317932,False,-0.03998586974989682,-0.3533956166773185,-0.3591099773202111
sample_0299,train,1,-2.589266794235557,-4.367719650268555,False,-2.815657741845233,-2.4280936374086908,-2.484135265301436
sample_0300,train,1,-1.7207866676464225,-2.947610378265381,False,-1.5087777086420668,-1.7951354286484276,-1.7514352557029995
sample_0301,train,3,-1.751258793618431,-1.9356958866119385,False,-1.7675461416859448,-1.7207606096534134,-1.7358406753730278
sample_0302,train,2,1.2995267884385993,-0.15690529346466064,True,0.953663832502833,1.3598567573994385,1.3298012638511185
sample_0303,train,2,-1.7661830976527348,-3.7356154918670654,False,-2.2699945150919807,-1.860730300454097,-1.8461641498883525
sample_0306,train,1,0.36639032886403505,-1.7620840072631836,True,-0.4925807776881168,0.24769479725172117,0.2668163439805942
sample_0307,train,2,0.7798593064384709,-0.7980819344520569,True,1.61762371315295,0.6318214147614398,0.6332933513503807
sample_0308,train,4,-0.993897191896729,-2.6500558853149414,False,-2.4766821729437685,-0.8232495120496948,-0.9599746079652949
sample_0309,train,0,-0.712635075809799,-1.5862975120544434,False,-0.6628994877235224,-0.6777985537007848,-0.6824313864552857
sample_0310,train,0,-1.5542109068019496,-2.0852808952331543,False,-1.6389655548158255,-1.518021858548218,-1.4923016985731037
sample_0311,train,3,0.1978985741937238,-0.6487277746200562,True,-0.14252542756941766,0.3432190342760999,0.29286243873721585
sample_0312,train,4,0.14359075794486434,0.0026883103419095278,True,0.5363799834288319,0.05444067467406806,0.030635139637464514
sample_0315,train,0,-3.247577370197595,-3.798705816268921,False,-2.9615313704157056,-3.219448876043676,-3.1783866005675088
sample_0317,train,3,-0.25273081140284004,-3.3784685134887695,False,-1.4353172709954087,-0.3304907053347623,-0.30792720408517216
sample_0318,train,0,-1.1231559758127916,-1.7172963619232178,False,-1.3147081413699722,-1.0925382781957815,-1.059839086929734
sample_0319,train,3,1.0202172304067094,0.4909760057926178,True,0.6564765719657915,1.0293198885287018,1.0593846165717176
sample_0322,train,4,-1.753577262748653,-1.7566473484039307,False,-0.7577175560385688,-1.798118913306242,-1.8136138388409009
sample_0326,train,2,0.3149670724015709,-0.3728271722793579,True,0.3058108136878379,0.3942507376021612,0.4923249672260338
sample_0328,train,3,-0.6048936395032319,-2.1863646507263184,False,-0.5763557048613355,-0.4577170469846177,-0.5249200409732304
sample_0329,train,1,-1.8574209330233673,-2.9158425331115723,False,-2.8134076491580253,-1.5948079116708591,-1.7647996718554844
sample_0330,train,3,-2.5905423988781133,-2.8265273571014404,False,-2.178746950561766,-2.6581653796860385,-2.64969185679094
sample_0332,train,4,-0.8779893099499559,-1.1982454061508179,False,-0.49554675093256806,-0.9589746020184379,-0.8825621811014877
sample_0333,train,2,-0.8275636149732281,-0.923877477645874,False,-0.5789926968065837,-0.6925296836216529,-0.8157037147448549
sample_0335,train,2,-1.1238746275392195,-1.9218155145645142,False,-1.0508236439067278,-1.034070061069257,-1.0414434669546615
sample_0336,train,1,-0.1372067694552195,-2.1940832138061523,False,-0.7765319246749318,-0.21659763812334742,-0.20216071751091635
sample_0337,train,3,-0.6170130871956443,-1.0884782075881958,False,-0.2609300307335838,-0.5532628326904532,-0.5493146608069657
sample_0338,train,0,0.42117821036367564,-1.2441987991333008,True,-0.041280365234835914,0.5086019616604558,0.4682520865647788
sample_0342,train,4,-0.07774677430767712,-1.0444185733795166,False,-0.04793561095629584,0.08806156232215612,0.06533281067958963
sample_0344,train,1,-1.0947307291481465,-1.1412105560302734,False,-0.611107011815113,-1.1657482148815668,-1.190128750071135
sample_0346,train,0,-3.084415367475761,-3.4376142024993896,False,-3.371621850941628,-3.0455643513205652,-2.9792284196500325
sample_0347,train,0,0.15091875394429644,-0.08733851462602615,True,0.3461529701480516,0.1839398017468638,0.18955546589838562
sample_0350,train,4,0.34061799441910723,-0.9821365475654602,True,0.033016961622768015,0.38000429478859177,0.3136862983565387
sample_0351,train,3,-1.2025880620440665,-1.6185225248336792,False,-0.915212208858148,-1.2328530926140187,-1.1691933513654758
sample_0352,train,1,-0.6203884627749107,-1.6221694946289062,False,-0.5683533992970944,-0.6560806593900009,-0.6039367254305481
sample_0353,train,4,0.09294030622101972,-1.8580390214920044,True,-0.995993691694648,-0.07257082134957926,-0.030868621921415595
sample_0354,train,2,0.5318349013390409,-0.4004610478878021,True,0.4347420314218686,0.6411769187594771,0.6319894982853405
sample_0355,train,4,-2.1351187851297273,-2.0349040031433105,False,-1.7935305635978998,-2.4343732903521906,-2.444056908794988
sample_0356,train,3,-1.2574628276045463,-2.0092380046844482,False,-0.8601893406076948,-1.2469582865778448,-1.2140109438960094
sample_0357,train,3,-0.5642628326662384,-1.7482908964157104,False,-0.6414722724676736,-0.614295125255075,-0.537131749948804
sample_0358,train,0,-1.5382660195663584,-2.4524176120758057,False,-1.3063043450860268,-1.5534006361373829,-1.5552205373874028
sample_0359,train,2,-1.6499877327435994,-1.6414686441421509,False,-0.7152755201603076,-1.6504208019849345,-1.6981795019537549
sample_0361,train,2,-1.9232848054087437,-1.8938003778457642,False,-1.7265627599852493,-2.17588242046706,-2.104707706998357
sample_0363,train,2,-0.16347408160630758,-0.8819937705993652,False,0.05158170924853134,-0.23148268860854293,-0.28819079720011387
sample_0366,train,4,-4.288538195108559,-4.454482555389404,False,-3.963385675438899,-4.380168371676368,-4.3636678462429614
sample_0367,train,4,-0.6330733639168228,-1.1334997415542603,False,-0.22335494219313268,-0.5814337728206357,-0.5530524734896114
sample_0368,train,3,1.1095095412120684,0.6293549537658691,True,1.337316106007038,1.16118151550501,1.1324828870945902
sample_0369,train,1,0.9019085925896817,-1.2888394594192505,True,0.1893567676802781,0.8708954698996494,0.8771501685679444
sample_0370,train,0,0.18232864342093139,-1.4887937307357788,True,0.17164078687012596,0.2746389729049421,0.2661852885636544
sample_0372,train,1,-0.7012048376198893,-1.6746437549591064,False,-0.44658245757296533,-0.6662323317839769,-0.7373053061353738
sample_0373,train,4,1.066809798179291,-0.16098399460315704,True,0.9339294134173559,1.1492093032990869,1.092912763658789
sample_0376,train,2,-4.888218900837747,-5.117349624633789,False,-4.844688284277618,-4.899309752685118,-4.807082665359176
sample_0377,train,0,-1.1420834541837508,-1.552861213684082,False,-1.1607018412824417,-1.0785432954717977,-1.084845749182704
sample_0378,train,4,-2.3402201168342,-3.15584397315979,False,-2.972843214718343,-2.234477540607531,-2.1860388853207993
sample_0379,train,4,-1.3514534028173875,-1.8657925128936768,False,-0.5999499021782948,-1.4692599690792971,-1.5267030036513975
sample_0380,train,2,-0.9423777780879078,-2.818901300430298,False,-0.9491990912212049,-1.0740524280745787,-1.0190420051192357
sample_0382,train,3,0.37731602348835486,-0.5214091539382935,True,0.5889778733201272,0.29474201730683325,0.29657413572016267
sample_0383,train,1,-1.1100057146093107,-1.8588272333145142,False,-1.0426850231762377,-1.0267024231035755,-1.0556134716290761
sample_0385,train,4,0.23114398236050412,-0.961161732673645,True,0.03264984053524156,0.3823698095268848,0.3493902700648974
sample_0386,train,4,0.7229914440180638,-0.26863014698028564,True,0.56871438402465,0.7688357144772493,0.7115321736226847
sample_0387,train,2,-1.3847490191343907,-2.379638910293579,False,-1.1364552623231987,-1.4761002644299004,-1.4398039137568914
sample_0393,train,3,-0.18156178299143735,-0.942474901676178,False,-0.05028499930695507,-0.20750652631293132,-0.17603282804583276
sample_0394,train,1,-0.6922758159546532,-1.2228031158447266,False,-0.18875595647860477,-0.6678374081784874,-0.6989182459468007
sample_0396,train,3,-1.3691683303145992,-1.4229531288146973,False,-0.561162360110265,-1.220340265972872,-1.27382578041265
sample_0397,train,4,-0.20629352296150025,-0.5819663405418396,False,-0.4690474986363109,-0.041141029026848575,0.01141638993934091
sample_0399,train,3,-3.886875917978729,-3.638779640197754,False,-2.8365706467251632,-3.4034754896687813,-3.4581292432333353
sample_0400,train,2,-0.6109619277552775,-1.1089612245559692,False,-0.17603555027047735,-0.6785676520260768,-0.6248225968194636
sample_0401,train,2,-2.3151124836020687,-2.8070950508117676,False,-1.7674498705659765,-2.2615779103102587,-2.285743662756363
sample_0404,train,1,0.18502240993887717,-1.155758023262024,True,0.10520338249878747,0.10837218519811165,0.1643495388714784
sample_0405,train,4,-0.42676896010418924,-0.7237519025802612,False,-0.12744462094987918,-0.4757832622140157,-0.4433617577025219
sample_0406,train,1,-1.209638252643362,-1.357332468032837,False,-1.645417672058765,-1.1226973932194813,-1.1796566979494458
sample_0409,train,1,-0.2748723746920017,-0.8814927339553833,False,-0.22823128801086412,-0.25177516001058886,-0.17223820590434857
sample_0410,train,1,-1.7031820944228238,-1.8638832569122314,False,-0.20815607544417647,-1.5458590697032972,-1.4750139776125955
sample_0412,train,3,-0.5766116482208451,-1.3841655254364014,False,-0.46360398562813443,-0.6211637450516596,-0.6117784320160318
sample_0413,train,0,0.2408871297185615,-0.2678854465484619,True,0.23503810795572655,0.22623290096840704,0.21664599893375164
sample_0420,train,0,0.5097902298963559,-1.405587077140808,True,0.06619769370620543,0.4874675466900422,0.48761345252068167
sample_0421,train,1,-3.516444625911921,-4.210787296295166,False,-3.1355757459721936,-3.3150194050572765,-3.355089118079255
sample_0422,train,2,-2.139705741527885,-3.1458661556243896,False,-2.1070909435360177,-2.1320317909124773,-2.1077146316981548
sample_0423,train,0,-1.7329395946328185,-1.912488579750061,False,-1.5156817259018318,-1.7540955217469776,-1.7776630902462256
sample_0425,train,1,0.009430811358011233,-1.110021948814392,True,-0.07152696869473596,0.06706162354163814,0.01837301241284428
sample_0428,train,4,-0.535961862753006,-2.1759133338928223,False,-1.0536773420305872,-0.523241481789648,-0.5546892685368809
sample_0430,train,3,-1.4281082201617274,-2.210419178009033,False,-1.072094304066749,-1.4946857586686877,-1.499806344995426
sample_0433,train,4,-1.5991625583376399,-2.7621657848358154,False,-1.572958431858026,-1.585907792698854,-1.5906954875252806
sample_0435,train,0,-0.3924782692247186,-0.8916118144989014,False,-0.04618996688273347,-0.3571055264702446,-0.4049305738188583
sample_0436,train,2,-1.830822494904225,-4.20692777633667,False,-2.577752202413892,-2.0106929300691916,-1.963094540429287
sample_0438,train,4,-1.0857809192112355,-2.909248113632202,False,-1.8319025044906803,-1.1272192922563957,-1.1255426121171792
sample_0439,train,2,-2.1356408721283047,-3.103621482849121,False,-2.00604887421297,-2.2041410014064673,-2.226565357703839
sample_0440,train,2,0.30353482805410975,-0.5246230363845825,True,0.12000638304767519,0.2331738441045883,0.27695491350680546
sample_0442,train,2,-1.1618738211997497,-2.234104871749878,False,-1.3859041259802134,-1.0656636961176618,-1.0814943118168256
sample_0443,train,3,-0.6256129140966273,-2.7042999267578125,False,-1.31271317762806,-0.6982752261764,-0.6662757700335109
sample_0444,train,2,-1.8117181634295063,-3.15362286567688,False,-1.8438684092919893,-1.8827057882219098,-1.8751972608333503
sample_0447,train,1,-1.0762062934275938,-1.6561808586120605,False,-0.7129413029322164,-1.1111912673563906,-1.1306440234667476
sample_0448,train,1,-0.015906381822116678,-1.6975998878479004,True,-0.7697257443903867,-0.10683941068008163,-0.09625936781147248
sample_0450,train,2,0.4356445985386484,-1.010945439338684,True,-0.12438294896161861,0.569980361036027,0.5551112476695261
sample_0451,train,0,-0.23555074400318807,-1.5250948667526245,False,-0.49895695713310606,-0.23699567945599975,-0.22470704850606182
sample_0452,train,0,-0.47643448641252506,-0.9584383368492126,False,-0.04801108439915358,-0.40473540065410507,-0.39653251826964775
sample_0453,train,4,0.3414531487629289,-1.498213291168213,True,-0.21854086616562451,0.08587254082556184,0.0890752461408808
sample_0456,train,1,0.11108087192638087,-0.6926159858703613,True,0.15629269384935152,0.08740448278971347,0.12581958363560597
sample_0457,train,0,-2.6295860304397727,-2.6903440952301025,False,-2.007214034565541,-2.7910815316106086,-2.8063305196500443
sample_0458,train,3,-2.10474145056956,-2.514050006866455,False,-1.527940776014519,-2.168291371682356,-2.124808130000439
sample_0459,train,2,-0.3814142225735793,-0.866202175617218,False,0.09860874707544476,-0.4454928377745278,-0.4239612964677398
sample_0461,train,4,-1.5355369688560612,-2.7155327796936035,False,-1.4491615673434164,-1.515699672266756,-1.5093845511116466
sample_0462,train,0,-0.4490115522246868,-1.0086123943328857,False,-0.3291806231206813,-0.43372887150432426,-0.43630388711857715
sample_0466,train,1,0.34631718260639216,-1.326560378074646,True,1.6778958307990735,0.29380251454712747,0.30875393044496113
sample_0469,train,0,-0.3036201345697767,-0.9320054650306702,False,0.025160173054569412,-0.31254843730541426,-0.3153360516936181
sample_0470,train,2,0.1452314631537056,-1.6388936042785645,True,-0.40016802727148093,0.14783548164490656,0.05302472393720126
sample_0472,train,2,0.14737838145304902,-0.28514981269836426,True,0.23574167846187455,0.04267118568000999,0.0483382732000342
sample_0473,train,0,-0.5548206594509166,-1.9397642612457275,False,-0.35226930430664005,-0.533962683897951,-0.5279446529029794
sample_0474,train,0,0.06918392850646903,-1.0368343591690063,True,0.1298318297819394,0.16671760603432317,0.15247951717200525
sample_0477,train,1,-1.152814061118505,-1.6793298721313477,False,-0.9212346101687625,-1.2536946004554619,-1.2089124632600798
sample_0478,train,4,-2.724189580839923,-3.4670026302337646,False,-3.2925235224066567,-2.5725912968281266,-2.5403462203550737
sample_0481,train,2,-1.3791598103630056,-2.218061685562134,False,-1.263898572479256,-1.4130634868726388,-1.405306409479108
sample_0482,train,0,-2.1607777387917837,-2.7599315643310547,False,-1.7968262981195697,-2.1014761996845097,-2.0523837775496254
sample_0483,train,0,-2.1368201696552793,-3.9277758598327637,False,-2.362550142399017,-2.141373008715181,-2.133535287634328
sample_0484,train,3,-2.0961717966932025,-2.500354051589966,False,-1.8401497634395434,-2.064061044332939,-2.0917091132732697
sample_0485,train,3,-1.2998172914743253,-1.9103989601135254,False,-1.0986849252578554,-1.2340377395515225,-1.2407444103132406
sample_0486,train,0,-1.0190214497708852,-1.683275580406189,False,-0.9546875259665493,-0.9901515822743155,-1.0145235064537592
sample_0487,train,2,-2.171997194389695,-3.6854629516601562,False,-1.9589498514030472,-2.2975342464380226,-2.2992864929814747
sample_0488,train,1,-2.274896547685994,-2.329195737838745,False,-2.2089892510722073,-2.416900049580562,-2.4948721485372594
sample_0489,train,1,-1.0568117543887419,-2.7400245666503906,False,-1.2075565600517404,-1.2336501222136607,-1.182256606672007
sample_0491,train,1,-1.7041488826774707,-2.2955777645111084,False,-1.008626360513728,-1.6795718973950216,-1.6219571081368866
sample_0493,train,1,0.038228404809591374,-0.7665792107582092,True,-0.3254018529496152,-0.12702825667610917,-0.08426904271693536
sample_0494,train,3,0.9674041771033021,-2.421149253845215,True,1.0658731941912833,0.7307966724500266,0.7989378102443507
sample_0495,train,0,-1.6025284261114592,-1.643082618713379,False,-0.9731327952047427,-1.5802434951555986,-1.5606596651436504
sample_0498,train,1,-2.2003449039103433,-2.8577888011932373,False,-2.5561673949788,-2.0381001167969375,-2.0297973966767495
sample_0499,train,4,0.9167885304919046,0.3188740313053131,True,0.8672766522451757,0.8409353751212955,0.8051291259119155
sample_0501,train,4,-3.929059331545714,-4.173770904541016,False,-3.8237762715646513,-4.009404529575512,-4.066041353984404
sample_0502,train,0,-0.32815091454883855,-2.23478102684021,False,-0.5835245202489863,-0.4185864126056176,-0.41015000686983494
sample_0503,train,0,-2.3989743219066133,-2.3229105472564697,False,-1.8432499104625388,-2.4874021044912036,-2.519684122878139
sample_0504,train,2,-1.9026865025008866,-2.4210264682769775,False,-1.8162962992031413,-1.890772946845512,-1.8606016145313051
sample_0505,train,4,-3.8719901831761767,-4.342223644256592,False,-4.517968968322093,-3.879865605625309,-3.7963435046480174
sample_0506,train,1,-0.5633407258487951,-2.3273682594299316,False,-1.2430603801042648,-0.6323086940030214,-0.5915235531523617
sample_0507,train,0,0.6988255706349371,0.05356108024716377,True,0.7168604339287892,0.718011235469082,0.7528587056442206
sample_0508,train,0,-2.7165164355940714,-3.37256121635437,False,-2.461865377884818,-2.6760041674681325,-2.648667312323105
sample_0510,train,1,-1.6820159849375476,-2.0088109970092773,False,-0.9239157557288558,-1.5236788937065038,-1.469162780436295
sample_0512,train,2,-1.458790902172303,-2.3303754329681396,False,-1.5394346808495154,-1.4048457074005252,-1.4568837123966598
sample_0517,train,4,0.31454056029834837,-0.09740421175956726,True,0.5599696115923136,0.548011195805851,0.6036865355648828
sample_0520,train,1,0.9216298935134931,-0.2541326880455017,True,0.5030185174056225,0.8666298225270945,0.9008070227975289
sample_0522,train,0,-2.331152194146588,-2.3269827365875244,False,-1.762282417497568,-2.28172715649932,-2.2475313717413443
sample_0523,train,1,-1.3312779378216009,-1.6498626470565796,False,-1.4836707515052927,-1.4042287061497194,-1.3799581938589616
sample_0528,train,2,-1.9577863938944284,-1.9628435373306274,False,-1.5542015604479742,-1.9239761684644028,-1.875066970544995
sample_0535,train,4,-3.416881984757577,-3.3848254680633545,False,-2.9446634995398364,-3.3697675439445587,-3.4354288609590165
sample_0536,train,1,-1.26420234156663,-1.6874257326126099,False,-1.0558122748029675,-1.2224554165506878,-1.2686979180672768
sample_0537,train,3,-0.6000023112497253,-1.5682803392410278,False,-0.8012600146581665,-0.5699167409041228,-0.5587684114920393
sample_0538,train,0,-1.6900063792042723,-1.9242509603500366,False,-1.2877843896334233,-1.7347610208553799,-1.6765590309906273
sample_0539,train,2,-0.4237886665203864,-1.3692134618759155,False,-0.27065769034313725,-0.43773779937255164,-0.48141885943713236
sample_0540,train,4,0.8555556377119411,-0.3087118864059448,True,0.6176009681074858,0.9618262170558936,0.974027920679599
sample_0541,train,4,-3.132393125423421,-3.5385217666625977,False,-3.263344070184223,-3.0497117157281366,-3.0207992924021823
sample_0542,train,0,-1.429574778431005,-2.520820140838623,False,-1.5949122182967492,-1.3136523092849044,-1.318807738815839
sample_0543,train,2,-2.1511747764814713,-2.420264720916748,False,-1.2729488782832463,-2.0202881665568024,-1.9817065681924633
sample_0544,train,2,0.015806477600751077,-2.9381167888641357,True,-0.49012070972338684,-0.12758347372375578,-0.08814121853464485
sample_0547,train,4,-0.13513632867340275,-1.4182685613632202,False,0.08908284811096179,0.08146846948081454,0.07290681968209167
sample_0548,train,0,-2.6826796487637687,-3.7790160179138184,False,-2.756668848238888,-2.655286407729591,-2.7084879288784176
sample_0549,train,2,0.6978866980913893,-1.4584182500839233,True,0.2687254912623469,0.6867958636053832,0.6831360713236116
sample_0550,train,1,-2.045525005242146,-3.3546416759490967,False,-2.9510045097793487,-1.9320654616809994,-1.9188871284278635
sample_0551,train,0,-0.32326619829332176,-1.5159658193588257,False,-0.6874875414268872,-0.1903011969184223,-0.2182167400772912
sample_0552,train,4,-0.30501870839737294,-1.020128607749939,False,-0.5053551369740986,-0.22094239490940548,-0.29472222670410164
sample_0554,train,3,-3.137025644628799,-3.282949209213257,False,-2.3639833679614783,-3.0177438909907264,-3.105393558202281
sample_0557,train,2,-2.24344788807286,-2.801438331604004,False,-2.2714401431579843,-2.2216579462714985,-2.1746859147064557
sample_0558,train,4,-1.2632530222951972,-3.1637513637542725,False,-2.593703692564649,-1.465851235765434,-1.536565984153466
sample_0559,train,2,0.8323120879593043,0.17908607423305511,True,0.5331762293315041,0.8537360896112599,0.8637068703699206
sample_0560,train,1,-3.0072139061547856,-3.2818048000335693,False,-2.3438501750406617,-2.9167169520690823,-2.875988637166903
sample_0563,train,4,0.10534482690579317,-0.4980882704257965,True,0.4294211718756892,0.14909105694243996,0.15626596460792874
sample_0564,train,2,-1.9964407417105525,-2.639054536819458,False,-2.0095312522846767,-2.0659828820721176,-2.1048450767000633
sample_0565,train,3,-2.5759346427659584,-3.5405542850494385,False,-2.523381848804282,-2.6039294924101535,-2.5680927722456603
sample_0566,train,4,0.9381045722033474,0.4748575687408447,True,1.2796406666309388,1.0197433096717834,0.9718360927526973
sample_0567,train,4,-0.8923967942985822,-1.7480998039245605,False,-0.924114203986022,-0.8833584072902041,-0.8982583723592164
sample_0568,train,2,-3.3098545830136596,-3.5129518508911133,False,-3.203487910274699,-3.401151064582355,-3.3853866069482677
sample_0569,train,2,-0.03507458347191039,-0.7042270302772522,True,-0.485172125947261,0.022045867595400948,0.09182594532918853
sample_0570,train,4,-2.520259017342433,-2.5631484985351562,False,-2.276696429263877,-2.655524224413922,-2.6384084457549486
sample_0574,train,0,-1.5316580503240744,-2.6065430641174316,False,-1.5976353004766848,-1.5699306506937092,-1.5433851141250217
sample_0575,train,0,-1.0689702517568698,-2.0312447547912598,False,-0.9635316973802399,-1.1376292295164099,-1.151087524723049
sample_0576,train,4,-0.37735393923964117,-1.67872154712677,False,-0.7381135694956266,-0.25276761336327946,-0.25143793102878775
sample_0577,train,0,-0.2991678648117699,-2.1785800457000732,False,-0.9964911002074879,-0.020459243799277882,-0.06269719559880294
sample_0578,train,4,-0.46402514879212237,-1.5342071056365967,False,-0.612930607680559,-0.409895873764192,-0.39156241025869676
sample_0580,train,4,-0.7629983053074998,-1.667099118232727,False,-0.8538461423026452,-0.7103941465297086,-0.7228915042203042
sample_0581,train,0,-1.7275306680609253,-2.3695995807647705,False,-1.3798480683051402,-1.6839475244136617,-1.6462424379838896
sample_0583,train,0,0.5369674259826618,-1.3888567686080933,True,0.21624192854015512,0.35699303028427765,0.389699099346309
sample_0584,train,3,-1.6271276802342005,-3.362020969390869,False,-2.045185120453585,-1.5370919640520635,-1.5181299177105776
sample_0585,train,1,-0.2678902465145099,-0.9186084866523743,False,-0.05683736683491469,-0.17168135232675574,-0.1629141269806752
sample_0586,train,0,-0.14794692658346992,-0.7365403771400452,False,-0.3270092294760631,-0.14284798508521523,-0.16624429547720265
sample_0589,train,1,-1.7458072135543024,-2.7776100635528564,False,-2.590904214732954,-1.3632981656556338,-1.579302669304929
sample_0590,train,2,-3.0024505122828677,-3.491910457611084,False,-2.73243074014068,-2.984199884599914,-3.0022620751964846
sample_0591,train,1,-1.1357617376378408,-2.6874094009399414,False,-1.8624565139889566,-1.069496174851623,-1.017510707187806
sample_0592,train,2,-1.1425566793701678,-1.760371446609497,False,-1.300347652508378,-1.059040840865213,-1.0649502007054732
sample_0593,train,3,-0.22558977042665984,-1.0158004760742188,False,-0.14352627923376915,-0.30905837316908136,-0.28664680755830574
sample_0595,train,3,-2.2365007187163504,-2.469985008239746,False,-1.7897880602941758,-2.2408402677630455,-2.298063568537498
sample_0596,train,3,-1.412729100399423,-2.3574395179748535,False,-1.1376801863928625,-1.3480891074819674,-1.3572382998587382
sample_0597,train,3,-3.5230002274523997,-4.076062202453613,False,-3.3425529445067768,-3.538643498789538,-3.5769237140147676
sample_0598,train,0,-0.5906859890378205,-2.033302068710327,False,-0.8505852633498907,-0.5096537398638006,-0.5171168174258531
sample_0601,train,4,-1.1235661657383993,-2.334998369216919,False,-1.0716647080202897,-1.1069888513840358,-1.098180031977397
sample_0604,train,0,-2.277205256129578,-3.7182211875915527,False,-2.645764273139809,-2.276205517548424,-2.28334767741105
sample_0607,train,3,-2.9958273466851284,-3.5719034671783447,False,-2.6975109369583836,-2.811839951198735,-2.837715393036253
sample_0608,train,2,-3.8366948801174017,-4.535831928253174,False,-3.7223331784268328,-3.69392273019949,-3.7508279770935937
sample_0609,train,1,-1.4298509680937952,-2.1914937496185303,False,-1.6442322663581392,-1.1797995084391617,-1.2012639129309601
sample_0610,train,0,-0.9065783445584615,-1.6686471700668335,False,-1.0847223751866537,-0.8633054469186306,-0.846173178367352
sample_0611,train,2,-0.3192934770382969,-2.597931385040283,False,-0.6499971127064117,-0.6032954788204425,-0.6105799911624417
sample_0613,train,0,-0.16673180415062447,-1.7714204788208008,False,-0.5483552502636704,-0.22778219281949585,-0.21004619404543212
sample_0614,train,3,-1.516072417261354,-1.7394636869430542,False,-0.8669932100698713,-1.5700229384718152,-1.5363221145832102
sample_0615,train,4,-0.1787025112484777,-2.263354539871216,False,-0.3512238122845437,-0.29967897943616206,-0.29142794810562966
sample_0620,train,2,0.3209072196358679,-2.493283748626709,True,-0.4601062718773168,0.3912005133946006,0.4408674436827913
sample_0621,train,1,-1.4170640839772752,-2.406977415084839,False,-1.864096245029223,-1.2428052606279787,-1.363845105633757
sample_0624,train,4,0.2995773934175847,-0.5257809162139893,True,0.2645918396104071,0.28009917254833383,0.3067360168620583
sample_0625,train,2,0.10448899357956845,-2.1017467975616455,True,-0.5707421602720861,0.0038993060333751828,0.0205533695304565
sample_0626,train,3,0.1433179140687497,-1.5051606893539429,True,-1.3392917098529509,0.5118659499168401,0.5287203640364084
sample_0627,train,4,-1.4619768324167095,-1.5698200464248657,False,-1.1235002602574833,-1.389785650757582,-1.3856599985414468
sample_0629,train,1,-2.336044748999517,-2.453219175338745,False,-1.7262073920886243,-2.451527158132002,-2.400534110627139
sample_0630,train,2,0.7373114111373635,-1.8250895738601685,True,-0.8435523406093948,0.7893427754853053,0.7726953856244942
sample_0633,train,2,-1.3192087950258187,-1.8355350494384766,False,-0.9974628689586391,-1.378940486738872,-1.3045328459904106
sample_0634,train,0,-1.7587804186566574,-2.8184516429901123,False,-1.931489485859792,-1.8784332096529341,-1.79066389252903
sample_0635,train,4,-0.8149858777096705,-1.4407466650009155,False,-0.6007308911385201,-0.8009877546678907,-0.804827554754212
sample_0636,train,1,0.3511170526318718,-0.8542377352714539,True,-0.6033144613078897,0.5987914161737575,0.6371442592751049
sample_0637,train,4,-2.234438740402619,-3.632333755493164,False,-2.2869711563140678,-2.347183517435436,-2.3339287749718958
sample_0638,train,4,-2.1082067434255474,-2.5554332733154297,False,-2.2753997945090783,-2.038961062036615,-2.0120680298364704
sample_0640,train,3,-2.0079583820927582,-2.273664951324463,False,-1.6292861060661288,-2.190917569468889,-2.163859424519059
sample_0641,train,3,-0.4278294975896692,-1.8550792932510376,False,-0.5950202343774871,-0.5007446427564926,-0.48580173323585973
sample_0642,train,2,-1.9599251694164777,-2.33310604095459,False,-1.3541276520410586,-1.858245645844423,-1.8983264872486245
sample_0643,train,3,-2.4586098689318217,-2.9689207077026367,False,-1.7783475678539722,-2.5728339223928103,-2.502805582083975
sample_0644,train,2,-0.8759265305398418,-3.0983214378356934,False,-1.4922306799290772,-0.9555256816505189,-0.8880979742149759
sample_0646,train,4,-0.8109999416744139,-1.2750446796417236,False,-0.3346205677226185,-0.7840945221371616,-0.8057261957858834
sample_0647,train,0,0.04647872497876765,-2.1744139194488525,True,-0.2246993134731894,-0.16127514097598894,-0.1561578421124521
sample_0648,train,4,-0.6039887620651663,-1.878173828125,False,-0.8134612519811504,-0.5555701857827311,-0.5295462376758013
sample_0650,train,2,-2.0394077786138034,-2.4132723808288574,False,-1.9842100285250823,-2.0880923196419987,-2.060507151825724
sample_0652,train,3,-3.500965804331227,-4.213038921356201,False,-3.340555718136737,-3.379587774749329,-3.468082895449163
sample_0654,train,0,-1.6682647906484271,-2.5529463291168213,False,-1.6790215597057405,-1.67776156313145,-1.6705066377133788
sample_0657,train,0,0.7947138617084365,-1.6376861333847046,True,-0.13689671309618912,0.6896852941511411,0.6602652738487547
sample_0659,train,0,0.2771711194157649,-1.3642724752426147,True,-0.8000049505918025,0.3289931661237002,0.31188533605262747
sample_0661,train,4,-0.1136078109674462,-1.0267829895019531,False,-0.058044430359222354,-0.002791848704621902,0.003164945534567698
sample_0662,train,3,-1.2709233957158421,-3.2556581497192383,False,-1.8391815420389526,-1.401523925411362,-1.4475983047228138
sample_0663,train,0,-1.9310263807700094,-2.17319393157959,False,-1.2594990178096823,-1.9469248049661343,-1.915880633873022
sample_0666,train,3,-1.3673264073865956,-2.2820069789886475,False,-1.3167849565987935,-1.364549197663172,-1.3235085542713247
sample_0667,train,1,0.15458525773944387,-2.1572864055633545,True,-0.38038405710912393,0.16764861912601825,0.10679260200156815
sample_0668,train,4,-0.07035238466409206,-3.925427198410034,False,-0.7705316757503597,0.10550673172772473,0.2063697666242188
sample_0670,train,3,0.4305272523685641,-3.102257251739502,True,-0.47531656234881403,0.5916369746026695,0.5527113367464613
sample_0671,train,2,0.09641460936256233,-2.310431957244873,True,-0.8631820008837794,0.03959881278323918,0.033421775153143596
sample_0672,train,1,-1.6916320067380284,-3.0221140384674072,False,-2.3587675763231504,-1.6918390455443422,-1.7216529521953199
sample_0673,train,4,-0.4968913755127396,-1.6722005605697632,False,-1.0612169646978884,-0.6427629285923331,-0.6835895237331273
sample_0675,train,2,-2.2254167577976403,-2.298424482345581,False,-1.5953352659492657,-2.2615735515081603,-2.2632385410691884
sample_0678,train,4,-0.8009116382749658,-1.267849326133728,False,-0.45651801611555254,-0.7757841042318174,-0.7476836085878252
sample_0679,train,0,-2.9340786340635123,-3.515307903289795,False,-2.02290219400047,-2.714812079956576,-2.727114336345027
sample_0682,train,3,-0.8517126733722087,-1.14354407787323,False,-0.505453956623864,-0.7828602991156677,-0.7858059304086198
sample_0683,train,0,0.9651584654976694,-1.9363383054733276,True,1.0354261593593614,1.0318726480912246,1.0580269609526947
sample_0685,train,1,-0.9878065801769503,-2.643091917037964,False,-1.3112944351273528,-1.0075379457856501,-0.8778861449466095
sample_0689,train,1,-1.129672821549927,-1.8088433742523193,False,-1.1192722294643862,-1.1457757353620166,-1.1348746992941936
sample_0690,train,2,-0.6017556234881379,-1.4458390474319458,False,-1.032160018570113,-0.47553128854045,-0.4917433400000575
sample_0692,train,0,0.25447298518276906,-1.5702016353607178,True,-0.0166278120902712,0.48095662144218787,0.46850906965122485
sample_0694,train,3,0.35898236891974494,-1.584713339805603,True,-0.21716864856815676,0.2113070489617468,0.21741474299265717
sample_0695,train,0,1.0429294102171882,-0.043555229902267456,True,0.9676177852912431,1.0334135389039187,1.0284865176181235
sample_0696,train,0,0.0035976696241642545,-2.7412030696868896,True,-0.6778705270110046,-0.12175635539057472,-0.13459854919522396
sample_0697,train,3,-0.8603943473586116,-3.3322460651397705,False,-1.863076020550888,-1.081332126824253,-1.0661620401994658
sample_0702,train,3,-1.9317409190352157,-2.296130657196045,False,-1.7605285343343828,-1.8277377700336754,-1.8641984045918651
sample_0704,train,1,-0.027300185559574256,-2.971850633621216,True,-1.0559189520887018,-0.28333858101767984,-0.2766712220977783
sample_0705,train,4,-0.751699350700048,-1.9172656536102295,False,-1.173638298628433,-0.6385441362618818,-0.6800114207330477
sample_0707,train,1,-0.9500111386640506,-1.278022289276123,False,-0.7483985041501191,-0.9988641275122004,-1.030577233642204
sample_0709,train,3,0.4508451033441433,-2.4569482803344727,True,-0.15949016340915767,0.23356261673892176,0.23991907570379878
sample_0710,train,0,-2.287503341682379,-3.5183987617492676,False,-2.1841730564666344,-2.3624022921934853,-2.355036759938076
sample_0712,train,0,-1.7085183438910512,-1.785050392150879,False,-1.884805917904388,-1.805044137741458,-1.698118584827606
sample_0713,train,2,-0.06478874290323491,-0.6503843069076538,False,-0.15967802159903566,-0.19345155159794397,-0.2586748453476923
sample_0714,train,2,-1.26589260750214,-1.829439401626587,False,-0.9204003578302962,-1.2659455830381652,-1.218497447980774
sample_0715,train,3,-1.743710880384154,-2.453648805618286,False,-1.6879674575762267,-1.8454072087889404,-1.8151221158050852
sample_0716,train,1,-2.165648603037765,-3.1502387523651123,False,-2.018773055744377,-2.1228051868375797,-2.078547341517183
sample_0717,train,4,-1.0626024104847616,-2.0286412239074707,False,-0.9419741902977925,-0.9350730510650047,-0.9399622931596965
sample_0718,train,1,-1.861543612324362,-2.2577924728393555,False,-1.3378868232877656,-1.8225196399870907,-1.9023443558115065
sample_0720,train,4,-1.8799512785873838,-2.481036901473999,False,-2.136806754254872,-1.7692554193656718,-1.7195862354375389
sample_0721,train,1,-2.1221713200129666,-2.36810302734375,False,-1.7225428734929877,-2.093178246435042,-2.1451635609407327
sample_0723,train,4,-1.3818191561310238,-3.2203447818756104,False,0.20182585339011538,-1.0852172100592088,-1.1069543458562863
sample_0724,train,3,-1.9910413287388775,-2.2198643684387207,False,-1.7670330703905108,-2.092066955176737,-2.082613622818581
sample_0726,train,4,0.17782980000706258,-1.5554744005203247,True,0.021711943300782854,0.08240242680527854,0.11110471993787696
sample_0727,train,0,-1.1611323096639175,-1.5709893703460693,False,-1.053845075660436,-1.2277284905763155,-1.1932049613469289
sample_0728,train,2,-1.0779056959444429,-1.6430368423461914,False,-0.8812737803182981,-1.0282017501487335,-1.0247563367132035
sample_0732,train,0,0.7863522557958355,0.6562160849571228,True,0.7740310040029206,0.7136242832911209,0.7111199567442361
sample_0733,train,1,-0.9678219094091842,-1.0913581848144531,False,-0.6545685944570858,-1.0899940055751594,-1.0887255300659606
sample_0736,train,2,-1.1109367496411322,-3.5195975303649902,False,-1.8881768920569393,-1.1833092189522776,-1.1949335270037094
sample_0737,train,0,-0.9165690134670279,-1.4068615436553955,False,-1.0395733670956289,-0.8241321051607182,-0.8151645837323828
sample_0738,train,3,-0.8316966012379359,-1.3967734575271606,False,-0.5927202754844295,-0.7789890946822134,-0.8203503575076034
sample_0741,train,3,-2.254671479389249,-4.102240085601807,False,-2.5000811000370007,-2.381471919733211,-2.2706415306859116
sample_0744,train,4,-1.3706519942634567,-2.74857759475708,False,-1.4471623128076558,-1.5325158951464948,-1.5182070277873783
sample_0747,train,4,-1.1669839555992807,-1.4906188249588013,False,-0.8616481522460963,-1.168555559707156,-1.166521016993439
sample_0749,train,2,-2.440153530829431,-2.7337937355041504,False,-2.0485797353647675,-2.422981312523416,-2.637590706041589
sample_0750,train,1,0.16215698783733118,-3.0606753826141357,True,-0.4985096324960905,0.09351459490226244,0.12936416017219088
sample_0751,train,0,0.05510372229959095,-1.4610581398010254,True,-0.2949997703105951,0.1572893118003431,0.13540246375208298
sample_0753,train,3,0.10586114517219627,-0.912366509437561,True,0.33017684181865725,0.09137428398824277,0.08435021829806844
sample_0754,train,0,-1.4910530595040152,-2.4017908573150635,False,-1.674658782477373,-1.4985780188490385,-1.4919340440007822
sample_0756,train,3,-0.587376234121239,-1.6479426622390747,False,-0.31887070459353617,-0.4988832095443483,-0.4921266551815213
sample_0757,train,0,-0.8098970059035124,-2.3311941623687744,False,-1.1883857561647075,-0.6564414569693473,-0.639024262058602
sample_0758,train,1,-0.6131142121141664,-1.9155869483947754,False,-0.9390905641097282,-0.4452147048038484,-0.4944943601718863
sample_0759,train,0,0.6733017223658513,-0.005739955697208643,True,0.1847004434304147,0.6598491036758801,0.6628597033754401
sample_0761,train,2,-1.4047783600717672,-2.017470598220825,False,-1.0866520736689846,-1.3328701301794128,-1.341937290585327
sample_0762,train,4,-0.3810789807132676,-0.9454185962677002,False,-0.6325429579452162,-0.385957202505543,-0.42158847123228116
sample_0764,train,0,0.9336884803132507,-0.9333826899528503,True,1.6340490982969573,0.889701363180659,0.9794739013459659
sample_0765,train,1,-1.4342303745125564,-1.8075735569000244,False,-1.1435787515380542,-1.4169972341430364,-1.3970236406414185
sample_0770,train,2,-4.611586416950963,-4.87558650970459,False,-3.9712648807234876,-4.575131751779257,-4.546872294262831
sample_0771,train,3,-1.568061414469782,-2.3337714672088623,False,-1.8946393955096827,-1.548658714454997,-1.5491097399883438
sample_0774,train,4,-2.0885940367825375,-2.5410382747650146,False,-2.2303068895907643,-2.1125993707589323,-2.129849951216832
sample_0775,train,0,-1.0303092375964336,-3.007880210876465,False,-1.4271071302409912,-1.459861565740321,-1.4659359548872803
sample_0778,train,4,-3.8814398580676923,-4.217200756072998,False,-3.7948742248579475,-3.7891165989466877,-3.818282881927318
sample_0779,train,4,0.28917815126245794,-2.4019887447357178,True,-1.0592344502348783,0.1513475863699889,0.1034895520908714
sample_0780,train,0,1.5874485655369066,1.2879443168640137,True,1.284944320404054,1.2098850724850574,1.2342204742360066
sample_0781,train,1,0.011064316529339771,-0.9075232744216919,True,-0.2034568055946312,0.028685471853174382,0.02512544942251549
sample_0782,train,3,-1.3062313952876896,-1.4165362119674683,False,-0.6359724426546932,-1.2673317830709998,-1.244907146911139
sample_0784,train,0,-2.3127231394036736,-2.616478681564331,False,-2.480976100974318,-2.3949585794757318,-2.3787782631572347
sample_0785,train,3,-1.1716469327958847,-3.9541220664978027,False,-1.573132974347463,-1.5203681024542992,-1.4762927196617603
sample_0789,train,1,-2.4324744673477485,-3.7833995819091797,False,-2.660057937501637,-2.4373430181699423,-2.449662247672169
sample_0790,train,1,0.03912857511716,-3.1461544036865234,True,1.1398971734835284,-0.18499210006089983,0.010531904090199884
sample_0791,train,0,-1.5407599369320149,-4.836041450500488,False,-2.657041382546593,-1.4031385156154506,-1.3901827321531517
sample_0792,train,3,-0.599568653345885,-1.586958408355713,False,-0.4847550211659115,-0.7776233181700413,-0.8083275197365484
sample_0793,train,4,1.067609272584594,0.06960960477590561,True,1.0728287084290937,1.0981365139620831,1.0848039625915156
sample_0795,train,0,-0.9391036704467975,-1.558879017829895,False,-0.610586247749823,-0.9547803963947951,-0.9458601381249905
sample_0796,train,3,-2.6438003791216267,-2.9544901847839355,False,-1.8822837879926269,-2.433444969375242,-2.4305301353437105
sample_0797,train,0,-0.29994805762529825,-0.6998353004455566,False,-0.2610465639619398,-0.2681980236147667,-0.31597436689262776
sample_0799,train,4,-1.3299765625154938,-2.104391574859619,False,-1.678948283083082,-1.3281233692793308,-1.3394374165683596
sample_0801,train,1,0.481986484058993,-1.643456220626831,True,-0.26095510056229276,0.2581382692592349,0.3059477114543141
sample_0803,train,0,0.7281646911422099,-0.5576907396316528,True,0.4745736891960126,0.8132905840040456,0.7990829920529805
sample_0808,train,4,-2.400365585836923,-2.8613345623016357,False,-2.3617837404834225,-2.375343022687021,-2.3345963861061123
sample_0809,train,1,-1.4597015597106575,-3.2203571796417236,False,-1.8034444226909545,-1.4522595348299485,-1.4713556906027339
sample_0810,train,4,-1.600507819041144,-2.0967390537261963,False,-1.9957289214486886,-1.5692128232031337,-1.5540699082248366
sample_0813,train,3,-1.1645685900400802,-1.9476041793823242,False,-0.9100642169431414,-1.079776407039133,-1.074961976772399
sample_0814,train,4,0.8944768402791743,-0.3311598002910614,True,0.8438252210367732,0.832695104497021,0.8447309793312183
sample_0816,train,3,-0.9165231050346927,-2.3485617637634277,False,-1.3233674872689982,-0.6860693280865757,-0.6589019668116922
sample_0817,train,4,-1.6543980697497178,-1.8975268602371216,False,-0.7783835382414865,-1.6433971435794157,-1.6257632407613378
sample_0819,train,4,-2.264697008630907,-2.550745725631714,False,-1.343155046644061,-2.196246919858646,-2.165122437159228
sample_0821,train,3,-0.0022600193637506392,-0.8696057200431824,True,-0.02108079217290937,0.045957664643783924,0.028294300134606654
sample_0823,train,0,-2.1437052712218105,-2.180858612060547,False,-1.572781816476192,-2.088804699265501,-2.082504121443618
sample_0826,train,4,-1.9007806971995946,-2.609503746032715,False,-1.8467990059860382,-2.0059364877767134,-2.039809284483279
sample_0828,train,0,-2.309491723496787,-3.7399306297302246,False,-2.918439688025307,-2.261386286600324,-2.2777256434734294
sample_0829,train,1,-2.4932920427220377,-2.8826284408569336,False,-2.3651046810243987,-2.5805081940216015,-2.557093211887531
sample_0830,train,1,-0.6873891996110718,-1.9369193315505981,False,-1.054236550584025,-0.6941498972538072,-0.656369541730643
sample_0832,train,2,-0.6371680271153785,-1.2466281652450562,False,-1.1908483696257084,-0.7358780514090659,-0.6937701483840175
sample_0834,train,0,-0.5961397518440881,-1.31464421749115,False,-0.47741776160564775,-0.7035514853867245,-0.6898116419638055
sample_0838,train,0,-1.7620076949557035,-2.281912088394165,False,-1.38806816349294,-1.6850241302695226,-1.686039259446404
sample_0842,train,0,-1.7340042130756956,-2.6528120040893555,False,-1.7042434750288145,-1.7332520208757194,-1.7306590977843288
sample_0843,train,2,0.16673675214413303,-1.1913514137268066,True,-0.2004282821332155,0.24695816491950828,0.291515128138365
sample_0844,train,0,-1.3558991473810411,-2.6050169467926025,False,-1.3888274691355365,-1.3365241516515813,-1.3346080043690525
sample_0846,train,0,-0.06563081759634952,-0.8801776766777039,False,0.4017210472522219,-0.13779848816955076,-0.1592942503716409
sample_0847,train,1,0.48364950948872754,-0.19361737370491028,True,0.3434222475631894,0.47863585421253774,0.45056977571341084
sample_0849,train,1,0.5496138847313036,-0.6993610262870789,True,0.2106667265510228,0.6571794672623137,0.653247628617893
sample_0850,train,3,-3.7943290709605852,-4.066229820251465,False,-3.6292694826079472,-3.789005514470656,-3.781161810202259
sample_0851,train,3,-0.5924147867901237,-1.4837309122085571,False,-0.4774161775603629,-0.49612824666656863,-0.460504133756527
sample_0852,train,0,-0.706380608830842,-2.427280902862549,False,-0.5012259476064824,-0.765920367597718,-0.7330966612699088
sample_0853,train,0,-0.2541789306515161,-0.9426252245903015,False,-0.36358230571950234,-0.11226033792870915,-0.10863889827779827
sample_0855,train,0,-1.7742651622140433,-2.595371723175049,False,-1.7811557666282993,-1.6955132226692098,-1.7389638414819786
sample_0858,train,3,-0.3519891947353502,-0.9028844237327576,False,-0.22428668327767642,-0.3345858383190402,-0.3597185219306761
sample_0859,train,1,-0.28179630165530767,-1.2047367095947266,False,-0.27354108323001003,-0.27253405219458016,-0.2641446583951995
sample_0860,train,3,0.3929770765484844,-1.8686782121658325,True,-0.030743103932729277,0.3658590583249124,0.32853837549905096
sample_0861,train,2,0.2915036347528536,0.0954713225364685,True,0.5133403222313881,0.24580437320864604,0.2552928781831838
sample_0862,train,1,-1.8201161931212182,-1.681170105934143,False,-1.0644237024036751,-1.8789779156898005,-1.8165918362380404
sample_0864,train,0,-0.8361403431153973,-1.7753393650054932,False,-0.9047079555440871,-0.8287353888875024,-0.827785255746356
sample_0865,train,2,-2.270016647874323,-2.553358554840088,False,-1.3931833472421336,-2.2825765264506597,-2.2526058729034766
sample_0866,train,1,-0.7492109548739,-1.8855516910552979,False,-0.5147420355589243,-0.6854292243847853,-0.6996304384138088
sample_0867,train,1,-4.18553043162484,-4.677165508270264,False,-3.1422041315800673,-4.018257057749032,-4.007895070607105
sample_0869,train,2,-4.517532148700328,-4.4492998123168945,False,-3.4210423059986645,-4.4318352045678875,-4.380804778253112
sample_0872,train,1,-0.4614912278632112,-1.7652156352996826,False,-0.4548776077156871,-0.2821654649133105,-0.34573636154567966
sample_0873,train,0,0.9190777773380517,-1.4800769090652466,True,-1.630162378801219,-0.6451650748426601,-0.5362707129489411
sample_0875,train,0,0.47459222905717596,0.12868911027908325,True,0.5516612806599273,0.4188511367789859,0.4002882902548805
sample_0876,train,2,0.4254594388182538,-0.6148681640625,True,0.2626381876352357,0.3438164596460429,0.32893278392881575
sample_0877,train,3,-2.932830592050015,-3.1001968383789062,False,-2.2899113450762774,-2.8244644812263173,-2.8236234840579923
sample_0878,train,3,0.18005442919727263,-0.6033871173858643,True,0.351437661855472,0.1335471394383304,0.10178696106762586
sample_0881,train,3,0.20092181351658805,-1.1078989505767822,True,-0.15167496952931503,0.32875120512339295,0.3446362001164174
sample_0882,train,0,-0.34094426340034134,-1.5816761255264282,False,-0.8522015769826699,-0.40573191500780514,-0.36326292692794504
sample_0883,train,3,0.18379222958448502,-2.594271183013916,True,-0.2863937453819769,0.0847388801554061,0.0916414982127911
sample_0885,train,2,0.0032885700383999752,-0.9603947401046753,True,0.14208948983205216,0.0331488299454914,0.02634599547487748
sample_0887,train,1,-3.807611318287822,-3.978471040725708,False,-3.9094192168091544,-4.10609518047118,-4.16147673266724
sample_0890,train,0,-1.2855661152057605,-1.665885329246521,False,-1.1991383094059231,-1.2569985329238014,-1.2735293948479134
sample_0891,train,2,-2.0167494556563246,-2.9797873497009277,False,-1.8207780862177154,-2.0181198711842816,-2.006857260831081
sample_0893,train,1,-2.2337152724443583,-2.626775026321411,False,-1.394001013045902,-2.2483549784529635,-2.248861616416984
sample_0895,train,1,-1.3896031951949868,-2.2995781898498535,False,-1.2278167309527594,-1.3978000552258552,-1.3510254359343232
sample_0896,train,1,-1.3714981499434589,-1.4489943981170654,False,-1.4233579642474439,-1.413553550529405,-1.4184400038345182
sample_0897,train,0,-2.695111008364161,-3.591885566711426,False,-2.1787270400190613,-2.690100829173064,-2.690364254773404
sample_0898,train,2,-2.136948405764532,-3.359844446182251,False,-2.227072450757555,-2.215759934853252,-2.228039740394933
sample_0899,train,0,-0.2629260203092549,-0.6042783260345459,False,-0.1196648761377972,-0.47154712246729336,-0.477552178706751
sample_0900,train,1,-1.4203552493210216,-1.918965458869934,False,-1.2501848579602004,-1.3388546386638087,-1.3575716660905113
sample_0901,train,3,-1.1956295445076697,-2.0113489627838135,False,-0.8373211328041852,-1.1801840272448478,-1.2064475269995159
sample_0903,train,3,-0.05180537020688299,-0.3613545596599579,True,0.1930961834452406,-0.09472497134578162,-0.09258436139766818
sample_0905,train,4,-0.4418765745339427,-1.8841654062271118,False,-0.31827015033708617,-0.2371614056005844,-0.2275869241758539
sample_0907,train,1,-0.3676745790220399,-1.8140755891799927,False,-0.902269681949499,-0.28914850142499127,-0.3012908199720479
sample_0908,train,4,0.3734900298014618,-2.9004344940185547,True,-0.36049245849825073,0.2879970772289018,0.30074882585376805
sample_0909,train,3,-2.096310880278721,-2.267979145050049,False,-1.4763903285830922,-1.9940416529861742,-2.0138810766663675
sample_0910,train,0,-0.08749419921447515,-1.2666715383529663,False,-0.6536628050915834,-0.33481264379292586,-0.359695054445348
sample_0912,train,1,-2.592509512325945,-3.4374024868011475,False,-2.4236190370987294,-2.682846165474006,-2.670047917251227
sample_0913,train,3,-2.070742890216257,-2.615753650665283,False,-1.9195614333879507,-1.8433333928446922,-1.8538876419908972
sample_0914,train,4,-0.43567118478224914,-1.5659475326538086,False,-0.4250643381360504,-0.44784914464743175,-0.4125412211892201
sample_0916,train,0,0.7464304555649817,0.12056009471416473,True,0.974915074809213,0.8204966932571347,0.7905505650434762
sample_0917,train,3,0.6380241084064743,0.31941094994544983,True,0.6751574767750189,0.614087923254852,0.6619821491719604
sample_0918,train,4,0.9140422331287341,0.02448096126317978,True,0.8025639176254773,0.8391411770186622,0.8234825811704191
sample_0919,train,2,0.19880718352808158,-1.776305913925171,True,0.5058466885552368,0.14488665234310227,0.1419399582592875
sample_0920,train,2,-1.1155165068727855,-2.381498098373413,False,-1.0504484119600042,-1.1757335018539585,-1.1720536370645105
sample_0921,train,0,-0.600720791766884,-0.797009289264679,False,-0.4031936903246741,-0.6005014141837034,-0.6048440666146088
sample_0923,train,4,0.4194189419415936,-0.37159112095832825,True,0.4618039586520145,0.43072917818062884,0.40663414007339205
sample_0924,train,2,1.14942653618506,0.4644976854324341,True,1.068751766143971,1.1399673281350542,1.1367958144572938
sample_0925,train,0,-0.12138599642258432,-1.270029067993164,False,-0.4628917225429814,0.04153328884660512,0.03971354702359897
sample_0927,train,4,-0.4183545489239504,-0.8677515983581543,False,-0.3395398924777442,-0.4284044299764595,-0.41683620855727704
sample_0928,train,1,0.48271990327865255,-1.6802245378494263,True,-0.4834843243950442,0.5635994433216425,0.565201597643278
sample_0931,train,2,1.0020399278462058,-0.003965492360293865,True,0.9171006629860139,1.0928444407845657,1.012372226816345
sample_0933,train,1,-3.018919385201198,-3.4424376487731934,False,-2.7390537324606394,-2.930592693427425,-2.913514431202943
sample_0935,train,0,-0.8188961669421454,-1.3495551347732544,False,-0.2573470619310616,-0.8852555629756855,-0.8844553228360317
sample_0936,train,4,0.7936573413136518,-0.4817669689655304,True,0.1919158286191529,0.9299773621496914,0.9306520739361401
sample_0939,train,3,-4.544506270529642,-4.536010265350342,False,-4.264020223904194,-4.881503898638875,-4.880159020415094
sample_0940,train,0,-2.982689060916378,-3.1333253383636475,False,-3.295189685559795,-3.460306111169541,-3.4696657735466427
sample_0942,train,1,-2.4983669724006026,-2.4078540802001953,False,-1.7457392498639408,-2.1640625599428107,-2.1743302993361646
sample_0943,train,4,-0.6783873947710141,-2.4909050464630127,False,-1.016669167957775,-0.7078732380551511,-0.7053846412195626
sample_0944,train,0,-0.6244276928548989,-1.5407174825668335,False,-0.654328558876237,-0.6000128398899134,-0.6100403244015328
sample_0945,train,1,0.07394389351618354,-2.09257435798645,True,-0.7067539560547991,-0.04511378952828915,0.007544832095296439
sample_0946,train,3,-0.12001272339157336,-1.9132680892944336,False,-0.22989577856450394,-0.17403831017744342,-0.1544230093696488
sample_0947,train,0,-3.8092187186094466,-3.840646266937256,False,-3.7463720514865924,-3.6889848459235353,-3.69082469451839
sample_0948,train,4,-1.307724260257986,-4.224346160888672,False,-2.8018802807617993,-1.449210168736021,-1.4784328374490343
sample_0949,train,3,-2.3430584653119726,-2.9824154376983643,False,-2.1941180069215287,-2.298542991565009,-2.295985582640311
sample_0951,train,3,-1.7007900292920515,-3.0957436561584473,False,-1.9524624953194598,-1.8501134233430117,-1.8618825888650208
sample_0952,train,1,-0.26271870813839204,-1.41459321975708,False,-0.6715978849694494,-0.4741080258750492,-0.41958667019347407
sample_0954,train,2,-1.6103456378072591,-3.2480015754699707,False,-2.0049669453174883,-1.7026093907192585,-1.7226175183242995
sample_0956,train,1,0.40212376298765784,-0.7285412549972534,True,0.12550389312733823,0.40625497068967276,0.38670647500316946
sample_0957,train,1,-4.890202390709984,-5.437980651855469,False,-5.353163908773679,-5.330200382146661,-5.356469512613579
sample_0960,train,2,-3.3014113719551306,-3.356572151184082,False,-2.777514504237486,-3.4292277205444908,-3.4144649116783934
sample_0961,train,0,-2.103024013202928,-2.5387003421783447,False,-1.717391319323741,-2.012647717969995,-2.045174973771901
sample_0963,train,4,-2.877858057121011,-3.585838794708252,False,-2.1356605307339547,-2.8637858213347944,-2.861411387790957
sample_0964,train,2,-1.8100953256991403,-3.2729568481445312,False,-1.5178085415285956,-1.7235733930374038,-1.724707171142157
sample_0965,train,1,-2.4469986468057825,-2.8513622283935547,False,-2.6852163898676396,-2.321577449037364,-2.3400929815607707
sample_0967,train,0,-0.047034326717746607,-0.6376791596412659,True,-0.2537344672831766,-0.18591466940154305,-0.20650483198185682
sample_0968,train,4,-1.567520488930034,-2.6453604698181152,False,-1.4986664841967756,-1.5881337733013456,-1.5943918166602289
sample_0970,train,4,-3.199554065984683,-4.522753715515137,False,-3.4297772261625097,-3.16994367679187,-3.2286387330772466
sample_0972,train,3,0.17063863960350567,-0.5056036114692688,True,-0.3586669230588334,0.05459517832983529,0.09907091576033289
sample_0973,train,2,-0.5759039171713612,-0.9455918669700623,False,-0.5831911716504075,-0.5625536827230898,-0.6075844214733649
sample_0974,train,1,-0.0263496315202606,-0.5119240880012512,True,0.14551678126641066,-0.1281750490881714,-0.1584269919411787
sample_0975,train,4,-1.111399533378832,-2.4890260696411133,False,-1.4027214502553629,-1.282547153411572,-1.2589426171243656
sample_0978,train,3,0.6571646348617157,-3.1060900688171387,True,-0.5972966269418478,0.8037762741256431,0.7159195110285959
sample_0979,train,3,-1.617978171714603,-1.6381077766418457,False,-1.1177046333762624,-1.6662580792172201,-1.6391158781024526
sample_0980,train,1,0.36944079491379944,-0.4187818765640259,True,0.10774984669130838,0.47836271252573126,0.3741512095406355
sample_0981,train,2,-0.8054254020663999,-3.41741681098938,False,-1.5884933691583103,-0.8507766562193835,-0.8218170663834496
sample_0982,train,1,-1.5850158066911355,-3.1836495399475098,False,-1.9649990637164247,-1.5011160655076583,-1.5100770471225553
sample_0985,train,2,0.0026430731642021277,-0.6122363805770874,True,0.4842310983488165,-0.017880723255777387,0.005310907707391621
sample_0988,train,4,-0.8329598083798759,-0.9569423794746399,False,-0.38133553272866383,-0.8426365237925393,-0.8460612055341244
sample_0991,train,4,-0.09966170617010979,-0.3386443853378296,False,-1.178682444791638,-0.06409109527329077,0.013140342497894697
sample_0994,train,2,0.5117044545841282,-1.3171710968017578,True,0.38709392298526213,0.38609229063194905,0.3842046362386833
sample_0996,train,4,0.08476504438444891,-1.7158528566360474,True,0.043760401683321515,0.32223436177696074,0.2741488509834409
sample_1000,train,0,0.028339300360808468,-1.3843656778335571,True,-0.35773160433844664,-0.003356718614301313,-1.2424401931943052e-05
sample_1001,train,0,0.5385254027977335,-2.3301310539245605,True,0.6665055447896786,0.5249410485822459,0.5546210380438477
sample_1002,train,3,-1.0768796594717391,-1.346461296081543,False,-0.7439897552549177,-1.1089758703498647,-1.1090083957604313
sample_1003,train,4,0.5598723979012581,-2.4904918670654297,True,-0.324721314326887,0.5907267587457041,0.60858835596561
sample_1004,train,2,-3.7725537563829143,-4.800739288330078,False,-3.9170961099134,-3.7612253319892144,-3.691813072369295
sample_1005,train,4,-3.0605951528129953,-3.520691394805908,False,-2.3316216415003916,-2.886954873626876,-2.9503636757046134
sample_1009,train,4,0.6587054230908022,-1.6547422409057617,True,0.07672319597812516,0.6922988697446852,0.7217415304835444
sample_1010,train,2,-2.8644198305591426,-4.025089740753174,False,-3.033501966801376,-2.795515126200834,-2.7372274439829316
sample_1011,train,2,0.012394333800027692,-1.867254376411438,True,-0.5144765145905814,0.015822780509495482,-0.024401664719496896
sample_1012,train,2,-2.8880839149532562,-2.9052577018737793,False,-1.988487274550693,-2.8548568398075695,-2.8545754896622237
sample_1013,train,1,0.2949100744634882,-0.5377615690231323,True,0.5602815044178946,0.2792066618335167,0.23417817992276713
sample_1015,train,2,-3.304813407446804,-3.9294872283935547,False,-2.5524059502507437,-3.11380518967629,-3.1825152821578526
sample_1016,train,0,-0.4949012758738266,-2.129991054534912,False,-0.6871218069135101,-0.5576240426870567,-0.5869294203171029
sample_1018,train,1,-0.14489630013890287,-1.2361329793930054,False,-0.2331598366595966,-0.2562822198107433,-0.2138696253795267
sample_1019,train,1,-3.873793329235268,-4.846019268035889,False,-3.711814916518378,-3.9355154128077157,-3.962260354307945
sample_1020,train,3,-1.2931612646710735,-2.2962253093719482,False,-1.0224394769687009,-1.2151080656630995,-1.1970222647905695
sample_1022,train,0,-0.6587872535991343,-2.148632287979126,False,-0.9387804294076616,-0.6615547795528307,-0.6774689049392246
sample_1023,train,3,-1.5780860701603436,-2.265925645828247,False,-1.480097994705383,-1.5929128363582428,-1.610679131158804
sample_1024,train,2,-1.030127758019628,-1.5356857776641846,False,-0.719711517070017,-1.0697945589187146,-1.0604014675224875
sample_1025,train,2,-0.586882539238305,-0.9131084084510803,False,-0.7777681663428362,-0.4907632834541829,-0.4929303215877511
sample_1026,train,4,-0.7051174132372654,-1.031874656677246,False,-0.3454794332605162,-0.7429689970566034,-0.7486477792171734
sample_1027,train,1,0.734355360039459,-0.9653871059417725,True,0.5541591229318188,0.8960807566917706,0.9084685445030509
sample_1028,train,3,-4.288956082748687,-4.555528163909912,False,-3.9532281374301994,-4.382572030607983,-4.423830691762371
sample_1029,train,1,-2.1135213085442075,-2.3106019496917725,False,-1.2143905375766164,-2.1356769397092075,-2.099640552716442
sample_1030,train,3,-2.4144052191268375,-2.5185132026672363,False,-1.9387227080678575,-2.3745156869339934,-2.394310898117058
sample_1031,train,4,-0.7429681647717589,-2.5437519550323486,False,-0.9465373005601965,-0.7581024228771991,-0.7463231197401616
sample_1032,train,2,-1.1454000930491322,-1.3738484382629395,False,-1.248632813138519,-1.3190713700822287,-1.2909300471251468
sample_1033,train,1,-0.32375803756944177,-0.9123112559318542,False,-0.43397411606202396,-0.3526424413102287,-0.39855226247495945
sample_1034,train,2,-1.2257604593007263,-1.720097303390503,False,-1.346613547007459,-1.1344354564489838,-1.2442613222712369
sample_1035,train,0,0.16767889490118465,-0.18006783723831177,True,-0.21247096449600944,0.1442511875268046,0.17236926730560315
sample_1036,train,2,-0.35736414807654254,-1.2831408977508545,False,-0.44561835115344706,-0.3071858673153226,-0.3400877200895954
sample_1037,train,3,-1.6977934834969444,-1.894872784614563,False,-1.1252276854372154,-1.653330034708736,-1.652751954478379
sample_1038,train,3,-2.3237480684420975,-3.6362173557281494,False,-2.0568859577458825,-2.195022050722444,-2.182492145519311
sample_1039,train,2,-0.05853497214891823,-1.2214964628219604,False,-0.5085993569789298,0.0979646081336325,0.0859693362298164
sample_1040,train,0,-1.2001805301324946,-3.4604227542877197,False,-1.702576584367691,-1.2341526518398003,-1.2143984226842188
sample_1041,train,1,-3.095841569951595,-3.772796392440796,False,-2.497702832619259,-2.978504935314141,-3.0248164212582163
sample_1042,train,4,-0.20070597313434632,-0.8434180021286011,False,-0.4824048116154769,-0.23524611026856257,-0.22306321375108396
sample_1043,train,4,-1.4180054608076837,-1.9452283382415771,False,-1.4294859003015195,-1.3483871650982004,-1.393765007260546
sample_1044,train,4,-3.1665618687554677,-3.5880134105682373,False,-3.066649956924351,-2.987886572139507,-3.119915351384917
sample_1045,train,1,0.12681438184192717,-0.8255792856216431,True,-0.0801232771570537,0.20364368107432385,0.2153450192472186
sample_1046,train,3,0.3138195396651701,0.1850060224533081,True,0.13606411248205763,0.15372437986301565,0.17447584976308878
sample_1047,train,3,-1.9348715405612307,-2.0875885486602783,False,-1.6760893345262444,-1.9223704068385739,-1.936340104647622
sample_1048,train,3,-0.10002690412205978,-0.7134260535240173,False,-0.14448428666916435,-0.1923391270899295,-0.14791816838042748
