route,sample_id,adaptive_full_rmse_K,fixed_full_rmse_K,delta_full_rmse_K,adaptive_source_rmse_K,fixed_source_rmse_K,delta_source_rmse_K,adaptive_peak_rmse_K,fixed_peak_rmse_K,delta_peak_rmse_K,adaptive_interface_rmse_K,fixed_interface_rmse_K,delta_interface_rmse_K
B8192_recon,v6p1if1_0308,3.6667174197506336,3.6666952538873483,-2.2165863285295018e-05,4.39501547405216,4.394970380896071,-4.5093156089137665e-05,3.9637603759765625,3.9640884399414062,0.00032806396484375,0.5068594819188201,0.5068841332173807,2.4651298560551815e-05
B8192_recon,v6p1if1_0511,0.9908833762192002,1.3797846251325971,0.38890124891339695,1.2890334714484735,3.4318782269056993,2.142844755457226,1.6945266723632812,2.9559555053710938,1.2614288330078125,0.32292692837594994,0.18920709631556562,-0.13371983206038432
B8192_recon,v6p1if1_0041,3.4889834903516266,3.68443782575648,0.19545433540485346,4.885097274748663,7.107723544492646,2.2226262697439827,6.070457458496094,6.876380920410156,0.8059234619140625,0.38565134619791624,0.6215698222761159,0.23591847607819966
B8192_recon,v6p1if1_0846,1.8014213237431653,1.82632339194601,0.024902068202844685,0.9873695899277337,3.172185160816873,2.184815570889139,1.2242240905761719,1.9672355651855469,0.743011474609375,0.25690523617133465,0.23009363129825747,-0.026811604873077183
B8192_recon,v6p1if1_0572,2.6038359483529576,2.84083445549925,0.23699850714629234,2.105817310708963,6.313834321407833,4.208017010698869,0.34088897705078125,6.091087341308594,5.7501983642578125,0.23122403250807025,0.3446369464744523,0.11341291396638206
B8192_recon,v6p1if1_0347,1.206433992928741,1.3446144818233228,0.13818048889458168,2.8138801660754593,3.96083346363663,1.1469532975611707,0.1967926025390625,3.41729736328125,3.2205047607421875,0.6369105354953335,0.359491831388372,-0.2774187041069615
B8192_recon,v6p1if1_0286,3.5629570450180093,3.6381075330908597,0.07515048807285041,3.7960659461655255,5.672998776272862,1.8769328301073362,5.079627990722656,4.140289306640625,-0.9393386840820312,0.4637999868525258,0.5917825540432049,0.12798256719067908
B8192_recon,v6p1if1_0124,2.254976092108269,1.952110297553334,-0.3028657945549351,3.120723624139154,3.7555664735438854,0.6348428494047313,3.5283279418945312,3.1743850708007812,-0.35394287109375,0.785567659958056,0.24319313586287317,-0.5423745240951828
B8192_recon,v6p1if1_1017,1.0949025502869734,1.2708894153494066,0.17598686506243322,1.443072023976025,4.0329894302411375,2.5899174062651125,0.005985260009765625,0.049938201904296875,0.04395294189453125,0.18206005802366176,0.1870109040874137,0.004950846063751929
B8192_recon,v6p1if1_0854,2.5787765445793127,2.1154563332122924,-0.4633202113670203,8.449539768020815,6.80633392787383,-1.643205840146985,10.111778259277344,9.166580200195312,-0.9451980590820312,1.4284885411133272,0.410948955434594,-1.0175395856787333
B8192_recon,v6p1if1_0928,1.7203692187589201,2.2776717437313385,0.5573025249724184,2.528114597094935,9.38518589708917,6.857071299994236,1.314117431640625,10.316207885742188,9.002090454101562,0.24412334004177996,0.5758730572627133,0.3317497172209334
B8192_recon,v6p1if1_0543,2.6783243923461324,2.696544083488179,0.018219691142046468,2.0095168345647085,4.864994387110291,2.855477552545582,0.9234390258789062,2.9066009521484375,1.9831619262695312,0.22380523716712716,0.3820098899413126,0.1582046527741854
B8192_recon,v6p1if1_0632,1.9226157797249317,1.8014509656777815,-0.12116481404715018,1.6558776883794921,3.088318825374079,1.4324411369945869,2.1424484252929688,1.0470657348632812,-1.0953826904296875,0.49466726768657227,0.235530464625952,-0.25913680306062026
B8192_recon,v6p1if1_0599,0.8994440085849343,1.0151538326811802,0.11570982409624586,2.089005045308188,6.055280332585474,3.9662752872772855,3.0343399047851562,9.58453369140625,6.550193786621094,0.15018170218364768,0.22612076167025397,0.07593905948660629
B8192_recon,v6p1if1_0003,1.4187559698327192,1.735351099298883,0.31659512946616375,1.7674440009662629,3.5927918912518377,1.8253478902855749,2.5475921630859375,0.256683349609375,-2.2909088134765625,0.47587890445638464,0.3051273387339057,-0.17075156572247896
B8192_recon,v6p1if1_0029,1.3420493435567498,1.3314404114985463,-0.010608932058203457,0.6783558665464272,1.931111835110812,1.2527559685643848,0.4969367980957031,2.2963485717773438,1.7994117736816406,0.19057815010836274,0.17467407360494516,-0.015904076503417575
B8192_recon,v6p1if1_0991,2.753214493211552,3.1181843000159977,0.3649698068044458,2.8083919336500798,8.95055485153809,6.14216291788801,1.4820556640625,7.924705505371094,6.442649841308594,0.4645528218893649,0.5244941169238998,0.05994129503453488
B8192_recon,v6p1if1_0109,1.3462506978611584,2.426825507129777,1.0805748092686185,2.0697641259479167,5.692897530923614,3.623133404975697,4.485931396484375,7.027809143066406,2.5418777465820312,0.28431722623782946,0.2338498060643111,-0.05046742017351835
B8192_recon,v6p1if1_0365,0.7535449725145825,0.9345425894929088,0.18099761697832628,0.8148202323872951,2.818383857919678,2.003563625532383,0.6490745544433594,0.7856292724609375,0.13655471801757812,0.32019191428720056,0.29882848643023036,-0.021363427856970207
B8192_recon,v6p1if1_0091,2.1294764108249016,1.9415428840136066,-0.18793352681129494,7.352230668374088,8.491064777464965,1.138834109090877,2.5420684814453125,6.1919708251953125,3.64990234375,0.8720002762927184,0.4408113938758212,-0.4311888824168972
B8192_recon,v6p1if1_0930,1.2539581611728885,1.4073374644431793,0.1533793032702908,2.756239503589433,5.345020541789547,2.588781038200114,0.8468170166015625,4.320625305175781,3.4738082885742188,0.21995060473888733,0.4086652495792907,0.18871464484040334
B8192_recon,v6p1if1_0175,5.845753596727629,5.967490327568626,0.1217367308409969,7.16977849671237,9.135374442426674,1.9655959457143037,6.76531982421875,6.3368682861328125,-0.4284515380859375,0.687281955065724,0.8371909890617704,0.14990903399604638
B8192_recon,v6p1if1_0915,0.6531895341498898,0.6741685825885665,0.020979048438676706,0.9590697510191962,1.6410846236892598,0.6820148726700636,0.11724472045898438,0.7994880676269531,0.6822433471679688,0.20873194066871315,0.1619888807613987,-0.04674305990731445
B8192_recon,v6p1if1_0869,1.5741205914660763,1.4191662605917883,-0.154954330874288,2.6488314448848054,4.422460124922864,1.7736286800380587,0.43341064453125,1.8114776611328125,1.3780670166015625,0.6500344014172013,0.43417792018178875,-0.2158564812354125
B8192_recon,v6p1if1_0522,3.628578813841522,3.7712973072196805,0.14271849337815867,6.486908452648959,7.668693628326531,1.1817851756775717,7.410774230957031,7.1622161865234375,-0.24855804443359375,0.46569221380212694,0.5724414231783482,0.10674920937622129
B8192_recon,v6p1if1_0118,2.8566658521818784,2.9710717257978443,0.11440587361596588,1.1988451041230912,6.6915269936253585,5.4926818895022675,1.1781692504882812,3.7559661865234375,2.5777969360351562,0.2865472300535149,0.39508848289356624,0.10854125284005134
B8192_recon,v6p1if1_0708,2.513488712069814,3.1788052208028685,0.6653165087330546,2.840832859753021,8.031865616902408,5.191032757149387,3.0964126586914062,3.1986618041992188,0.1022491455078125,0.6329848972981463,0.8928807838642993,0.2598958865661529
B8192_recon,v6p1if1_0817,0.7612251456265717,0.9882142202942273,0.2269890746676556,1.5282291870778337,2.4488415691753755,0.9206123820975418,0.782012939453125,0.790557861328125,0.008544921875,0.4224114216682385,0.20561674613745234,-0.21679467553078613
B8192_recon,v6p1if1_1003,2.0457461547800717,2.278701196723122,0.2329550419430504,2.021025781808095,4.234911985850032,2.213886204041937,0.883087158203125,2.1532135009765625,1.2701263427734375,0.3825714332187515,0.41858200899764636,0.03601057577889488
B8192_recon,v6p1if1_0697,2.1168268214639454,2.6584871606818843,0.5416603392179389,2.3673051666260836,6.684058736191647,4.316753569565563,3.3127822875976562,7.161750793457031,3.848968505859375,0.5082556909910124,0.6379822595451186,0.12972656855410614
B8192_recon,v6p1if1_0907,3.443264441121182,3.4921092947239862,0.04884485360280433,3.7809837431337847,5.051181002625893,1.2701972594921083,3.4799575805664062,3.3242416381835938,-0.1557159423828125,0.23925240266218561,0.3697824998805905,0.13053009721840486
B8192_recon,v6p1if1_0203,3.067274621920875,2.982593116916712,-0.08468150500416316,3.6408488970146893,5.902420215701103,2.261571318686414,0.5083847045898438,4.6090545654296875,4.100669860839844,0.5086195812985667,0.3484525054178417,-0.16016707588072499
E32768_recon,v6p1if1_0308,3.447358654234345,3.447318381192642,-4.027304170284296e-05,6.646582099029706,6.646384507799007,-0.00019759123069906792,5.695404052734375,5.698493957519531,0.00308990478515625,0.8532656574428882,0.853224570677621,-4.108676526715094e-05
E32768_recon,v6p1if1_0511,0.6622561317704714,0.9306664993059492,0.26841036753547787,0.8324296519167487,1.973286123834459,1.1408564719177103,0.6478271484375,0.251434326171875,-0.396392822265625,0.16702799100488988,0.14167838770673252,-0.025349603298157358
E32768_recon,v6p1if1_0041,3.5336274476802396,3.984613222048302,0.4509857743680623,6.224172816784606,7.3426973052566105,1.118524488472004,7.4659423828125,8.604171752929688,1.1382293701171875,0.5518999631363075,0.7796677131160874,0.2277677499797799
E32768_recon,v6p1if1_0846,1.5977040242177856,1.644713941087159,0.04700991686937339,1.5924424507901571,2.8142725413514906,1.2218300905613335,1.2656974792480469,3.4080047607421875,2.1423072814941406,0.20371363883330562,0.26461829976962203,0.06090466093631641
E32768_recon,v6p1if1_0572,2.307304890080964,2.6073284396941463,0.30002354961318245,3.0264228216448164,5.4536763028461035,2.427253481201287,2.0636215209960938,5.963020324707031,3.8993988037109375,0.2459792743050869,0.3510093030293571,0.10503002872427022
E32768_recon,v6p1if1_0347,0.8842425910667736,1.1648054643335755,0.28056287326680185,2.2230476818368445,3.711031482611442,1.4879838007745976,4.0355224609375,6.724029541015625,2.688507080078125,0.14988694666622476,0.25493811916669695,0.10505117250047219
E32768_recon,v6p1if1_0286,3.321468577488632,3.409653801212934,0.08818522372430193,4.521546103750451,5.415050487878373,0.8935043841279224,5.564552307128906,4.846534729003906,-0.718017578125,0.5819059785444141,0.5253814133200118,-0.0565245652244023
E32768_recon,v6p1if1_0124,1.5108778840051396,1.6476137292420976,0.13673584523695803,1.4919615392364547,3.2143068953999103,1.7223453561634556,0.14630126953125,3.3104019165039062,3.1641006469726562,0.44314695096930756,0.3882382142347665,-0.05490873673454105
E32768_recon,v6p1if1_1017,1.0188191370205406,1.245984687835638,0.22716555081509737,2.5333225992545785,3.9590021473294907,1.4256795480749123,3.1590538024902344,1.7482109069824219,-1.4108428955078125,0.1331833648949385,0.21152682688636384,0.07834346199142533
E32768_recon,v6p1if1_0854,1.409593511034571,1.7220313226295596,0.3124378115949886,3.151716748307052,2.0348525498231544,-1.1168641984838974,2.247039794921875,1.12750244140625,-1.119537353515625,0.4251500879663135,0.4181740580416118,-0.006976029924701699
E32768_recon,v6p1if1_0928,1.5368129051605408,1.9106287653502476,0.3738158601897068,3.341224342945349,7.791602213305387,4.450377870360038,4.3496246337890625,9.055023193359375,4.7053985595703125,0.24209557733092466,0.4109101432303201,0.16881456589939545
E32768_recon,v6p1if1_0543,2.382953247753032,2.5154850230715695,0.13253177531853755,3.101581062265716,4.577465631203479,1.4758845689377629,2.885181427001953,2.1478843688964844,-0.7372970581054688,0.31379602248515487,0.32254847248034463,0.00875244999518976
E32768_recon,v6p1if1_0632,1.3959874147660016,1.4850420321099513,0.0890546173439497,1.3506082061666802,2.6048252659823907,1.2542170598157105,0.6350173950195312,1.6132659912109375,0.9782485961914062,0.2689466885560079,0.2668260829767006,-0.002120605579307322
E32768_recon,v6p1if1_0599,0.757812808115935,0.8534999417456229,0.09568713362968795,2.895049869808444,5.920823222516964,3.02577335270852,4.9878997802734375,9.548519134521484,4.560619354248047,0.13108780806363612,0.2815813582306408,0.15049355016700466
E32768_recon,v6p1if1_0003,1.0552951799700419,1.8115159331313873,0.7562207531613454,2.347897051518949,3.762510088601822,1.4146130370828733,1.922210693359375,0.711212158203125,-1.21099853515625,0.24081008595013065,0.29420476105517906,0.05339467510504842
E32768_recon,v6p1if1_0029,1.1398626926403168,1.2137323008054577,0.07386960816514088,1.480959784743904,2.6712770722932144,1.1903172875493104,1.8181800842285156,3.86767578125,2.0494956970214844,0.19787103971879666,0.1755734882965866,-0.02229755142221007
E32768_recon,v6p1if1_0991,2.329883633129391,2.875522692444855,0.5456390593154641,4.214241814436987,7.8596587252057635,3.645416910768777,4.481559753417969,11.554359436035156,7.0727996826171875,0.31938550669291715,0.5174279874296855,0.1980424807367684
E32768_recon,v6p1if1_0109,1.2494198452718686,2.117075869250033,0.8676560239781645,2.5516946073419744,4.445911228012262,1.8942166206702877,5.108451843261719,6.4324493408203125,1.3239974975585938,0.14543584343378885,0.19858845759684857,0.05315261416305972
E32768_recon,v6p1if1_0365,0.5998497800163259,0.8071650589058176,0.20731527888949164,1.4614277436779395,2.467341045088594,1.0059133014106545,1.3509178161621094,2.070545196533203,0.7196273803710938,0.25366315364883224,0.2932515439896585,0.039588390340826285
E32768_recon,v6p1if1_0091,1.2500365370502908,1.2756073042301053,0.025570767179814435,3.5343383128029937,6.12370693546966,2.5893686226666666,3.383331298828125,0.5327606201171875,-2.8505706787109375,0.33232513073686887,0.2817100596593329,-0.05061507107753599
E32768_recon,v6p1if1_0930,1.1829385467597369,1.5474669945642654,0.36452844780452853,3.405264127218756,5.969322614403082,2.5640584871843264,3.9701194763183594,7.4331207275390625,3.463001251220703,0.31091670277425576,0.46509020930454653,0.15417350653029077
E32768_recon,v6p1if1_0175,5.543401489957676,5.798271328851275,0.25486983889359927,7.922804173664865,9.555817000577177,1.6330128269123119,6.9052886962890625,10.371284484863281,3.4659957885742188,0.7730445141198408,0.8630190466224203,0.08997453250257959
E32768_recon,v6p1if1_0915,0.5654056717872735,0.705199453461336,0.13979378167406242,1.0111166581046198,1.469779794986268,0.4586631368816483,1.5866928100585938,0.41748046875,-1.1692123413085938,0.09261384037502413,0.13267468970982393,0.04006084933479981
E32768_recon,v6p1if1_0869,0.8162783922245197,0.9921079850667789,0.17582959284225919,1.9220183542817246,2.643018387802132,0.7210000335204072,3.7008056640625,1.3536529541015625,-2.3471527099609375,0.2900134225398681,0.3149070405460818,0.024893618006213702
E32768_recon,v6p1if1_0522,3.5346842967133933,3.7015631203450554,0.16687882363166207,6.9853845111987365,7.693740326347504,0.7083558151487672,8.527114868164062,9.06353759765625,0.5364227294921875,0.5590933346125049,0.6661888994350725,0.10709556482256766
E32768_recon,v6p1if1_0118,2.5123261512453268,2.6506652411682796,0.13833908992295285,2.5296427115179276,6.997108472624352,4.467465761106425,2.0839080810546875,7.345527648925781,5.261619567871094,0.27326098747308303,0.4580376158060357,0.18477662833295266
E32768_recon,v6p1if1_0708,2.533782760883032,3.0579917107569092,0.5242089498738771,5.035040597479176,6.211336986131043,1.176296388651867,5.602134704589844,7.464683532714844,1.862548828125,0.5579988878747432,0.9325351816791186,0.3745362938043755
E32768_recon,v6p1if1_0817,0.44042554891762004,1.0790012508473776,0.6385757019297575,0.6452305013993821,2.3977717699969343,1.752541268597552,0.3739166259765625,3.4048614501953125,3.03094482421875,0.1614583305120571,0.18475141448408852,0.02329308397203142
E32768_recon,v6p1if1_1003,1.8334066935246847,2.2623956938773118,0.4289890003526271,2.583971670690299,3.960696123182153,1.376724452491854,0.7808685302734375,3.55364990234375,2.7727813720703125,0.22433457095282683,0.42563667620844864,0.2013021052556218
E32768_recon,v6p1if1_0697,2.0946599884791874,2.584578715215601,0.48991872673641357,4.259287988736602,5.2290587175021,0.9697707287654973,6.7353668212890625,7.0660552978515625,0.3306884765625,0.576708223139136,0.7924852782135912,0.21577705507445522
E32768_recon,v6p1if1_0907,3.261038837400475,3.3165268558822625,0.05548801848178764,4.045736764862648,4.729085519302398,0.6833487544397503,2.8922195434570312,3.8576126098632812,0.96539306640625,0.3462450273876139,0.29491385699107914,-0.051331170396534787
E32768_recon,v6p1if1_0203,2.7379080883415146,3.094120667456522,0.35621257911500726,4.167992563423507,5.885532449172383,1.7175398857488764,2.6387176513671875,6.5538330078125,3.9151153564453125,0.39479379012025023,0.4800060066258715,0.08521221650562127
