platform,mode,batch_size,resolution,sample_count,model_core_seconds,full_field_production_seconds,evaluation_seconds,model_core_seconds_per_sample,production_seconds_per_sample,evaluation_seconds_per_sample,production_samples_per_second,input_seconds,graph_load_or_build_seconds,batch_prepare_seconds,full_field_reconstruction_seconds,serialization_seconds,label_read_seconds,metrics_diagnostics_seconds,process_peak_ram_GB,device_peak_memory_GB,direct_single_cycle_measurements,cross_run_phase_addition
cpu,cold,8,4096,128,25.992459999979474,34.4503524589818,36.92419320897898,0.20306609374983964,0.2691433785857953,0.28847025944514826,3.71549173995833,1.122976833023131,2.6742760830093175,3.053847708972171,1.122112083947286,0.07348429202102125,0.9699592079850845,1.4814974999753758,2.027241472,N/A,True,False
gpu,cold,8,4096,128,31.551709557999857,47.491604909009766,49.52429831799236,0.24649773092187388,0.3710281633516388,0.3869085806093153,2.6952131907363013,1.049229063995881,6.861476484016748,6.2855476179975085,1.1289330719737336,0.0723092450061813,1.1524585010192823,0.8453900150198024,3.499003904,0.972995328,True,False
cpu,cached,8,4096,128,25.95582045800984,32.53699733299436,34.91749954101397,0.20277984732820187,0.25419529166401844,0.2727929651641716,3.933983172755795,1.120243165991269,1.100002334045712,3.042166124971118,1.0611116659711115,0.0480083329603076,0.9372521250043064,1.4204627079889178,2.26934784,N/A,True,False
gpu,cached,8,4096,128,31.66939292202005,42.6885835279827,44.489324520982336,0.24741713220328165,0.33350455881236485,0.3475728478201745,2.9984597618727498,1.0325787340116221,2.303921269980492,6.312248228001408,1.025349865987664,0.06567489300505258,0.9414756550104357,0.8243385420064442,3.320446976,0.973175808,True,False
cpu,persistent,8,4096,128,17.872604763678584,21.32138400002926,23.823300847026985,0.13962972471623894,0.16657331250022858,0.18611953786739832,6.003362633486848,1.3181633890101996,0.022307527678397793,0.8451114863467714,1.060309819644317,0.04824580568432187,0.9409890276535103,1.5473397363287706,2.484158464,N/A,True,False
gpu,persistent,8,4096,128,10.990032867334472,16.027851549336145,17.858612165660208,0.08585963177605056,0.12521759022918863,0.13952040754422038,7.986098424108602,0.9303871553371815,0.07436988398937198,2.719671205345852,1.004284560670688,0.06123408500570804,0.9400660813359233,0.8562456710011853,3.3199104,0.973129728,True,False
cpu,cold,8,8192,128,37.560996957996394,45.98414179199608,48.38011237495812,0.29344528873434683,0.3592511077499694,0.3779696279293603,2.783568313158765,1.1030174170155078,2.5559234590036795,3.2859624580014497,1.0068786249612458,0.07341620797524229,0.9777223750133999,1.3984487910056487,2.454175744,N/A,True,False
gpu,cold,8,8192,128,30.03554923500633,46.094646976009244,47.904368678020546,0.23465272839848694,0.3601144295000722,0.3742528802970355,2.776895114667432,0.962107729021227,7.003382837021491,6.551555412996095,0.9953442830010317,0.06733665298088454,0.9378067550132982,0.8365971709717996,3.526692864,1.687703552,True,False
cpu,cached,8,8192,128,37.468552125035785,43.966671250003856,46.45352387498133,0.29272306347684207,0.3434896191406551,0.36291815527329163,2.9112961332042797,1.1361422499758191,1.1021857080049813,3.225472665973939,0.7516246670274995,0.07292662496911362,0.9554602080024779,1.511274208955001,2.570289152,N/A,True,False
gpu,cached,8,8192,128,30.0725977869879,41.30914386600489,43.17769389098976,0.23494217021084296,0.3227276864531632,0.3373257335233575,3.0985875770070566,0.9568817020044662,2.3024502090120222,6.603378381987568,1.024956564011518,0.06518404500093311,0.9906596940127201,0.8422415739914868,3.348402176,1.686627328,True,False
cpu,persistent,8,8192,128,30.04847191668038,33.356080722316015,35.864360555657186,0.23475368684906547,0.26059438064309387,0.28019031684107176,3.837381287855109,1.265409875001448,0.02414102799957618,1.0739005689974874,0.7310583613580093,0.05587336098930488,0.9495969166552337,1.5455169723330375,2.55172608,N/A,True,False
gpu,persistent,8,8192,128,10.81225399999918,16.043554132678157,17.882403726670116,0.0844707343749936,0.1253402666615481,0.13970627911461028,7.978282052808015,0.9440077959928507,0.07594170566881076,2.8859181170118973,1.0078938706525757,0.06351504066454557,0.9469088176750423,0.8560800723401675,3.352276992,1.685836032,True,False
cpu,cold,8,16384,128,65.0261874999851,73.7593469999847,76.25281541701406,0.5080170898436336,0.5762448984373805,0.5957251204454224,1.7353732808945088,1.1066558749880642,2.6814583750092424,3.5719664999633096,0.8821026670048013,0.066521916014608,0.9611847919877619,1.5097242500050925,2.746826752,N/A,True,False
gpu,cold,8,16384,128,31.804660056019202,49.09447059800732,51.02880466898205,0.24847390668765001,0.3835505515469322,0.39866253647642225,2.6072182557600563,1.0161880030063912,7.35807867400581,7.319642716000089,1.019569653988583,0.06544092300464399,0.9784356480231509,0.9124543969810475,3.735949312,3.121364224,True,False
cpu,cached,8,16384,128,63.52690175001044,70.77626766700996,73.25493358401582,0.49630391992195655,0.5529395911485153,0.5723041686251236,1.808515823442651,1.145153500023298,1.1096803330001421,3.7690186660038307,0.9345987089909613,0.07679416699102148,0.9706565419910476,1.491590291960165,3.252912128,N/A,True,False
gpu,cached,8,16384,128,31.47493768701679,43.30048744301894,45.15651014802279,0.24589795067981868,0.33828505814858545,0.35278523553142804,2.9560868146909653,1.0068949520064052,2.2547475680185016,7.114936759026023,1.0676415100169834,0.06544388897600584,0.9342377610155381,0.8851146170054562,3.554881536,3.118202624,True,False
cpu,persistent,8,16384,128,55.625504527318604,59.56769891665317,62.10305630567018,0.4345742541196766,0.4653726477863529,0.4851801273880483,2.148815588446634,1.2074681110292051,0.02662158365516613,1.5211491250277807,0.9457819170008103,0.06837745835461344,0.949664652987849,1.5745978886649634,3.178840064,N/A,True,False
gpu,persistent,8,16384,128,10.890656319990134,16.76763193801162,18.65049516534782,0.08508325249992292,0.13099712451571577,0.14570699347927984,7.633755349187299,0.9571989663236309,0.08243250466572742,3.46997281833319,1.045198666319872,0.06028832634910941,0.9350511416657051,0.9105551643200064,3.561713664,3.12813824,True,False
cpu,cold,8,32768,128,112.16122695902595,122.67487350001466,124.91587687499123,0.8762595856173903,0.9583974492188645,0.975905288085869,1.0434084531579706,1.213731083960738,3.1608149169478565,4.909021000028588,0.6960089999483898,0.04471454198937863,0.923240749980323,1.3074620420229621,4.248076288,N/A,True,False
gpu,cold,8,32768,128,32.66175504901912,50.97500923197367,52.97866791699198,0.2551699613204619,0.3982422596247943,0.41389584310149985,2.5110343662225962,1.105038373003481,7.283720086008543,8.266479953017551,1.04978902899893,0.05986259301425889,1.0732205449894536,0.8932779830065556,4.055908352,5.917542656,True,False
cpu,cached,8,32768,128,111.09149179200176,119.55187549995026,122.03019962500548,0.8679022796250138,0.9339990273433614,0.9533609345703553,1.0706649265410584,1.188002583978232,1.1388894999981858,4.8543903329991736,1.005355499975849,0.04539258300792426,0.9649604999576695,1.5018743330147117,4.654219264,N/A,True,False
gpu,cached,8,32768,128,32.39877687298576,45.57790355698671,47.501222619001055,0.2531154443202013,0.3560773715389587,0.37110330171094574,2.808378402924122,1.1120946620067116,2.3168567760149017,8.299662640987663,1.0628781609993894,0.06597714399686083,0.9766545460151974,0.9077496279787738,3.862695936,5.914764032,True,False
cpu,persistent,8,32768,128,102.37377240299247,107.28818155567085,109.7913542916843,0.7997950968983787,0.8381889184036785,0.8577449554037836,1.1930484620394277,1.2161181529906269,0.0294890416553244,2.4716303613386117,0.9786619443329982,0.041872319008689374,0.9763056110047424,1.5168661663192324,4.698554368,N/A,True,False
gpu,persistent,8,32768,128,11.459169015996546,18.185317598331796,20.11589909099469,0.08952475793747301,0.14207279373696716,0.15715546164839603,7.038645286664771,0.9930317363371918,0.08490545899257995,4.258270070655271,1.0552587129932363,0.06040325832630818,0.9628272539897201,0.9290870193217415,3.871956992,5.912671488,True,False
gpu,persistent,16,4096,128,5.470015098030369,10.596454445660735,12.289766936330125,0.042734492953362256,0.08278480035672449,0.0960138041900791,12.079512128928767,0.9145774356244752,0.12800088703321913,2.735268032333503,0.9857526040480783,0.06265597169597943,0.8510930023621768,0.8289450403147688,3.48151808,1.483309824,True,False
gpu,persistent,16,8192,128,5.298180011644338,10.574598715718215,12.333657116706794,0.04139203134097139,0.08261405246654856,0.09635669622427183,12.104478235163592,0.9401749666625013,0.12908964534290135,2.9521812309976667,0.9436896146119883,0.05665586035077771,0.899346576227496,0.8468965226784348,3.444150272,2.644552704,True,False
gpu,persistent,16,16384,128,5.663209821640824,11.493315913636858,13.327519730975231,0.04424382673156894,0.08979153057528795,0.104121247898244,11.136907830761666,1.003007319290191,0.133636242011562,3.417350893296922,0.936645878944546,0.05699858069419861,0.924453749631842,0.8953847690330198,3.654283264,5.221683968,True,False
