sample_id,group_id,split_role,design_block,top_h_W_m2K,bottom_h_W_m2K,package_total_power_W,source_count,total_source_area_mm2,layout_kind,alignment_relation,peak_deltaT_K,mean_deltaT_K,Rth_peak_K_W,top_heat_flux_W,bottom_heat_flux_W,top_heat_fraction,bottom_heat_fraction,energy_balance_relative_error,linear_residual,junction_temperature_K,top_surface_mean_temperature_K,bottom_surface_mean_temperature_K,top_branch_R_ambient_K_W,bottom_branch_R_ambient_K_W,top_internal_R_junction_to_surface_K_W,bottom_internal_R_junction_to_surface_K_W,top_film_R_surface_to_ambient_K_W,bottom_film_R_surface_to_ambient_K_W,effective_R_junction_to_ambient_K_W,parallel_branch_R_effective_K_W,parallel_branch_relative_closure_error,in_30_80_K_window,solver_peak_minus_projected_peak_K,projected_field_cv_rms_deltaT_K,minimum_source_control_volume_count,minimum_source_in_plane_interval_count,all_layers_covered_by_1024_points,all_interfaces_covered_by_1024_points
p1e_g00_t0_b0_p0,p1e_g00,train,complete_factorial,500.0,1.0,2.0,3,16.656663618624556,distributed,partly_aligned,44.10976943269759,40.24541651398739,22.054884716348795,1.9959827370402752,0.0040172634384697875,0.9979913685201376,0.0020086317192348937,-2.3937248320657356e-10,7.087336267396489e-11,342.547124496501,339.91996460502014,340.1726196089331,21.31637899814285,10591.0715461338,1.3162237542076731,591.0752242009784,20.000155243935176,9999.996321932822,21.2735622482505,21.273562243158196,-2.393723913450157e-10,True,0.029722735406551237,40.78338512024153,702,12,True,True
p1e_g00_t0_b0_p1,p1e_g00,train,complete_factorial,500.0,1.0,6.0,3,16.656663618624556,distributed,partly_aligned,132.32930828137518,120.73624952532718,22.05488471356253,5.987948210286293,0.012051790313759404,0.9979913683810487,0.0020086317189599006,-1.0000867553076424e-10,7.129111614674267e-11,427.64137347281684,419.7598937983704,420.5178588102996,21.31637899832706,10591.07154619924,1.3162237543917592,591.0752242664248,20.0001552439353,9999.996321932816,21.273562245469474,21.27356224334193,-1.0000876026311824e-10,False,0.08916820621521993,122.35015534408409,702,12,True,True
p1e_g00_t0_b0_p2,p1e_g00,train,complete_factorial,500.0,1.0,10.0,3,16.656663618624556,distributed,partly_aligned,220.54884713005413,201.2270825366552,22.054884713005414,9.979913683532196,0.020086317189046077,0.9979913683532196,0.0020086317189046076,-7.212420660707153e-11,7.217127198245513e-11,512.7356224491302,499.5998229917184,500.8630980116367,21.316378998363902,10591.07154621376,1.3162237544285742,591.0752242809422,20.00015524393533,9999.996321932816,21.273562244913023,21.273562243378684,-7.212421034657216e-11,False,0.14861367702508232,203.91692556791716,702,12,True,True
p1e_g00_t0_b0_p3,p1e_g00,train,complete_factorial,500.0,1.0,14.0,3,16.656663618624556,distributed,partly_aligned,308.7683859787303,281.717915547976,22.054884712766448,13.971879156777998,0.02812084406433104,0.9979913683412855,0.0020086317188807885,-6.016636544140371e-11,1.3001650123885623e-10,597.8298714254416,579.4397521850643,581.2083372129567,21.316378998379705,10591.071546220554,1.3162237544443658,591.0752242877354,20.00015524393534,9999.996321932818,21.2735622446744,21.273562243394448,-6.016641246579531e-11,False,0.2080591478339784,285.4836957917444,702,12,True,True
p1e_g00_t0_b1_p0,p1e_g00,train,complete_factorial,500.0,20.0,2.0,3,16.656663618624556,distributed,partly_aligned,42.79670200077618,37.68991969365397,21.39835100038809,1.9314842316877678,0.06851576878900675,0.9657421158438839,0.03425788439450338,-2.3838729601433073e-10,7.039893529785547e-11,341.2395325973165,338.62999449771087,334.25786950229616,21.351213704333794,601.8984144265096,1.3510532764356895,101.89863178095922,20.000160427898106,499.99978264555034,20.61976629865825,20.61976629374276,-2.383872052434661e-10,True,0.029696495010227864,38.58221450588798,702,12,True,True
p1e_g00_t0_b1_p1,p1e_g00,train,complete_factorial,500.0,20.0,6.0,3,16.656663618624556,distributed,partly_aligned,128.39010598615346,113.069759065353,21.398350997692244,5.794452694255318,0.20554730633874282,0.9657421157092196,0.03425788438979047,-9.901011029563496e-11,7.17664471713905e-11,423.71859777580147,415.8899834769734,402.7736084927498,21.351213704524227,601.8984144307525,1.3510532766260146,101.89863178520191,20.000160427898212,499.99978264555057,20.61976629596691,20.619766293925345,-9.901018693514604e-11,False,0.08908948502948988,115.74664350191458,702,12,True,True
p1e_g00_t0_b1_p2,p1e_g00,train,complete_factorial,500.0,20.0,10.0,3,16.656663618624556,distributed,partly_aligned,213.9835099715308,188.44959843705047,21.39835099715308,9.657421156822725,0.34257884388848225,0.9657421156822725,0.03425788438884823,-7.112070932180359e-11,7.208224216934801e-11,506.19766295428343,493.1499724562332,471.2893474832051,21.351213704562316,601.8984144315864,1.3510532766640702,101.89863178603585,20.000160427898248,499.99978264555057,20.61976629542834,20.61976629396185,-7.112072387426084e-11,False,0.14848247505062773,192.9110724979391,702,12,True,True
p1e_g00_t0_b1_p3,p1e_g00,train,complete_factorial,500.0,20.0,14.0,3,16.656663618624556,distributed,partly_aligned,299.5769139569087,263.8294378087496,21.39835099692205,13.520389619390208,0.47961038143822526,0.9657421156707292,0.03425788438844466,-5.917382060540076e-11,1.2898922929413589e-10,588.6767281327669,570.4099614354944,539.8050864736622,21.351213704578633,601.8984144319425,1.3510532766803764,101.89863178639202,20.00016042789826,499.99978264555045,20.61976629519764,20.619766293977488,-5.917385647376497e-11,False,0.20787546506846866,270.07550149396525,702,12,True,True
p1e_g00_t0_b2_p0,p1e_g00,train,complete_factorial,500.0,80.0,2.0,3,16.656663618624556,distributed,partly_aligned,40.382832153998265,32.992263595634256,20.191416076999133,1.8129194991588473,0.18708050131401088,0.9064597495794237,0.09354025065700544,-2.364290985212847e-10,7.061092119530242e-11,338.83577233582497,336.25869984647926,323.38504776874566,21.42167501306256,207.58856248006254,1.4215040935581595,82.58864210089737,20.0001709195044,124.99992037916516,19.417886167912485,19.417886163321533,-2.3642901081850097e-10,True,0.029646062234462534,34.727077621989764,702,12,True,True
p1e_g00_t0_b2_p1,p1e_g00,train,complete_factorial,500.0,80.0,6.0,3,16.656663618624556,distributed,partly_aligned,121.14849644680925,98.9767907732755,20.191416074468208,5.438758496717428,0.5612415038657207,0.9064597494529046,0.09354025064428678,-9.719145858492577e-11,7.14573987334769e-11,416.50731699231795,408.77609952425604,370.15514329669764,21.421675013265645,207.58856248128222,1.4215040937611227,82.58864210211769,20.000170919504523,124.99992037916452,19.417886165386324,19.417886163499073,-9.719138469018735e-11,False,0.08893818669548637,104.18123285184141,702,12,True,True
p1e_g00_t0_b2_p2,p1e_g00,train,complete_factorial,500.0,80.0,10.0,3,16.656663618624556,distributed,partly_aligned,201.91416073962455,164.96131795090713,20.191416073962454,9.064597494275988,0.935402506417241,0.9064597494275988,0.0935402506417241,-6.932291407579783e-11,7.193694457729715e-11,494.1788616488102,481.29349920203254,416.9252388246259,21.42167501330623,207.5885624815674,1.4215040938016683,82.58864210240304,20.000170919504562,124.99992037916438,19.41788616488102,19.417886163534916,-6.932278236598083e-11,False,0.14823031115884078,173.6353880816878,702,12,True,True
p1e_g00_t0_b2_p3,p1e_g00,train,complete_factorial,500.0,80.0,14.0,3,16.656663618624556,distributed,partly_aligned,282.67982503244014,230.94584512853856,20.191416073745724,12.690436491834605,1.309563508968742,0.9064597494167576,0.09354025064062443,-5.738194046906691e-11,1.2815753059528343e-10,571.8504063053035,553.8108988798101,463.695334352552,21.42167501332361,207.58856248169351,1.4215040938190389,82.58864210252906,20.000170919504573,124.99992037916446,19.417886164664537,19.4178861635503,-5.738202302935638e-11,False,0.2075224356212857,243.0895433115346,702,12,True,True
p1e_g00_t0_b3_p0,p1e_g00,train,complete_factorial,500.0,200.0,2.0,3,16.656663618624556,distributed,partly_aligned,38.366777521807364,29.06911852123108,19.183388760903682,1.7139027476732984,0.2860972527969554,0.8569513738366492,0.1430486263984777,-2.3512691793570184e-10,7.032438848124455e-11,336.82822312319854,334.2783648159226,314.30484850781136,21.487930498503804,128.72623823946924,1.4877497050153456,78.72628763538715,20.00018079348846,49.99995060408209,18.41411156159927,18.414111557269617,-2.35126906124146e-10,True,0.029600529305753298,31.75197881441215,702,12,True,True
p1e_g00_t0_b3_p1,p1e_g00,train,complete_factorial,500.0,200.0,6.0,3,16.656663618624556,distributed,partly_aligned,115.10033255106305,87.20735555161085,19.183388758510507,5.141708242301582,0.858291758271577,0.8569513737169303,0.14304862637859617,-9.55264756186125e-11,7.077650909336538e-11,410.4846693552658,402.8350944334023,342.9145455174696,21.48793049871876,128.72623824066443,1.487749705230132,78.72628763658236,20.000180793488628,49.99995060408208,18.414111559210966,18.41411155745193,-9.552659407758426e-11,False,0.08880158791316717,95.2559364303052,702,12,True,True
p1e_g00_t0_b3_p2,p1e_g00,train,complete_factorial,500.0,200.0,10.0,3,16.656663618624556,distributed,partly_aligned,191.83388758033607,145.3455925820171,19.183388758033608,8.569513736930249,1.4304862637471025,0.8569513736930249,0.14304862637471025,-6.773515082159065e-11,7.161087286769739e-11,484.1411155873404,471.3918240508895,371.5242425271731,21.487930498761646,128.72623824082726,1.487749705272996,78.72628763674516,20.00018079348865,49.99995060408211,18.41411155873404,18.414111557486756,-6.773518025353764e-11,False,0.14800264652546957,158.75989404621376,702,12,True,True
p1e_g00_t0_b3_p3,p1e_g00,train,complete_factorial,500.0,200.0,14.0,3,16.656663618624556,distributed,partly_aligned,268.5674426095992,203.48382961241893,19.183388757828514,11.997319231558599,2.002680769222616,0.8569513736827571,0.143048626373044,-5.5801078043974226e-11,1.2775583473817734e-10,557.7975618194087,539.9485536683703,400.13393953687586,21.487930498780067,128.72623824089467,1.4877497052914153,78.7262876368126,20.000180793488653,49.99995060408205,18.41411155852919,18.414111557501663,-5.580103634420416e-11,False,0.20720370513436137,222.26385166211716,702,12,True,True
p1e_g00_t1_b0_p0,p1e_g00,train,complete_factorial,1000.0,1.0,2.0,3,16.656663618624556,distributed,partly_aligned,24.166418957712892,20.344233053255525,12.083209478856446,1.9979625439989959,0.002037456452095741,0.9989812719994979,0.0010187282260478705,-2.2554580338812746e-10,6.991243496005216e-11,322.60441869828804,319.97993407277977,320.37454960696937,11.313734967745924,11094.430349682807,1.313580493984272,1094.4376695879896,10.000154473761652,9999.992680094818,11.302209349144022,11.302209346594857,-2.2554567486294796e-10,False,0.02968245002114145,20.88724494117289,702,12,True,True
p1e_g00_t1_b0_p1,p1e_g00,train,complete_factorial,1000.0,1.0,6.0,3,16.656663618624556,distributed,partly_aligned,72.49925686471607,61.032699151543305,12.083209477452678,5.993887631156586,0.0061123693555010915,0.998981271859431,0.0010187282259168486,-8.534778641923942e-11,7.057843638124583e-11,367.8132560864647,359.93980220993586,361.1236488130469,11.313734967930891,11094.43034973553,1.313580494169122,1094.437669640699,10.00015447376177,9999.992680094832,11.30220934774412,11.302209346779502,-8.534763435866559e-11,True,0.08904735005836528,62.66173481525934,702,12,True,True
p1e_g00_t1_b0_p2,p1e_g00,train,complete_factorial,1000.0,1.0,10.0,3,16.656663618624556,distributed,partly_aligned,120.83209477171204,101.72116524981605,12.083209477171204,9.989812718314132,0.010187282258902124,0.9989812718314133,0.0010187282258902123,-5.7303443587453094e-11,7.092816741616628e-11,413.0220934746412,399.89967034709144,401.8727480190811,11.313734967967916,11094.43034975076,1.313580494206132,1094.4376696559395,10.000154473761784,9999.992680094821,11.302209347464123,11.302209346816467,-5.73034997867003e-11,False,0.14841225008899528,104.43622468933587,702,12,True,True
p1e_g00_t1_b0_p3,p1e_g00,train,complete_factorial,1000.0,1.0,14.0,3,16.656663618624556,distributed,partly_aligned,169.1649326787117,142.40963134807302,12.083209477050834,13.985737805471713,0.014262195162298479,0.9989812718194081,0.0010187282258784628,-4.528651610459709e-11,7.130911430470228e-11,458.23093086281796,439.8595384842475,442.62184722506856,11.313734967983773,11094.430349760943,1.3135804942219738,1094.4376696661225,10.0001544737618,9999.992680094821,11.30220934734414,11.302209346832303,-4.528651590303655e-11,False,0.20777715012479803,146.21071456340078,702,12,True,True
p1e_g00_t1_b1_p0,p1e_g00,train,complete_factorial,1000.0,20.0,2.0,3,16.656663618624556,distributed,partly_aligned,23.821626900785134,19.358611484535455,11.910813450392567,1.9646881516954888,0.035311848755133,0.9823440758477444,0.0176559243775665,-2.2531091228850109e-10,6.938712209226506e-11,322.26250104224073,319.6471901494881,317.6559093549602,11.331315365763574,630.4541344356718,1.3311582759307974,130.45455986245665,10.000157089832777,499.9995745732151,11.131250521120364,11.131250518612372,-2.2531089669689323e-10,False,0.02966684730824909,20.088661284250076,702,12,True,True
p1e_g00_t1_b1_p1,p1e_g00,train,complete_factorial,1000.0,20.0,6.0,3,16.656663618624556,distributed,partly_aligned,71.46488069408542,58.07583444560954,11.910813449014237,5.8940644542596825,0.10593554625087503,0.9823440757099471,0.017655924375145838,-8.509292344823412e-11,6.980542868397797e-11,366.787503118463,358.94157044019704,352.96772805761856,11.331315365951793,630.4541344441441,1.3311582761188938,130.45455987092998,10.000157089832898,499.99957457321403,11.131250519743835,11.131250518796644,-8.509293439957893e-11,True,0.08900054193048845,60.265983844695576,702,12,True,True
p1e_g00_t1_b1_p2,p1e_g00,train,complete_factorial,1000.0,20.0,10.0,3,16.656663618624556,distributed,partly_aligned,119.10813448737923,96.79305740668131,11.910813448737922,9.8234407568239,0.17655924374660625,0.9823440756823899,0.017655924374660625,-5.705055317051233e-11,7.088735165247866e-11,411.31250519468557,398.23595073090627,388.2795467602714,11.331315365989438,630.4541344458787,1.33115827615651,130.45455987266547,10.000157089832928,499.99957457321324,11.131250519468557,11.131250518833511,-5.7050714348586e-11,False,0.14833423655380784,100.44330640514004,702,12,True,True
p1e_g00_t1_b1_p3,p1e_g00,train,complete_factorial,1000.0,20.0,14.0,3,16.656663618624556,distributed,partly_aligned,166.75138828067128,135.51028036775404,11.910813448619377,13.75281705938791,0.24718294124234802,0.982344075670565,0.01765592437445343,-4.501842946044324e-11,7.123859705331274e-11,455.83750727090603,437.53033102161345,423.5913654629297,11.33131536600559,630.4541344465867,1.3311582761726468,130.4545598733731,10.000157089832943,499.99957457321364,11.13125051935043,11.13125051884932,-4.5018325975476576e-11,False,0.20766793117581983,140.62062896558416,702,12,True,True
p1e_g00_t1_b2_p0,p1e_g00,train,complete_factorial,1000.0,80.0,2.0,3,16.656663618624556,distributed,partly_aligned,23.15771481106907,17.4610162066152,11.578857405534535,1.9006257044943582,0.0993742959552878,0.9503128522471791,0.0496871479776439,-2.24822993555307e-10,6.940248103117213e-11,321.6041579152575,319.0065656768301,312.4217719882822,11.366866113707031,217.40187145555217,1.3667037293481283,92.40202246169126,10.000162384358903,124.99984899386091,10.802078957628737,10.802078955200182,-2.248229386487806e-10,False,0.029634990339957312,18.65228328879894,702,12,True,True
p1e_g00_t1_b2_p1,p1e_g00,train,complete_factorial,1000.0,80.0,6.0,3,16.656663618624556,distributed,partly_aligned,69.47314442519911,52.38304861260573,11.578857404199852,5.701877112682459,0.29812288782456475,0.9503128521137431,0.04968714797076079,-8.450388537066071e-11,7.05629350943107e-11,364.8124737377818,357.0196970224849,337.2653159596849,11.366866113901677,217.4018714588654,1.366703729542633,92.40202246500247,10.000162384359044,124.99984899386291,10.802078956296961,10.802078955384143,-8.4503943093966e-11,True,0.08890497102265726,55.95684985892668,702,12,True,True
p1e_g00_t1_b2_p2,p1e_g00,train,complete_factorial,1000.0,80.0,10.0,3,16.656663618624556,distributed,partly_aligned,115.78857403932341,87.30508101863413,11.578857403932341,9.503128520870536,0.4968714796946029,0.9503128520870536,0.04968714796946029,-5.651391576932951e-11,7.095942430476641e-11,408.02078956030584,395.03282836813935,362.1088599311824,11.36686611394061,217.40187145919452,1.366703729581543,92.402022465332,10.000162384359067,124.99984899386253,10.802078956030584,10.802078955420116,-5.651394726734488e-11,False,0.14817495170723305,93.26141642907464,702,12,True,True
p1e_g00_t1_b2_p3,p1e_g00,train,complete_factorial,1000.0,80.0,14.0,3,16.656663618624556,distributed,partly_aligned,162.10400365344958,122.22711342465809,11.578857403817826,13.304379929058719,0.6956200715645444,0.9503128520756228,0.04968714796889603,-4.45188013437863e-11,7.114292877656853e-11,451.22910538283105,433.04595971379496,386.95240390266775,11.36686611395729,217.4018714593674,1.366703729598208,92.4020224655051,10.000162384359083,124.99984899386233,10.802078955916503,10.802078955435608,-4.451877509181141e-11,False,0.207444932389933,130.56598299922112,702,12,True,True
p1e_g00_t1_b3_p0,p1e_g00,train,complete_factorial,1000.0,200.0,2.0,3,16.656663618624556,distributed,partly_aligned,22.571113855607734,15.784771189084038,11.285556927803867,1.844035998995332,0.15596400145473233,0.922017999497666,0.07798200072736616,-2.250322150842976e-10,6.95202217290312e-11,321.02252734520414,318.4406686210027,307.7981858558264,11.40028033978601,134.7908950085883,1.4001129726361488,84.79098616366325,10.000167367149862,49.99990884492506,10.51126367260207,10.511263670236694,-2.2503245325571313e-10,False,0.02960392814759416,17.51587611747095,702,12,True,True
p1e_g00_t1_b3_p1,p1e_g00,train,complete_factorial,1000.0,200.0,6.0,3,16.656663618624556,distributed,partly_aligned,67.71334155905873,47.35431356064524,11.28555692650979,5.532107996208584,0.46789200429681066,0.9220179993680974,0.0779820007161351,-8.423243584113986e-11,6.953788818078896e-11,363.0675820278604,355.32200585523464,323.39455756411013,11.400280339986782,134.79089501143307,1.400112972836787,84.79098616650734,10.000167367149997,49.99990884492573,10.511263671310067,10.511263670424675,-8.423262354608557e-11,True,0.08881178444846682,52.5476283453966,702,12,True,True
p1e_g00_t1_b3_p2,p1e_g00,train,complete_factorial,1000.0,200.0,10.0,3,16.656663618624556,distributed,partly_aligned,112.8555692625028,78.9238559322001,11.28555692625028,9.220179993421937,0.7798200071385876,0.9220179993421936,0.07798200071385876,-5.605241826245333e-11,7.110214458279547e-11,405.1126367105176,392.20334308946764,338.9909292723786,11.400280340026917,134.79089501205536,1.4001129728768869,84.79098616712979,10.00016736715003,49.99990884492558,10.511263671051761,10.511263670462581,-5.605227673605509e-11,False,0.1480196407504195,87.57938057332,702,12,True,True
p1e_g00_t1_b3_p3,p1e_g00,train,complete_factorial,1000.0,200.0,14.0,3,16.656663618624556,distributed,partly_aligned,157.9977969659476,110.49339830376961,11.285556926139114,12.908251990634955,1.0917480099810732,0.9220179993310682,0.0779820007129338,-4.400204010681006e-11,7.128251147339974e-11,447.15769139317166,429.0846803236973,354.5873009806824,11.400280340044167,134.79089501223163,1.400112972894122,84.7909861673062,10.000167367150045,49.99990884492544,10.511263670940833,10.511263670478318,-4.4001879681110025e-11,False,0.2072274970519743,122.61113280124799,702,12,True,True
p1e_g00_t2_b0_p0,p1e_g00,train,complete_factorial,1750.0,1.0,2.0,3,16.656663618624556,distributed,partly_aligned,15.603007250086876,11.803063633769213,7.801503625043438,1.9988122355064435,0.0011877649288772258,0.9994061177532217,0.0005938824644386129,-2.17660358378495e-10,6.916376642193913e-11,314.0421179299208,311.4220910045845,311.87763416915993,7.025231125005043,11822.303882296437,1.3107919187178851,1822.3166117616347,5.7144392062871585,9999.987270534803,7.021058964960389,7.021058963432182,-2.176604557788406e-10,False,0.029622162328905688,12.362476090098232,702,12,True,True
p1e_g00_t2_b0_p1,p1e_g00,train,complete_factorial,1750.0,1.0,6.0,3,16.656663618624556,distributed,partly_aligned,46.80902174547009,35.40919089677295,7.801503624245015,5.996436705683884,0.0035632947862246187,0.9994061176139807,0.0005938824643707698,-7.835141512732106e-11,7.021970829322558e-11,342.1263537849904,334.26627300898014,335.63290250340935,7.025231125188029,11822.303882307782,1.3107919189007466,1822.3166117729404,5.714439206287282,9999.98727053484,7.021058964165064,7.021058963614954,-7.835145416652476e-11,True,0.08886648699922262,37.08742826570369,702,12,True,True
p1e_g00_t2_b0_p2,p1e_g00,train,complete_factorial,1750.0,1.0,10.0,3,16.656663618624556,distributed,partly_aligned,78.01503624086695,59.015318159814605,7.801503624086695,9.994061175861182,0.005938824643583154,0.9994061175861182,0.0005938824643583155,-5.047650769585133e-11,7.04861092572252e-11,370.21058964005994,357.11045501337503,359.38817083777025,7.025231125224719,11822.303882287859,1.3107919189374058,1822.3166117530031,5.714439206287314,9999.987270534855,7.021058964005993,7.021058963651595,-5.047647232566132e-11,True,0.14811081166590156,61.81238044133839,702,12,True,True
p1e_g00_t2_b0_p3,p1e_g00,train,complete_factorial,1750.0,1.0,14.0,3,16.656663618624556,distributed,partly_aligned,109.22105073624698,82.62144542283104,7.801503624017641,13.991685646038473,0.008314354500934524,0.9994061175741766,0.000593882464352466,-3.852909942976744e-11,7.064422149141853e-11,398.2948254951293,379.95463701776976,383.1434391720593,7.025231125240436,11822.303882289489,1.3107919189531176,1822.3166117546502,5.714439206287318,9999.987270534839,7.021058963937809,7.021058963667293,-3.8529238308807074e-11,False,0.20735513632735092,86.53733261695594,702,12,True,True
p1e_g00_t2_b1_p0,p1e_g00,train,complete_factorial,1750.0,20.0,2.0,3,16.656663618624556,distributed,partly_aligned,15.484153464740132,11.30796693594574,7.742076732370066,1.9792704692519818,0.020729531183304565,0.9896352346259909,0.010364765591652282,-2.1764318298977958e-10,6.867960563447727e-11,313.92499393685887,311.31042376859193,310.3647503750611,7.035417419288577,671.7466889976736,1.3209766976693444,171.74742305147683,5.7144407216192326,499.9992659461968,6.962496968429434,6.9624969669140935,-2.1764328927491657e-10,False,0.02961125325981584,11.980983326876968,702,12,True,True
p1e_g00_t2_b1_p1,p1e_g00,train,complete_factorial,1750.0,20.0,6.0,3,16.656663618624556,distributed,partly_aligned,46.452460389471014,33.923900803251094,7.742076731578503,5.937811406928136,0.062188593541552366,0.9896352344880226,0.010364765590258727,-7.828132470947639e-11,6.952676147149406e-11,341.77498180585127,333.9312713010462,331.0942511210027,7.035417419473603,671.7466890120068,1.3209766978542243,171.74742306580822,5.714440721619379,499.99926594619853,6.962496967641878,6.962496967096845,-7.828130544505469e-11,True,0.08883375979286257,35.942949976031166,702,12,True,True
p1e_g00_t2_b1_p2,p1e_g00,train,complete_factorial,1750.0,20.0,10.0,3,16.656663618624556,distributed,partly_aligned,77.42076731421196,56.53983467055568,7.742076731421196,9.896352344604239,0.10364765589979219,0.9896352344604239,0.01036476558997922,-5.040309281056921e-11,7.024640996345839e-11,369.6249696748438,356.5521188335001,351.82375186694014,7.035417419510656,671.7466890149261,1.320976697891253,171.74742306872886,5.714440721619403,499.99926594619734,6.962496967484379,6.962496967133448,-5.040301512257182e-11,True,0.14805626632755775,59.904916625183965,702,12,True,True
p1e_g00_t2_b1_p3,p1e_g00,train,complete_factorial,1750.0,20.0,14.0,3,16.656663618624556,distributed,partly_aligned,108.38907423895375,79.15576853785878,7.74207673135384,13.85489328228032,0.14510671825802607,0.9896352344485944,0.010364765589859005,-3.845333178859838e-11,7.00912059089156e-11,397.47495754383647,379.172966365954,372.5532526128746,7.035417419526559,671.746689016206,1.3209766979071407,171.74742307000955,5.714440721619418,499.99926594619654,6.96249696741689,6.962496967149159,-3.84533904874813e-11,False,0.2072787728577623,83.86688327433609,702,12,True,True
p1e_g00_t2_b2_p0,p1e_g00,train,complete_factorial,1750.0,80.0,2.0,3,16.656663618624556,distributed,partly_aligned,15.250501595904325,10.335000367979069,7.625250797952162,1.9408668900639736,0.05913311037173481,0.9704334450319868,0.029566555185867406,-2.1785421383535564e-10,6.939946095961861e-11,313.6947720502235,311.09097474402347,307.39162362577326,7.0560078696443185,231.59228331018912,1.341564081251444,106.59253986178082,5.714443788392875,124.9997434484083,6.847386025111746,6.847386023620014,-2.178542389359776e-10,False,0.029588174468813122,11.291011784173872,702,12,True,True
p1e_g00_t2_b2_p1,p1e_g00,train,complete_factorial,1750.0,80.0,6.0,3,16.656663618624556,distributed,partly_aligned,45.751504783055,31.00500109963711,7.625250797175833,5.822600669379462,0.17739933108917766,0.9704334448965769,0.02956655518152961,-7.810654900630709e-11,6.986896285247816e-11,341.084316146037,333.2729242274285,322.17487087406613,7.056007869833107,231.5922833180478,1.3415640814400844,106.5925398696413,5.714443788393022,124.99974344840649,6.8473860243394995,6.847386023804674,-7.810652346830655e-11,True,0.08876452341718277,33.87303534814848,702,12,True,True
p1e_g00_t2_b2_p2,p1e_g00,train,complete_factorial,1750.0,80.0,10.0,3,16.656663618624556,distributed,partly_aligned,76.25250797021721,51.67500183130843,7.625250797021721,9.704334448694807,0.2956655518069164,0.9704334448694807,0.02956655518069164,-5.0172327403785746e-11,7.018290500559458e-11,368.4738602418503,355.4548737108327,336.95811812239646,7.056007869870945,231.592283319387,1.3415640814778969,106.59253987097925,5.714443788393048,124.99974344840774,6.8473860241850275,6.847386023841478,-5.017231216166711e-11,True,0.14794087236913356,56.45505891212903,702,12,True,True
p1e_g00_t2_b2_p3,p1e_g00,train,complete_factorial,1750.0,80.0,14.0,3,16.656663618624556,distributed,partly_aligned,106.75351115737521,72.34500256298902,7.625250796955372,13.586068228010241,0.4139317725248364,0.9704334448578743,0.02956655518034546,-3.82198122356974e-11,7.049658986382503e-11,395.8634043376641,377.6368231942375,351.74136537074946,7.056007869887157,231.59228331986088,1.3415640814940932,106.59253987145256,5.714443788393064,124.99974344840831,6.847386024118866,6.84738602385716,-3.821987125231737e-11,False,0.20711722131574106,79.03708247611509,702,12,True,True
p1e_g00_t2_b3_p0,p1e_g00,train,complete_factorial,1750.0,200.0,2.0,3,16.656663618624556,distributed,partly_aligned,15.038617022667722,9.453164922682664,7.519308511333861,1.9060603114345216,0.09393968900029345,0.9530301557172608,0.046969844500146726,-2.174075225402916e-10,6.917333419639889e-11,313.48604151707946,310.89208000817354,304.6969701068447,7.075348789425092,143.56063619752166,1.3609021148725755,93.56078888240015,5.714446674552517,49.99984731512153,6.743020758539728,6.743020757073745,-2.174075731500396e-10,False,0.029564576373843465,10.744623733836287,702,12,True,True
p1e_g00_t2_b3_p1,p1e_g00,train,complete_factorial,1750.0,200.0,6.0,3,16.656663618624556,distributed,partly_aligned,45.11585106342636,28.359494764258326,7.519308510571061,5.718180933504906,0.2818190669650506,0.9530301555841509,0.0469698444941751,-7.832604009827548e-11,6.965538108486706e-11,340.45812454668754,332.67624001995733,314.09091031874215,7.075348789617455,143.56063619962555,1.36090211506483,93.56078888450543,5.714446674552625,49.999847315120135,6.743020757781257,6.7430207572531025,-7.832608382330492e-11,True,0.08869372912482731,32.23387119744244,702,12,True,True
p1e_g00_t2_b3_p2,p1e_g00,train,complete_factorial,1750.0,200.0,10.0,3,16.656663618624556,distributed,partly_aligned,75.19308510419768,47.26582460577538,7.519308510419767,9.530301555575342,0.4696984449273502,0.9530301555575342,0.046969844492735016,-5.0269205464914535e-11,7.00764805519358e-11,367.43020757629654,354.4604000317415,323.4848505305169,7.075348789655984,143.56063620079942,1.360902115103333,93.56078888567923,5.714446674552652,49.99984731512018,6.743020757629654,6.7430207572906875,-5.0269189527209846e-11,True,0.1478228818818934,53.72311866102359,702,12,True,True
p1e_g00_t2_b3_p3,p1e_g00,train,complete_factorial,1750.0,200.0,14.0,3,16.656663618624556,distributed,partly_aligned,105.27031914496519,66.17215444728211,7.519308510354656,13.342422177645737,0.6575778228892355,0.9530301555461241,0.04696984449208825,-3.8212338055692334e-11,7.02307184050915e-11,394.4022906059054,376.24456004352544,332.87879074227095,7.07534878967251,143.56063620139275,1.3609021151198428,93.56078888627253,5.714446674552667,49.999847315120235,6.743020757564673,6.743020757307006,-3.821236595110288e-11,False,0.20695203463492362,75.21236612460075,702,12,True,True
p1e_g00_t3_b0_p0,p1e_g00,train,complete_factorial,2500.0,1.0,2.0,3,16.656663618624556,distributed,partly_aligned,12.17226672255822,8.38456138712197,6.08613336127911,1.999152314512786,0.0008476859258209743,0.999576157256393,0.00042384296291048714,-2.1930352575149498e-10,5.953629036148138e-11,310.6124933218445,307.9969142476313,308.476843934999,5.308496628697791,12519.369495920828,1.308344069246492,2519.3875724398135,4.000152559451299,9999.981923481013,5.306246660922255,5.3062466597585765,-2.1930358789445616e-10,False,0.029562702118653306,8.961231387927512,702,12,True,True
p1e_g00_t3_b0_p1,p1e_g00,train,complete_factorial,2500.0,1.0,6.0,3,16.656663618624556,distributed,partly_aligned,36.51680016423313,25.153684158260194,6.086133360705522,5.997456942686043,0.002543057777210625,0.9995761571143404,0.0004238429628684375,-7.720888417899845e-11,5.976597782576424e-11,331.8374799621274,323.99074273948537,325.4305318024738,5.30849662888427,12519.369495823503,1.3083440694328319,2519.387572342586,4.000152559451438,9999.981923480917,5.30624666035457,5.30624665994488,-7.720901154408468e-11,True,0.08868810634470492,26.883694160596555,702,12,True,True
p1e_g00_t3_b0_p2,p1e_g00,train,complete_factorial,2500.0,1.0,10.0,3,16.656663618624556,distributed,partly_aligned,60.86133360591572,41.92280692942536,6.086133360591572,9.995761570859566,0.004238429628607882,0.9995761570859566,0.0004238429628607882,-4.881736187165031e-11,5.945702262880231e-11,353.0624666024106,339.9845712313405,342.38421967002483,5.308496628921453,12519.369495781637,1.3083440694699855,2519.3875723007013,4.000152559451467,9999.981923480935,5.306246660241061,5.306246659982024,-4.881724588267706e-11,True,0.1478135105806473,44.80615693328629,702,12,True,True
p1e_g00_t3_b0_p3,p1e_g00,train,complete_factorial,2500.0,1.0,14.0,3,16.656663618624556,distributed,partly_aligned,85.20586704760638,58.69192970059135,6.086133360543313,13.994066199032806,0.00593380148000546,0.9995761570737719,0.0004238429628575328,-3.662941515083665e-11,5.862989759387045e-11,374.28745324269323,355.97839972319457,359.3379075375791,5.308496628937455,12519.369495762921,1.3083440694859714,2519.387572281973,4.000152559451483,9999.98192348095,5.3062466601923735,5.306246659998009,-3.6629379846437517e-11,False,0.20693891481789706,62.72861970597783,702,12,True,True
p1e_g00_t3_b1_p0,p1e_g00,train,complete_factorial,2500.0,20.0,2.0,3,16.656663618624556,distributed,partly_aligned,12.111095391930746,8.054147498432034,6.055547695965373,1.9851641872146484,0.014835813224098299,0.9925820936073242,0.007417906612049149,-2.1937333893884414e-10,5.901039956442309e-11,310.5525884018559,307.9409617381898,307.4178912033841,5.315725757002545,711.2915377442885,1.3155721226920079,211.29257635705704,4.000153634310537,499.99896138723136,5.276294200927964,5.2762941997704855,-2.1937339226492166e-10,False,0.029553703343935922,8.714804866219191,702,12,True,True
p1e_g00_t3_b1_p1,p1e_g00,train,complete_factorial,2500.0,20.0,6.0,3,16.656663618624556,distributed,partly_aligned,36.33328617238021,24.162442492007145,6.055547695396702,5.955492560796861,0.04450743966628136,0.9925820934661435,0.007417906611046893,-7.719038602749251e-11,5.933013709782991e-11,331.65776520218554,323.82288521118164,322.25367360714597,5.3157257571907115,711.2915377644005,1.3155721228800552,211.29257637715955,4.0001536343106565,499.99896138724097,5.276294200364258,5.276294199956978,-7.719045374609577e-11,True,0.08866111003550259,26.14441459537891,702,12,True,True
p1e_g00_t3_b1_p2,p1e_g00,train,complete_factorial,2500.0,20.0,10.0,3,16.656663618624556,distributed,partly_aligned,60.55547695283286,40.27073748558021,6.055547695283286,9.925820934379313,0.07417906610845121,0.9925820934379314,0.007417906610845121,-4.877645509715478e-11,5.914787863959199e-11,352.76294200251516,339.7048086841745,337.0894560109011,5.315725757228217,711.2915377685496,1.3155721229175297,211.29257638130886,4.000153634310687,499.99896138724074,5.276294200251516,5.276294199994157,-4.877638909521767e-11,True,0.14776851673553892,43.57402432453576,702,12,True,True
p1e_g00_t3_b1_p3,p1e_g00,train,complete_factorial,2500.0,20.0,14.0,3,16.656663618624556,distributed,partly_aligned,84.77766773328545,56.37903247915327,6.055547695234675,13.896149307961766,0.10385069255061674,0.9925820934258404,0.007417906610758339,-3.659874784186659e-11,5.807255136614173e-11,373.86811880284495,355.58673215716743,351.925238414654,5.315725757244302,711.291537770359,1.3155721229335984,211.29257638311836,4.0001536343107045,499.9989613872406,5.2762942002032105,5.2762942000101045,-3.659878852982166e-11,False,0.2068759234339268,61.003634053692316,702,12,True,True
p1e_g00_t3_b2_p0,p1e_g00,train,complete_factorial,2500.0,80.0,2.0,3,16.656663618624556,distributed,partly_aligned,11.989800424473174,7.399381651795411,5.994900212236587,1.9574445654811274,0.042555434959404996,0.9787222827405637,0.021277717479702498,-2.2026621845916416e-10,5.91275047806991e-11,310.43383170774234,307.83008325062826,305.319414036289,5.330333176090621,245.18211875158863,1.3301773664655963,120.18247907305252,4.000155809625024,124.99963967853613,5.216915853871171,5.21691585272206,-2.2026635290669257e-10,False,0.029534306411790112,8.269124844837178,702,12,True,True
p1e_g00_t3_b2_p1,p1e_g00,train,complete_factorial,2500.0,80.0,6.0,3,16.656663618624556,distributed,partly_aligned,35.96940127005047,22.19814495212422,5.994900211675078,5.872333695607396,0.12766630485616065,0.9787222826012326,0.021277717476026775,-7.725943033480102e-11,5.947905158648536e-11,331.301495119892,323.4902497485413,315.9582421061086,5.330333176281529,245.182118767821,1.3301773666564027,120.18247908929742,4.000155809625127,124.9996396785236,5.216915853315338,5.216915852912281,-7.72594893939482e-11,True,0.08860291922059105,24.80737453129398,702,12,True,True
p1e_g00_t3_b2_p2,p1e_g00,train,complete_factorial,2500.0,80.0,10.0,3,16.656663618624556,distributed,partly_aligned,59.94900211563123,36.99690825247625,5.994900211563123,9.787222825733886,0.21277717475336325,0.9787222825733887,0.021277717475336324,-4.872497127994535e-11,5.927499879189231e-11,352.16915853204193,339.15041624645545,326.59707017598464,5.330333176319614,245.18211877055353,1.3301773666944468,120.18247909203001,4.000155809625167,124.99963967852354,5.216915853204194,5.21691585295,-4.872495672453535e-11,True,0.14767153204167016,41.34562421776075,702,12,True,True
p1e_g00_t3_b2_p3,p1e_g00,train,complete_factorial,2500.0,80.0,14.0,3,16.656663618624556,distributed,partly_aligned,83.92860296121296,51.7956715528326,5.994900211515211,13.7021119558603,0.2978880446506661,0.97872228256145,0.02127771747504758,-3.6497558943336477e-11,5.842206011383562e-11,373.0368219441917,354.8105827443692,337.2358982458733,5.330333176335953,245.18211877164154,1.3301773667107755,120.18247909311773,4.000155809625178,124.9996396785238,5.216915853156548,5.216915852966144,-3.6497452184594484e-11,False,0.20674014486320402,57.8838739042291,702,12,True,True
p1e_g00_t3_b3_p0,p1e_g00,train,complete_factorial,2500.0,200.0,2.0,3,16.656663618624556,distributed,partly_aligned,11.878587633165296,6.7996360935477345,5.939293816582648,1.9320542368775004,0.06794576355871206,0.9660271184387502,0.03397288177935603,-2.1810624833973336e-10,5.917384853155407e-11,310.3249866759684,307.7285219354015,303.39727370975,5.344045979089675,151.95924124167854,1.3438881222936976,101.95945417895179,4.000157856795977,49.99978706272675,5.162493337984188,5.1624933368582155,-2.1810627746067764e-10,False,0.029513963225895168,7.917395464983415,702,12,True,True
p1e_g00_t3_b3_p1,p1e_g00,train,complete_factorial,2500.0,200.0,6.0,3,16.656663618624556,distributed,partly_aligned,35.635762896184815,20.39890827806561,5.939293816030802,5.796162709806679,0.20383729065720585,0.9660271183011132,0.033972881776200975,-7.731414582619796e-11,5.938701692424203e-11,330.97496002461315,323.18556580290186,310.19182112830293,5.3440459792831225,151.95924123964096,1.3438881224870054,101.95945417691665,4.000157856796117,49.9997870627243,5.162493337435525,5.162493337036391,-7.731420324412681e-11,True,0.08854188968018661,23.752186392092085,702,12,True,True
p1e_g00_t3_b3_p2,p1e_g00,train,complete_factorial,2500.0,200.0,10.0,3,16.656663618624556,distributed,partly_aligned,59.39293815920337,33.99818046252299,5.939293815920337,9.660271182736125,0.33972881775310343,0.9660271182736124,0.03397288177531034,-4.8922815798491114e-11,5.89028407299413e-11,351.6249333732582,338.6426096704034,316.9863685467263,5.344045979321694,151.95924124039556,1.3438881225255415,101.95945417767112,4.000157856796153,49.999787062724415,5.162493337325822,5.162493337073258,-4.892290900535972e-11,True,0.14756981614112874,39.58697731917455,702,12,True,True
p1e_g00_t3_b3_p3,p1e_g00,train,complete_factorial,2500.0,200.0,14.0,3,16.656663618624556,distributed,partly_aligned,83.1501134222217,47.59745264695561,5.939293815872978,13.524379655665502,0.4756203448479849,0.9660271182618215,0.033972881774856065,-3.667763711793068e-11,5.811464191504034e-11,372.27490672190305,354.09965353790454,323.7809159650988,5.344045979338235,151.95924124104312,1.343888122542072,101.95945417831867,4.000157856796163,49.999787062724444,5.162493337278789,5.162493337089441,-3.6677643996809144e-11,False,0.20659774260258246,55.42176824624644,702,12,True,True
p1e_g01_t0_b0_p0,p1e_g01,train,complete_factorial,500.0,1.0,2.0,4,19.38443925983105,clustered,offset,42.90727678068828,40.262375550056994,21.45363839034414,1.9959803339006883,0.004019666578152691,0.9979901669503441,0.0020098332890763457,-2.3942049428085643e-10,7.000653940710061e-11,342.04060317141193,339.91626562733086,340.19284255171954,21.062633963558728,10458.728940332268,1.0643078531387828,459.6800714106903,19.998326110419946,9999.048868921578,21.020301585705965,21.020301580673273,-2.394205651357763e-10,True,0.045936326367325364,40.67241312826506,528,10,True,True
p1e_g01_t0_b0_p1,p1e_g01,train,complete_factorial,500.0,1.0,6.0,4,19.38443925983105,clustered,offset,128.72183032536395,120.7871266335239,21.45363838756066,5.987941000867314,0.012058999732805407,0.9979901668112191,0.002009833288800901,-1.0001996800235169e-10,7.061753480474291e-11,426.121809497525,419.7487968652982,420.5785276386315,21.062633963704233,10458.72894037987,1.0643078532844188,459.68007145845854,19.998326110419814,9999.04886892141,21.020301582920837,21.020301580818387,-1.000199622038044e-10,False,0.13780897909981604,122.01723936813121,528,10,True,True
p1e_g01_t0_b0_p2,p1e_g01,train,complete_factorial,500.0,1.0,10.0,4,19.38443925983105,clustered,offset,214.53638387005287,201.31187771699567,21.453638387005288,9.97990166783434,0.020098332887458114,0.9979901667834341,0.0020098332887458115,-7.217987423036032e-11,7.095478055296148e-11,510.2030158236459,499.5813281032734,500.9642127255432,21.06263396373327,10458.728940389781,1.064307853313492,459.680071468414,19.99832611041978,9999.048868921367,21.02030158236459,21.02030158084735,-7.217972878704343e-11,False,0.2296816318354331,203.36206560800332,528,10,True,True
p1e_g01_t0_b0_p3,p1e_g01,train,complete_factorial,500.0,1.0,14.0,4,19.38443925983105,clustered,offset,300.3509374147304,281.8366288004586,21.45363838676646,13.9718623348009,0.028137666042110092,0.9979901667714929,0.0020098332887221494,-6.021498329717672e-11,1.3099426274157667e-10,594.2842221497574,579.4138593412395,581.3498978124479,21.06263396374575,10458.728940393967,1.0643078533259713,459.6800714726057,19.998326110419775,9999.048868921362,21.02030158212553,21.02030158085979,-6.021509768809799e-11,False,0.32155428457008384,284.7068918478665,528,10,True,True
p1e_g01_t0_b1_p0,p1e_g01,train,complete_factorial,500.0,20.0,2.0,4,19.38443925983105,clustered,offset,41.5936750188211,37.70535002346944,20.79683750941055,1.9314432453384693,0.06855675513850362,0.9657216226692347,0.03427837756925181,-2.384864805637932e-10,6.97999703918767e-11,340.7316046541121,338.6255239044858,334.2747727397527,21.08868834350566,594.1297042402751,1.090418139238271,94.18228592229683,19.99827020426739,499.9474183179783,20.36580232705606,20.36580232219909,-2.384864628947539e-10,True,0.045797730672859416,38.50485504282832,528,10,True,True
p1e_g01_t0_b1_p1,p1e_g01,train,complete_factorial,500.0,20.0,6.0,4,19.38443925983105,clustered,offset,124.7810250402976,113.11605005476522,20.79683750671627,5.794329735207268,0.20567026538704958,0.9657216225345446,0.034278377564508265,-9.905289551544645e-11,7.032944325303526e-11,422.19481394616554,415.8765716972952,402.8243182050286,21.088688343656116,594.1297042438676,1.0904181393888712,94.18228592589082,19.998270204267246,499.9474183179768,20.365802324360924,20.36580232234363,-9.905304704131981e-11,False,0.13739319201846456,115.51456511268537,528,10,True,True
p1e_g01_t0_b1_p2,p1e_g01,train,complete_factorial,500.0,20.0,10.0,4,19.38443925983105,clustered,offset,207.96837506178787,188.52675008607426,20.796837506178786,9.65721622507644,0.34278377563564627,0.9657216225076439,0.034278377563564624,-7.120855571862706e-11,7.049686906120286e-11,503.6580232382262,493.12761949011207,471.3738636703295,21.08868834368614,594.1297042445193,1.0904181394189256,94.18228592654377,19.998270204267214,499.9474183179755,20.365802323822617,20.3658023223724,-7.12084749045213e-11,False,0.2289886533658887,192.52427518255325,528,10,True,True
p1e_g01_t0_b1_p3,p1e_g01,train,complete_factorial,500.0,20.0,14.0,4,19.38443925983105,clustered,offset,291.15572508326954,263.9374501173757,20.796837505947824,13.520102714945182,0.4798972858842317,0.9657216224960844,0.03427837756315941,-5.924382016710337e-11,1.310890738237475e-10,585.1212325302781,570.3786672829204,539.9234091356245,21.088688343699033,594.1297042447944,1.0904181394318238,94.18228592682001,19.99827020426721,499.9474183179744,20.365802323591293,20.365802322384745,-5.924381133763812e-11,False,0.3205841147141655,269.53398525241323,528,10,True,True
p1e_g01_t0_b2_p0,p1e_g01,train,complete_factorial,500.0,80.0,2.0,4,19.38443925983105,clustered,offset,39.17892199897983,33.004883772721655,19.589460999489916,1.8128075870118092,0.1871924134613237,0.9064037935059046,0.09359620673066185,-2.3656646086500643e-10,6.937000464917934e-11,338.3253200094859,336.2528108602996,323.39599827628155,21.141416377598286,204.73757082791383,1.1432593089499332,79.75388242050168,19.998157068648354,124.98368840741215,19.162660004742946,19.162660000209705,-2.3656639196986977e-10,True,0.045542961467447185,34.70562839420077,528,10,True,True
p1e_g01_t0_b2_p1,p1e_g01,train,complete_factorial,500.0,80.0,6.0,4,19.38443925983105,clustered,offset,117.53676598178089,99.0146513045071,19.58946099696348,5.438422760276468,0.5615772403070104,0.9064037933794112,0.09359620671783507,-9.72463406097764e-11,7.043221263712812e-11,414.9759600132843,408.75843256572,370.18799481922474,21.141416377758645,204.73757082895264,1.1432593091104635,79.75388242154237,19.998157068648183,124.98368840741026,19.16266000221405,19.16266000035055,-9.724648629220783e-11,False,0.13662888440694587,104.11688516840422,528,10,True,True
p1e_g01_t0_b2_p2,p1e_g01,train,complete_factorial,500.0,80.0,10.0,4,19.38443925983105,clustered,offset,195.89460996458592,165.02441883628924,19.58946099645859,9.064037933540982,0.9359620671526583,0.9064037933540983,0.09359620671526583,-6.936404783886019e-11,7.074771483545882e-11,491.62660001707957,481.2640542711377,416.9799913621628,21.14141637779071,204.73757082916555,1.1432593091425436,79.75388242175595,19.998157068648165,124.9836884074096,19.162660001707955,19.162660000378757,-6.936396537919232e-11,False,0.2277148073486046,173.52814194260444,528,10,True,True
p1e_g01_t0_b2_p3,p1e_g01,train,complete_factorial,500.0,80.0,14.0,4,19.38443925983105,clustered,offset,274.25245394738977,231.0341863680722,19.589460996242128,12.689653106805576,1.3103468939983065,0.9064037933432554,0.09359620671416476,-5.742016386177186e-11,1.3080870202016074e-10,568.2772400208762,553.7696759765568,463.771987905101,21.141416377804426,204.73757082925778,1.1432593091562853,79.7538824218484,19.99815706864814,124.98368840740937,19.162660001491158,19.162660000390833,-5.7420272771650475e-11,False,0.31880073028764855,242.93939871680575,528,10,True,True
p1e_g01_t0_b3_p0,p1e_g01,train,complete_factorial,500.0,200.0,2.0,4,19.38443925983105,clustered,offset,37.16226429874814,29.07939186052533,18.58113214937407,1.7137316033926624,0.2862683970776248,0.8568658016963312,0.1431341985388124,-2.3514359903664683e-10,6.927786258522095e-11,336.31574509754523,334.27129134724515,314.31108280212203,21.191034246932954,126.8590786418447,1.192983630722972,76.8672424901181,19.998050616209984,49.9918361517266,18.157872548772616,18.157872544502908,-2.351436343179925e-10,True,0.04533033592349511,31.76882339451237,528,10,True,True
p1e_g01_t0_b3_p1,p1e_g01,train,complete_factorial,500.0,200.0,6.0,4,19.38443925983105,clustered,offset,111.48679288191767,87.23817556952395,18.581132146986278,5.1411948094597175,0.8588051911148783,0.8568658015766196,0.14313419851914638,-9.576596922874121e-11,7.012645390072182e-11,408.94723527828745,402.81387402737084,342.9332484004662,21.19103424710269,126.85907864256738,1.1929836308928266,76.86724249084199,19.998050616209863,49.99183615172538,18.157872546381242,18.157872544642338,-9.576585182854414e-11,False,0.1359910077816835,95.30647017054547,528,10,True,True
p1e_g01_t0_b3_p2,p1e_g01,train,complete_factorial,500.0,200.0,10.0,4,19.38443925983105,clustered,offset,185.81132146508622,145.3969592785214,18.581132146508622,8.568658015526756,1.4313419851520681,0.8568658015526756,0.1431341985152068,-6.788241080357693e-11,7.05742308606679e-11,481.5787254590291,471.35645670749614,371.5554139988071,21.19103424713661,126.85907864271715,1.1929836309267798,76.86724249099206,19.99805061620983,49.991836151725096,18.15787254590291,18.15787254467031,-6.788239078609673e-11,False,0.22665167963515387,158.8441169465777,528,10,True,True
p1e_g01_t0_b3_p3,p1e_g01,train,complete_factorial,500.0,200.0,14.0,4,19.38443925983105,clustered,offset,260.13585004826155,203.55574298752114,18.581132146304395,11.996121221593919,2.0038787791892796,0.8568658015424228,0.14313419851351997,-5.5942742501916396e-11,1.3090983821327915e-10,554.2102156397732,539.8990393876238,400.1775795971492,21.19103424715113,126.8590786427812,1.1929836309413235,76.86724249105619,19.998050616209806,49.991836151725,18.157872545698087,18.157872544682284,-5.594281767465852e-11,False,0.3173123514922054,222.38176372261233,528,10,True,True
p1e_g01_t1_b0_p0,p1e_g01,train,complete_factorial,1000.0,1.0,2.0,4,19.38443925983105,clustered,offset,22.967511111878196,20.36121605016645,11.483755555939098,1.9979601384757513,0.0020398619754577983,0.9989800692378756,0.0010199309877288992,-2.256045333187684e-10,6.89530191380351e-11,322.10078260410387,319.97627180693416,320.3947977406685,11.061673443077103,10834.450011817038,1.0633399316917802,836.3236748175191,9.998333511385322,9998.12633699952,11.050391302051935,11.050391299558916,-2.2560460135100904e-10,False,0.04593920636983739,20.768629069666638,528,10,True,True
p1e_g01_t1_b0_p1,p1e_g01,train,complete_factorial,1000.0,1.0,6.0,4,19.38443925983105,clustered,offset,68.90253332720056,61.08364814213916,11.483755554533426,5.99388041458685,0.0061195859255479615,0.9989800690978083,0.001019930987591327,-8.539966997456183e-11,6.96429103196362e-11,366.30234780389065,359.9288154123992,361.18439321375206,11.061673443223139,10834.450011902365,1.0633399318379222,836.3236749029423,9.998333511385216,9998.126336999423,11.050391300648442,11.050391299704742,-8.539971150316121e-11,True,0.13781761910911428,62.30588720062716,528,10,True,True
p1e_g01_t1_b0_p2,p1e_g01,train,complete_factorial,1000.0,1.0,10.0,4,19.38443925983105,clustered,offset,114.83755554251684,101.8060802341192,11.483755554251683,9.989800690697795,0.010199309875640043,0.9989800690697794,0.0010199309875640044,-5.734347927055516e-11,7.028916794516045e-11,410.50391300367664,399.88135901786285,401.9739886868541,11.061673443252436,10834.450011917314,1.0633399318672294,836.3236749179804,9.998333511385207,9998.126336999334,11.050391300367664,11.050391299733995,-5.73435908244382e-11,False,0.22969603184645848,103.84314533159217,528,10,True,True
p1e_g01_t1_b0_p3,p1e_g01,train,complete_factorial,1000.0,1.0,14.0,4,19.38443925983105,clustered,offset,160.772577757843,142.52851232609493,11.483755554131644,13.985720966808977,0.01427903382573061,0.998980069057784,0.0010199309875521866,-4.5336228199156976e-11,7.03683157116171e-11,454.7054782034646,439.83390262332864,442.76358415994105,11.061673443264947,10834.45001192501,1.0633399318797596,836.3236749257122,9.998333511385187,9998.126336999298,11.050391300247473,11.05039129974649,-4.5336165307662395e-11,False,0.3215744445843711,145.38040346255488,528,10,True,True
p1e_g01_t1_b1_p0,p1e_g01,train,complete_factorial,1000.0,20.0,2.0,4,19.38443925983105,clustered,offset,22.622561298546145,19.374430807125055,11.311280649273073,1.964646460754638,0.03535353969619703,0.982323230377319,0.017676769848098513,-2.2541745900439558e-10,6.860993209532195e-11,321.7582141408337,319.6431350779471,317.67316616570776,11.074875085910445,615.4465529564554,1.0765698079206438,115.54848567441593,9.998305277989802,499.8980672820395,10.879107070416836,10.879107067964497,-2.2541728476609407e-10,False,0.045867490506054764,19.985817944581974,528,10,True,True
p1e_g01_t1_b1_p1,p1e_g01,train,complete_factorial,1000.0,20.0,6.0,4,19.38443925983105,clustered,offset,67.86768388734703,58.123292413351216,11.311280647891172,5.893939381437056,0.10606061907393195,0.9823232302395093,0.017676769845655325,-8.516461841301393e-11,6.919074131192175e-11,365.2746424142202,358.9294052255733,353.0194984897927,11.07487508605916,615.4465529634427,1.076569808069486,115.54848568142691,9.998305277989674,499.8980672820158,10.879107069036698,10.879107068110184,-8.516452414446742e-11,True,0.13760247151418525,59.95745382565253,528,10,True,True
p1e_g01_t1_b1_p2,p1e_g01,train,complete_factorial,1000.0,20.0,10.0,4,19.38443925983105,clustered,offset,113.11280647615973,96.87215401957037,11.311280647615973,9.823232302119573,0.17676769845161866,0.9823232302119573,0.017676769845161866,-5.7119153851203916e-11,6.966747303918817e-11,408.7910706876072,398.2156753732005,388.3658308138546,11.074875086088843,615.4465529650109,1.0765698080991974,115.54848568299376,9.998305277989646,499.89806728201717,10.879107068760721,10.879107068139316,-5.711913171103501e-11,False,0.22933745252947801,99.9290897067192,528,10,True,True
p1e_g01_t1_b1_p3,p1e_g01,train,complete_factorial,1000.0,20.0,14.0,4,19.38443925983105,clustered,offset,158.35792906496374,135.62101562579073,11.31128064749741,13.752525222802255,0.24747477782930266,0.9823232302001611,0.01767676984495019,-4.511127582595975e-11,6.952481058992705e-11,452.30749896099627,437.50194552082934,423.71216313791524,11.07487508610158,615.4465529656981,1.0765698081119468,115.54848568367984,9.998305277989633,499.8980672820182,10.879107068642591,10.879107068151821,-4.511124747059744e-11,False,0.3210724335381201,139.90072558778724,528,10,True,True
p1e_g01_t1_b2_p0,p1e_g01,train,complete_factorial,1000.0,80.0,2.0,4,19.38443925983105,clustered,offset,21.958422083568507,17.474595132959262,10.979211041784254,1.900508378212943,0.09949162223675911,0.9502541891064715,0.04974581111837956,-2.2485108219783e-10,6.843257902800058e-11,321.0986651725109,319.00175437443386,312.43340034643575,11.10159019259366,212.06474171566558,1.1033420436950498,87.09542201909734,9.998248148898611,124.96931969656823,10.549332586255446,10.549332583883416,-2.2485116137813052e-10,False,0.04572945720434518,18.57687879919562,528,10,True,True
p1e_g01_t1_b2_p1,p1e_g01,train,complete_factorial,1000.0,80.0,6.0,4,19.38443925983105,clustered,offset,65.87526624268008,52.4237853916613,10.97921104044668,5.701525133838381,0.2984748666693967,0.9502541889730636,0.04974581111156612,-8.462969214306781e-11,6.93273801794642e-11,363.29599550952315,357.0052631152977,337.30020103419827,11.10159019274743,212.06474171787622,1.103342043848963,87.09542202130848,9.998248148898467,124.96931969656774,10.549332584920526,10.549332584027738,-8.46298150628545e-11,True,0.1371883716065554,55.73063639009388,528,10,True,True
p1e_g01_t1_b2_p2,p1e_g01,train,complete_factorial,1000.0,80.0,10.0,4,19.38443925983105,clustered,offset,109.79211040180462,87.3729756503663,10.979211040180463,9.50254188946378,0.49745811110211197,0.950254188946378,0.049745811110211195,-5.6589183339283976e-11,6.969771994039302e-11,405.4933258465346,395.0087718561611,362.1670017219708,11.101590192778147,212.06474171828364,1.1033420438797084,87.0954220217154,9.998248148898439,124.96931969656823,10.549332584653461,10.549332584056483,-5.658921660398226e-11,False,0.22864728601501838,92.88439398099342,528,10,True,True
p1e_g01_t1_b2_p3,p1e_g01,train,complete_factorial,1000.0,80.0,14.0,4,19.38443925983105,clustered,offset,153.7089545609216,122.32216590907333,10.97921104006583,13.303558645089211,0.6964413555348692,0.9502541889349436,0.04974581110963351,-4.4577167354223743e-11,7.02392610320636e-11,447.6906561835468,433.0122805970248,387.0338024097485,11.101590192791338,212.06474171844653,1.1033420438929165,87.09542202187818,9.998248148898423,124.96931969656835,10.549332584539059,10.549332584068798,-4.457725371689891e-11,False,0.3201062004192181,130.03815157189442,528,10,True,True
p1e_g01_t1_b3_p0,p1e_g01,train,complete_factorial,1000.0,200.0,2.0,4,19.38443925983105,clustered,offset,21.371727092578,15.796371056392745,10.685863546289,1.8438518600673965,0.15614814038127417,0.9219259300336983,0.07807407019063708,-2.24335355847316e-10,6.837185372595282e-11,320.51603431342477,318.4351893517298,307.8050707141089,11.12672593593005,131.3882718252668,1.1285315305205341,81.40323393079736,9.998194405409517,49.985037894469436,10.258017156712384,10.258017154411148,-2.2433541487667044e-10,False,0.045607700288996966,17.460462303889944,528,10,True,True
p1e_g01_t1_b3_p1,p1e_g01,train,complete_factorial,1000.0,200.0,6.0,4,19.38443925983105,clustered,offset,64.11518126996583,47.389113162672146,10.685863544994305,5.531555579424729,0.4684444210806142,0.9219259299041215,0.07807407018010236,-8.42238038571234e-11,6.913916765112435e-11,361.54810293250154,355.30556804741525,323.4152121391669,11.126725936088745,131.3882718264026,1.128531530679386,81.40323393193401,9.99819440540936,49.98503789446858,10.258017155416923,10.258017154552954,-8.422372854774432e-11,True,0.1368231008631824,52.381386904647535,528,10,True,True
p1e_g01_t1_b3_p2,p1e_g01,train,complete_factorial,1000.0,200.0,10.0,4,19.38443925983105,clustered,offset,106.85863544735668,78.98185526894889,10.685863544735668,9.219259298782097,0.7807407017798493,0.9219259298782096,0.07807407017798493,-5.619462672967757e-11,6.947536002997387e-11,402.580171551578,392.175946743101,339.0253535642197,11.12672593612041,131.38827182664704,1.1285315307110901,81.40323393217854,9.99819440540932,49.9850378944685,10.258017155157802,10.258017154581356,-5.6194637738925446e-11,False,0.22803850143679938,87.302311505404,528,10,True,True
p1e_g01_t1_b3_p3,p1e_g01,train,complete_factorial,1000.0,200.0,14.0,4,19.38443925983105,clustered,offset,149.6020896247457,110.57459737522277,10.685863544624693,12.906963018139301,1.0930369824790414,0.9219259298670929,0.07807407017707438,-4.416730473418998e-11,6.999115307024112e-11,443.6122401706533,429.0463254387852,354.63549498927017,11.12672593613403,131.3882718267559,1.1285315307247228,81.40323393228759,9.998194405409306,49.985037894468306,10.258017155046664,10.258017154593597,-4.416710466247319e-11,False,0.3192539020147933,122.22323610615854,528,10,True,True
p1e_g01_t2_b0_p0,p1e_g01,train,complete_factorial,1750.0,1.0,2.0,4,19.38443925983105,clustered,offset,14.409297104408836,11.820056914205212,7.204648552204418,1.9988098289602112,0.0011901714752745119,0.9994049144801056,0.0005950857376372559,-2.1774285543021965e-10,6.818739307892306e-11,313.5426342729854,311.418457939095,311.8978945476506,6.775349048603767,11378.725296589577,1.0627205765720278,1381.9350904502835,5.712628472031739,9996.790206139292,6.771317136492712,6.771317135018307,-2.1774279019424937e-10,False,0.04593943288853097,12.234478899142152,528,10,True,True
p1e_g01_t2_b0_p1,p1e_g01,train,complete_factorial,1750.0,1.0,6.0,4,19.38443925983105,clustered,offset,43.22789130844524,35.46017073784876,7.20464855140754,5.996429486045022,0.003570514425349927,0.999404914340837,0.0005950857375583211,-7.839532401426412e-11,6.912713050518273e-11,340.62790281416426,334.2553738125105,335.69368363821593,6.775349048748777,11378.725296756793,1.0627205767171903,1381.9350906178602,5.712628472031587,9996.790206138932,6.771317135694043,6.771317135163203,-7.839542145193339e-11,True,0.13781829864808515,36.70343669266115,528,10,True,True
p1e_g01_t2_b0_p2,p1e_g01,train,complete_factorial,1750.0,1.0,10.0,4,19.38443925983105,clustered,offset,72.0464855124643,59.1002845615048,7.20464855124643,9.99404914312974,0.005950857375428994,0.999404914312974,0.0005950857375428993,-5.051685701695785e-11,6.976657770020719e-11,367.7131713553431,357.0922896859256,359.4894727288182,6.7753490487778425,11378.725296783254,1.0627205767462784,1381.9350906443187,5.7126284720315645,9996.790206138936,6.771317135534309,6.771317135192243,-5.05168971249132e-11,True,0.22969716441485843,61.172394486188715,528,10,True,True
p1e_g01_t2_b0_p3,p1e_g01,train,complete_factorial,1750.0,1.0,14.0,4,19.38443925983105,clustered,offset,100.86507971647478,82.74039838516785,7.20464855117677,13.991668800214613,0.008331200325510369,0.9994049143010438,0.000595085737536455,-3.858027315276466e-11,6.973603479340854e-11,394.7984398965219,379.92920555934154,383.28526181944363,6.775349048790224,11378.725296791441,1.0627205767586718,1381.935090652498,5.712628472031551,9996.790206138943,6.771317135465852,6.7713171352046135,-3.858010738579679e-11,False,0.32157603016923986,85.6413522797216,528,10,True,True
p1e_g01_t2_b1_p0,p1e_g01,train,complete_factorial,1750.0,20.0,2.0,4,19.38443925983105,clustered,offset,14.290449172821582,11.323957094271062,7.145224586410791,1.9792284688724078,0.020771531563070274,0.9896142344362039,0.010385765781535137,-2.1773902472710382e-10,6.796816586767504e-11,313.4251904496674,311.30656450084234,310.382163805625,6.783042312096449,646.3264593129988,1.0704302116430644,146.4998685726484,5.712612100453384,499.82659074035047,6.712595224833706,6.712595223372112,-2.1773896144945823e-10,False,0.04589713835838438,11.860909275497683,528,10,True,True
p1e_g01_t2_b1_p1,p1e_g01,train,complete_factorial,1750.0,20.0,6.0,4,19.38443925983105,clustered,offset,42.87134751373725,33.97187127820436,7.145224585622874,5.9376854057894475,0.06231459468071211,0.9896142342982412,0.010385765780118685,-7.83599319690668e-11,6.904604990215285e-11,340.2755713442571,333.9196934977973,331.14649141262356,6.783042312242924,646.3264593249996,1.0704302117896993,146.49986858470618,5.712612100453224,499.82659074029345,6.712595224042853,6.712595223516854,-7.835997591328764e-11,True,0.13769141506156757,35.582727821854526,528,10,True,True
p1e_g01_t2_b1_p2,p1e_g01,train,complete_factorial,1750.0,20.0,10.0,4,19.38443925983105,clustered,offset,71.45224585464172,56.61978546213243,7.145224585464172,9.896142342706302,0.10385765779833402,0.9896142342706302,0.010385765779833401,-5.0463579148729566e-11,6.913322956166653e-11,367.1259522388467,356.5328224947512,351.91081901961195,6.783042312272334,646.3264593275228,1.070430211819144,146.49986858724273,5.71261210045319,499.82659074028004,6.712595223884671,6.71259522354593,-5.0463564093021043e-11,True,0.22948569176764977,59.30454636820854,528,10,True,True
p1e_g01_t2_b1_p3,p1e_g01,train,complete_factorial,1750.0,20.0,14.0,4,19.38443925983105,clustered,offset,100.03314419554351,79.26769964605693,7.145224585395965,13.85459927962323,0.14540072091593914,0.9896142342588021,0.010385765779709939,-3.8512066551683284e-11,6.942168834914199e-11,393.97633313343647,379.1459514917056,372.67514662659227,6.783042312284915,646.3264593286799,1.0704302118317328,146.49986858840342,5.712612100453182,499.82659074027646,6.712595223816891,6.712595223558376,-3.851192848296937e-11,False,0.3212799684786205,83.02636491456077,528,10,True,True
p1e_g01_t2_b2_p0,p1e_g01,train,complete_factorial,1750.0,80.0,2.0,4,19.38443925983105,clustered,offset,14.056874679872692,10.349019185716413,7.028437339936346,1.9407470796802686,0.05925292075493645,0.9703735398401343,0.029626460377468224,-2.1760252627567311e-10,6.817511455150754e-11,313.19438036050076,311.0866709695606,307.4035641090141,6.79860889584566,222.67898683123593,1.0860299175549428,97.73047771664858,5.712578978290717,124.94850911458735,6.597190180250379,6.597190178814815,-2.176024211664713e-10,False,0.04581407783450686,11.184963875289496,528,10,True,True
p1e_g01_t2_b2_p1,p1e_g01,train,complete_factorial,1750.0,80.0,6.0,4,19.38443925983105,clustered,offset,42.17062403496152,31.047057552931786,7.028437339160253,5.82224123822847,0.17775876224050366,0.9703735397047449,0.029626460373417277,-7.816224982063839e-11,6.871403744993623e-11,339.58314107684913,333.26001290404037,322.2106923240017,6.798608895995019,222.67898683550698,1.0860299177044577,97.73047772094019,5.712578978290561,124.9485091145668,6.597190179474855,6.597190178959203,-7.816229446991441e-11,True,0.1374422334866381,33.554891621509746,528,10,True,True
p1e_g01_t2_b2_p2,p1e_g01,train,complete_factorial,1750.0,80.0,10.0,4,19.38443925983105,clustered,offset,70.28437339004176,51.74509592015192,7.028437339004176,9.70373539677643,0.29626460372616414,0.9703735396776431,0.029626460372616414,-5.0259452155643205e-11,6.921450258587661e-11,365.97190179319716,355.4333548385188,337.01782053900234,6.798608896025025,222.67898683628994,1.0860299177344872,97.73047772172247,5.712578978290537,124.94850911456749,6.597190179319716,6.597190178988145,-5.0259459848247495e-11,True,0.22907038914263467,55.92481936773237,528,10,True,True
p1e_g01_t2_b2_p3,p1e_g01,train,complete_factorial,1750.0,80.0,14.0,4,19.38443925983105,clustered,offset,98.39812274512008,72.44313428737406,7.028437338937148,13.585229555324577,0.4147704452118496,0.9703735396660412,0.02962646037227497,-3.8316215279974945e-11,6.932608677536184e-11,392.36066250954576,377.60669677299825,351.8249487540063,6.798608896037833,222.67898683661346,1.0860299177473127,97.73047772204526,5.712578978290519,124.94850911456821,6.597190179253269,6.597190179000489,-3.831618069087503e-11,False,0.32069854480266713,78.29474711395638,528,10,True,True
p1e_g01_t2_b3_p0,p1e_g01,train,complete_factorial,1750.0,200.0,2.0,4,19.38443925983105,clustered,offset,13.845152935193767,9.465397041871817,6.922576467596883,1.905869978977547,0.09413002145666713,0.9529349894887735,0.047065010728333564,-2.1710709618982804e-10,6.779273228178e-11,312.98517280147314,310.88737340915253,304.704165878852,6.813252186510315,137.94932371762903,1.100704358356087,87.97413189195242,5.712547828154228,49.97519182567661,6.49258640073657,6.492586399326983,-2.1710717835635546e-10,False,0.045738991067366896,10.649052075269699,528,10,True,True
p1e_g01_t2_b3_p1,p1e_g01,train,complete_factorial,1750.0,200.0,6.0,4,19.38443925983105,clustered,offset,41.535458801036725,28.39619112180986,6.9225764668394545,5.717609936134107,0.2823900643335281,0.9529349893556844,0.047065010722254684,-7.793911812233507e-11,6.90319234442953e-11,338.95551839984944,332.6621202228951,314.11249763473177,6.813252186662587,137.94932371926325,1.1007043585085017,87.97413189359179,5.712547828154086,49.975191825671445,6.492586399974907,6.492586399468879,-7.793937225181108e-11,True,0.13721697318453607,31.947156221697337,528,10,True,True
p1e_g01_t2_b3_p2,p1e_g01,train,complete_factorial,1750.0,200.0,10.0,4,19.38443925983105,clustered,offset,69.22576466687241,47.326985201749025,6.922576466687241,9.52934989329047,0.47065010721045075,0.9529349893290471,0.047065010721045075,-5.009215264806244e-11,6.905505874141804e-11,364.9258639982256,354.43686703663667,323.520829390615,6.81325218669317,137.94932371957177,1.1007043585391025,87.97413189390052,5.712547828154067,49.97519182567123,6.492586399822562,6.492586399497336,-5.009191226278059e-11,True,0.22869495530403583,53.24526036812505,528,10,True,True
p1e_g01_t2_b3_p3,p1e_g01,train,complete_factorial,1750.0,200.0,14.0,4,19.38443925983105,clustered,offset,96.91607053270417,66.25777928168826,6.922576466621726,13.341089850446945,0.6589101500873282,0.952934989317639,0.047065010720523444,-3.81623780195842e-11,6.91287207713457e-11,390.8962095966021,376.21161385037874,332.9291611464962,6.813252186706241,137.94932371971387,1.1007043585521912,87.97413189404242,5.71254782815405,49.97519182567146,6.492586399757292,6.49258639950952,-3.816236765332027e-11,False,0.32017293742961783,74.54336451455312,528,10,True,True
p1e_g01_t3_b0_p0,p1e_g01,train,complete_factorial,2500.0,1.0,2.0,4,19.38443925983105,clustered,offset,10.983571748406007,8.40155878345656,5.4917858742030035,1.9991499075573032,0.0008500928816870576,0.9995749537786516,0.0004250464408435288,-2.1949510470905403e-10,5.8181633468093985e-11,310.1170075934474,307.99330401382304,308.4971104027904,5.060654808927782,11901.061415041639,1.0623033178233476,1905.5531760744022,3.9983514911044344,9995.508238967235,5.0585037967236985,5.058503795613382,-2.1949499851682564e-10,False,0.04593907517732987,8.825079498211895,528,10,True,True
p1e_g01_t3_b0_p1,p1e_g01,train,complete_factorial,2500.0,1.0,6.0,4,19.38443925983105,clustered,offset,32.95071524179309,25.20467634690402,5.491785873632182,5.9974497218188425,0.0025502786447064063,0.9995749536364738,0.00042504644078440105,-7.725815191587937e-11,5.88490371611604e-11,330.3510227769152,323.97991203805753,325.4913312048186,5.060654809076195,11901.061415353415,1.0623033179718793,1905.5531763887184,3.998351491104316,9995.508238964698,5.058503796152536,5.058503795761725,-7.725820814114622e-11,True,0.13781722554227827,26.475238491199182,528,10,True,True
p1e_g01_t3_b0_p2,p1e_g01,train,complete_factorial,2500.0,1.0,10.0,4,19.38443925983105,clustered,offset,54.917858735177276,42.007793910381416,5.491785873517728,9.995749536080938,0.004250464407733634,0.9995749536080938,0.0004250464407733634,-4.886714921603641e-11,5.883448124525541e-11,350.58503796038315,339.96652006229414,342.4855520069282,5.060654809105608,11901.061415393739,1.0623033180013275,1905.5531764289385,3.9983514911042803,9995.5082389648,5.058503796038314,5.05850379579112,-4.886707117840972e-11,True,0.2296953759012581,44.1253974842049,528,10,True,True
p1e_g01_t3_b0_p3,p1e_g01,train,complete_factorial,2500.0,1.0,14.0,4,19.38443925983105,clustered,offset,76.88500222855629,58.81091147386167,5.491785873468307,13.994049350342674,0.005950650170761733,0.9995749535959053,0.0004250464407686952,-3.667400857205421e-11,5.852775825233206e-11,370.8190531438512,355.9531280865293,359.47977280904627,5.060654809118351,11901.061415409295,1.062303318014085,1905.5531764444831,3.998351491104266,9995.508238964812,5.058503795989371,5.058503795803856,-3.6674006852913775e-11,True,0.32157352625500835,61.775556477212895,528,10,True,True
p1e_g01_t3_b1_p0,p1e_g01,train,complete_factorial,2500.0,20.0,2.0,4,19.38443925983105,clustered,offset,10.922470830830832,8.070206703206756,5.461235415415416,1.985122061769733,0.01487793866917455,0.9925610308848665,0.007438969334587275,-2.1945374337195567e-10,5.822324636029694e-11,310.0569155485762,307.93719267837827,307.4353690483599,5.066144668006211,675.9616215795438,1.067804802042365,176.20360982182748,3.9983398659638456,499.7580117577163,5.028457774288114,5.0284577731846,-2.1945371212726706e-10,False,0.04590868460178399,8.583414100218178,528,10,True,True
p1e_g01_t3_b1_p1,p1e_g01,train,complete_factorial,2500.0,20.0,6.0,4,19.38443925983105,clustered,offset,32.767412489064725,24.21062010640301,5.461235414844121,5.955366184461779,0.04463381600193717,0.9925610307436298,0.007438969333656196,-7.728601208086457e-11,5.868351670460554e-11,330.1707466423257,323.8115780317457,322.30610714229203,5.066144668155683,675.9616215879064,1.0678048021919795,176.20360983009664,3.9983398659637035,499.75801175780975,5.028457773720949,5.02845777333232,-7.728586025316287e-11,True,0.13772605379028846,25.75024229739254,528,10,True,True
p1e_g01_t3_b1_p2,p1e_g01,train,complete_factorial,2500.0,20.0,10.0,4,19.38443925983105,clustered,offset,54.61235414731084,40.351033509544614,5.4612354147310835,9.925610307154301,0.07438969333437098,0.9925610307154301,0.007438969333437098,-4.8867190849399836e-11,5.905365500153658e-11,350.28457773607516,339.6859633851149,337.1768452360557,5.066144668185335,675.9616215925668,1.067804802221668,176.20360983479344,3.9983398659636666,499.7580117577733,5.028457773607516,5.028457773361791,-4.886691487016065e-11,True,0.22954342298669417,42.917070494532,528,10,True,True
p1e_g01_t3_b1_p3,p1e_g01,train,complete_factorial,2500.0,20.0,14.0,4,19.38443925983105,clustered,offset,76.4572958055515,56.49144691268878,5.46123541468225,13.895854429846421,0.10414557066682678,0.9925610307033158,0.00743896933334477,-3.666059122942045e-11,5.8030753180042213e-11,370.3984088298247,355.5603487384825,352.04758332983045,5.066144668198193,675.9616215944219,1.0678048022345452,176.2036098366638,3.998339865963648,499.7580117577581,5.028457773558906,5.02845777337456,-3.666051903034837e-11,True,0.3213607921758239,60.08389869167303,528,10,True,True
p1e_g01_t3_b2_p0,p1e_g01,train,complete_factorial,2500.0,80.0,2.0,4,19.38443925983105,clustered,offset,10.801376511622038,7.413581686239589,5.400688255811019,1.9573237317519894,0.042676268687196775,0.9786618658759947,0.021338134343598388,-2.1959307289209917e-10,5.831166142629699e-11,309.9378253195828,307.8259994789002,305.3314840341027,5.077251738366007,232.8653751906913,1.0789353883694772,107.93683297954493,3.9983163499965295,124.92854221114638,4.968912659791414,4.968912658700275,-2.1959305981579962e-10,False,0.045848526109750765,8.146215459862761,528,10,True,True
p1e_g01_t3_b2_p1,p1e_g01,train,complete_factorial,2500.0,80.0,6.0,4,19.38443925983105,clustered,offset,32.40412953147563,22.240745055662785,5.400688255245939,5.871971194419547,0.12802880604376143,0.9786618657365912,0.021338134340626907,-7.72181392901435e-11,5.874693527856319e-11,329.81347595539313,323.47799843335554,315.9944521000763,5.077251738517807,232.8653751969116,1.0789353885214117,107.93683298579998,3.998316349996395,124.92854221111162,4.968912659232188,4.968912658848499,-7.721800540886629e-11,True,0.1375455783098687,24.438646376448574,528,10,True,True
p1e_g01_t3_b2_p2,p1e_g01,train,complete_factorial,2500.0,80.0,10.0,4,19.38443925983105,clustered,offset,54.0068825513311,37.067908425073796,5.40068825513311,9.78661865708748,0.21338134340008702,0.978661865708748,0.021338134340008703,-4.875672643400719e-11,5.882880331083234e-11,349.6891265912033,339.12999738781224,326.6574201660198,5.077251738547961,232.86537519841605,1.0789353885516064,107.93683298731231,3.9983163499963545,124.92854221110372,4.968912659120332,4.968912658878064,-4.875682954437218e-11,True,0.22924263052237848,40.73107729302682,528,10,True,True
p1e_g01_t3_b2_p3,p1e_g01,train,complete_factorial,2500.0,80.0,14.0,4,19.38443925983105,clustered,offset,75.60963557118492,51.89507179449411,5.400688255084638,13.701266119755163,0.2987338807565862,0.9786618656967974,0.021338134339756155,-3.655348642820197e-11,5.787128143457221e-11,369.5647772270136,354.781996342268,337.3203882319857,5.077251738560985,232.86537519892588,1.0789353885646453,107.93683298782315,3.9983163499963394,124.92854221110271,4.9689126590724015,4.968912658890771,-3.655341176911391e-11,True,0.3209396827238038,57.02350820960979,528,10,True,True
p1e_g01_t3_b3_p0,p1e_g01,train,complete_factorial,2500.0,200.0,2.0,4,19.38443925983105,clustered,offset,10.690433900396727,6.812133184835334,5.345216950198363,1.9318613087590664,0.06813869167976055,0.9659306543795332,0.03406934583988028,-2.1941345962339653e-10,5.835296037915156e-11,309.82872682819846,307.7241499439728,303.4046004900455,5.0876979541103555,144.2458988556998,1.0894037137570338,94.28015390059436,3.9982942403533213,49.96574495510545,4.914363414099228,4.914363413020951,-2.1941336697481985e-10,False,0.04579362628282979,7.800883502053394,528,10,True,True
p1e_g01_t3_b3_p1,p1e_g01,train,complete_factorial,2500.0,200.0,6.0,4,19.38443925983105,clustered,offset,32.07130169784506,20.436399551692663,5.345216949640843,5.795583925450782,0.20441607501057132,0.965930654241797,0.03406934583509522,-7.689228420648675e-11,5.877850162181535e-11,329.4861804812831,323.1724498286133,310.21380146869797,5.087697954264316,144.24589885975567,1.0894037139111408,94.28015390466952,3.998294240353175,49.96574495508615,4.914363413547183,4.914363413169307,-7.68922371101341e-11,True,0.13738087884200922,23.402650503167717,528,10,True,True
p1e_g01_t3_b3_p2,p1e_g01,train,complete_factorial,2500.0,200.0,10.0,4,19.38443925983105,clustered,offset,53.45216949531641,34.06066591858547,5.3452169495316415,9.659306542143137,0.34069345834288445,0.9659306542143137,0.034069345834288445,-4.860210012225252e-11,5.850871595737017e-11,349.1436341343677,338.6207497132563,317.0230024474265,5.087697954294766,144.2458988599306,1.0894037139416253,94.2801539048454,3.998294240353141,49.96574495508519,4.914363413436769,4.91436341319792,-4.86022136606139e-11,True,0.2289681313999381,39.00441750429629,528,10,True,True
p1e_g01_t3_b3_p3,p1e_g01,train,complete_factorial,2500.0,200.0,14.0,4,19.38443925983105,clustered,offset,74.833037292781,47.68493228547531,5.3452169494843575,13.52302915883509,0.476970841675061,0.9659306542025065,0.03406934583393293,-3.643936739651719e-11,5.79443863641753e-11,368.8010877874523,354.0690495978977,323.83220342614834,5.087697954307967,144.24589886004688,1.0894037139548443,94.28015390496184,3.9982942403531228,49.96574495508503,4.914363413389448,4.9143634132103715,-3.643937052943126e-11,True,0.3205553839538311,54.606184505422945,528,10,True,True
