sample_id,source_id,active_layer,declared_source_area_m2,source_power_W,surface_power_density_W_m2,realized_source_control_volume_m3,q_W_m3,covered_control_volume_count,covered_x_node_count,covered_y_node_count,covered_z_node_count,resolved_x_interval_count,resolved_y_interval_count,active_layer_power_W,package_total_power_W,total_source_area_mm2
p1d64b_f00_near_adiabatic_q1_30_42p5_a16_l0,src_00,silicon_die_lower,1.9999999999999995e-06,0.225,112500.00000000003,2.471923828124995e-10,910222222.2222241,270,9,10,3,8,9,0.9,1.8,16.0
p1d64b_f00_near_adiabatic_q1_30_42p5_a16_l0,src_01,silicon_die_lower,2.0000000000000003e-06,0.225,112499.99999999999,2.1972656249999958e-10,1024000000.000002,240,8,10,3,7,9,0.9,1.8,16.0
p1d64b_f00_near_adiabatic_q1_30_42p5_a16_l0,src_02,silicon_die_lower,2.0000000000000003e-06,0.225,112499.99999999999,2.4719238281249944e-10,910222222.2222244,270,9,10,3,8,9,0.9,1.8,16.0
p1d64b_f00_near_adiabatic_q1_30_42p5_a16_l0,src_03,silicon_die_lower,2.0000000000000016e-06,0.225,112499.99999999991,2.471923828124994e-10,910222222.2222245,270,9,10,3,8,9,0.9,1.8,16.0
p1d64b_f00_near_adiabatic_q1_30_42p5_a16_l0,src_04,silicon_die_upper,1.9999999999999995e-06,0.225,112500.00000000003,3.021240234375001e-10,744727272.7272725,360,9,10,4,8,9,0.9,1.8,16.0
p1d64b_f00_near_adiabatic_q1_30_42p5_a16_l0,src_05,silicon_die_upper,2.0000000000000003e-06,0.225,112499.99999999999,2.685546875000001e-10,837818181.8181815,320,8,10,4,7,9,0.9,1.8,16.0
p1d64b_f00_near_adiabatic_q1_30_42p5_a16_l0,src_06,silicon_die_upper,2.0000000000000003e-06,0.225,112499.99999999999,3.021240234375001e-10,744727272.7272725,360,9,10,4,8,9,0.9,1.8,16.0
p1d64b_f00_near_adiabatic_q1_30_42p5_a16_l0,src_07,silicon_die_upper,2.0000000000000016e-06,0.225,112499.99999999991,3.021240234375e-10,744727272.7272727,360,9,10,4,8,9,0.9,1.8,16.0
p1d64b_f00_near_adiabatic_q1_30_42p5_a32_l1,src_00,silicon_die_lower,3.999999999999998e-06,0.225,56250.00000000003,4.6142578124999894e-10,487619047.6190488,504,8,21,3,7,20,0.9,1.8,32.0
p1d64b_f00_near_adiabatic_q1_30_42p5_a32_l1,src_01,silicon_die_lower,3.999999999999998e-06,0.225,56250.00000000003,4.614257812499991e-10,487619047.6190486,504,8,21,3,7,20,0.9,1.8,32.0
p1d64b_f00_near_adiabatic_q1_30_42p5_a32_l1,src_02,silicon_die_lower,3.999999999999997e-06,0.225,56250.00000000004,4.6142578124999894e-10,487619047.6190488,504,8,21,3,7,20,0.9,1.8,32.0
p1d64b_f00_near_adiabatic_q1_30_42p5_a32_l1,src_03,silicon_die_lower,4.000000000000002e-06,0.225,56249.99999999997,4.614257812499987e-10,487619047.619049,504,8,21,3,7,20,0.9,1.8,32.0
p1d64b_f00_near_adiabatic_q1_30_42p5_a32_l1,src_04,silicon_die_upper,4.000000000000002e-06,0.225,56249.99999999997,5.37109375e-10,418909090.9090909,640,8,20,4,7,19,0.9,1.8,32.0
p1d64b_f00_near_adiabatic_q1_30_42p5_a32_l1,src_05,silicon_die_upper,4.0000000000000015e-06,0.225,56249.99999999998,5.371093750000001e-10,418909090.9090908,640,8,20,4,7,19,0.9,1.8,32.0
p1d64b_f00_near_adiabatic_q1_30_42p5_a32_l1,src_06,silicon_die_upper,4.000000000000002e-06,0.225,56249.99999999997,5.371093750000002e-10,418909090.90909076,640,8,20,4,7,19,0.9,1.8,32.0
p1d64b_f00_near_adiabatic_q1_30_42p5_a32_l1,src_07,silicon_die_upper,4.000000000000006e-06,0.225,56249.99999999992,5.371093749999998e-10,418909090.90909106,640,8,20,4,7,19,0.9,1.8,32.0
p1d64b_f00_near_adiabatic_q2_42p5_55_a48_l0,src_00,silicon_die_lower,5.999999999999999e-06,0.3,50000.00000000001,7.415771484374984e-10,404543209.87654406,810,9,30,3,8,29,1.2,2.4,48.0
p1d64b_f00_near_adiabatic_q2_42p5_55_a48_l0,src_01,silicon_die_lower,6.000000000000002e-06,0.3,49999.999999999985,6.591796874999987e-10,455111111.111112,720,8,30,3,7,29,1.2,2.4,48.0
p1d64b_f00_near_adiabatic_q2_42p5_55_a48_l0,src_02,silicon_die_lower,6.000000000000002e-06,0.3,49999.999999999985,7.415771484374984e-10,404543209.87654406,810,9,30,3,8,29,1.2,2.4,48.0
p1d64b_f00_near_adiabatic_q2_42p5_55_a48_l0,src_03,silicon_die_lower,6.000000000000006e-06,0.3,49999.99999999995,7.415771484374981e-10,404543209.87654424,810,9,30,3,8,29,1.2,2.4,48.0
p1d64b_f00_near_adiabatic_q2_42p5_55_a48_l0,src_04,silicon_die_upper,5.9999999999999985e-06,0.3,50000.000000000015,9.063720703125001e-10,330989898.9898989,1080,9,30,4,8,29,1.2,2.4,48.0
p1d64b_f00_near_adiabatic_q2_42p5_55_a48_l0,src_05,silicon_die_upper,6.000000000000001e-06,0.3,49999.99999999999,8.056640625000004e-10,372363636.3636362,960,8,30,4,7,29,1.2,2.4,48.0
p1d64b_f00_near_adiabatic_q2_42p5_55_a48_l0,src_06,silicon_die_upper,6.000000000000001e-06,0.3,49999.99999999999,9.063720703125001e-10,330989898.9898989,1080,9,30,4,8,29,1.2,2.4,48.0
p1d64b_f00_near_adiabatic_q2_42p5_55_a48_l0,src_07,silicon_die_upper,6.000000000000004e-06,0.3,49999.99999999996,9.063720703124999e-10,330989898.98989904,1080,9,30,4,8,29,1.2,2.4,48.0
p1d64b_f00_near_adiabatic_q2_42p5_55_a64_l1,src_00,silicon_die_lower,7.999999999999998e-06,0.3,37500.00000000001,9.00878906249998e-10,333008130.08130157,984,8,41,3,7,40,1.2,2.4,64.0
p1d64b_f00_near_adiabatic_q2_42p5_55_a64_l1,src_01,silicon_die_lower,7.999999999999998e-06,0.3,37500.00000000001,9.008789062499982e-10,333008130.08130145,984,8,41,3,7,40,1.2,2.4,64.0
p1d64b_f00_near_adiabatic_q2_42p5_55_a64_l1,src_02,silicon_die_lower,7.999999999999995e-06,0.3,37500.00000000002,9.008789062499979e-10,333008130.08130157,984,8,41,3,7,40,1.2,2.4,64.0
p1d64b_f00_near_adiabatic_q2_42p5_55_a64_l1,src_03,silicon_die_lower,8.000000000000006e-06,0.3,37499.99999999997,9.008789062499976e-10,333008130.0813017,984,8,41,3,7,40,1.2,2.4,64.0
p1d64b_f00_near_adiabatic_q2_42p5_55_a64_l1,src_04,silicon_die_upper,8.000000000000001e-06,0.3,37499.99999999999,1.1010742187500002e-09,272461197.33924603,1312,8,41,4,7,40,1.2,2.4,64.0
p1d64b_f00_near_adiabatic_q2_42p5_55_a64_l1,src_05,silicon_die_upper,7.999999999999998e-06,0.3,37500.00000000001,1.1010742187500002e-09,272461197.33924603,1312,8,41,4,7,40,1.2,2.4,64.0
p1d64b_f00_near_adiabatic_q2_42p5_55_a64_l1,src_06,silicon_die_upper,8.000000000000001e-06,0.3,37499.99999999999,1.1010742187500002e-09,272461197.33924603,1312,8,41,4,7,40,1.2,2.4,64.0
p1d64b_f00_near_adiabatic_q2_42p5_55_a64_l1,src_07,silicon_die_upper,8.000000000000006e-06,0.3,37499.99999999997,1.1010742187499996e-09,272461197.3392462,1312,8,41,4,7,40,1.2,2.4,64.0
p1d64b_f00_near_adiabatic_q3_55_67p5_a16_l0,src_00,silicon_die_lower,1.9999999999999995e-06,0.375,187500.00000000006,2.471923828124995e-10,1517037037.0370402,270,9,10,3,8,9,1.5,3.0,16.0
p1d64b_f00_near_adiabatic_q3_55_67p5_a16_l0,src_01,silicon_die_lower,2.0000000000000003e-06,0.375,187499.99999999997,2.1972656249999958e-10,1706666666.6666698,240,8,10,3,7,9,1.5,3.0,16.0
p1d64b_f00_near_adiabatic_q3_55_67p5_a16_l0,src_02,silicon_die_lower,2.0000000000000003e-06,0.375,187499.99999999997,2.4719238281249944e-10,1517037037.0370405,270,9,10,3,8,9,1.5,3.0,16.0
p1d64b_f00_near_adiabatic_q3_55_67p5_a16_l0,src_03,silicon_die_lower,2.0000000000000016e-06,0.375,187499.99999999985,2.471923828124994e-10,1517037037.0370407,270,9,10,3,8,9,1.5,3.0,16.0
p1d64b_f00_near_adiabatic_q3_55_67p5_a16_l0,src_04,silicon_die_upper,1.9999999999999995e-06,0.375,187500.00000000006,3.021240234375001e-10,1241212121.2121208,360,9,10,4,8,9,1.5,3.0,16.0
p1d64b_f00_near_adiabatic_q3_55_67p5_a16_l0,src_05,silicon_die_upper,2.0000000000000003e-06,0.375,187499.99999999997,2.685546875000001e-10,1396363636.3636358,320,8,10,4,7,9,1.5,3.0,16.0
p1d64b_f00_near_adiabatic_q3_55_67p5_a16_l0,src_06,silicon_die_upper,2.0000000000000003e-06,0.375,187499.99999999997,3.021240234375001e-10,1241212121.2121208,360,9,10,4,8,9,1.5,3.0,16.0
p1d64b_f00_near_adiabatic_q3_55_67p5_a16_l0,src_07,silicon_die_upper,2.0000000000000016e-06,0.375,187499.99999999985,3.021240234375e-10,1241212121.2121212,360,9,10,4,8,9,1.5,3.0,16.0
p1d64b_f00_near_adiabatic_q3_55_67p5_a32_l1,src_00,silicon_die_lower,3.999999999999998e-06,0.375,93750.00000000004,4.6142578124999894e-10,812698412.6984146,504,8,21,3,7,20,1.5,3.0,32.0
p1d64b_f00_near_adiabatic_q3_55_67p5_a32_l1,src_01,silicon_die_lower,3.999999999999998e-06,0.375,93750.00000000004,4.614257812499991e-10,812698412.6984143,504,8,21,3,7,20,1.5,3.0,32.0
p1d64b_f00_near_adiabatic_q3_55_67p5_a32_l1,src_02,silicon_die_lower,3.999999999999997e-06,0.375,93750.00000000006,4.6142578124999894e-10,812698412.6984146,504,8,21,3,7,20,1.5,3.0,32.0
p1d64b_f00_near_adiabatic_q3_55_67p5_a32_l1,src_03,silicon_die_lower,4.000000000000002e-06,0.375,93749.99999999994,4.614257812499987e-10,812698412.698415,504,8,21,3,7,20,1.5,3.0,32.0
p1d64b_f00_near_adiabatic_q3_55_67p5_a32_l1,src_04,silicon_die_upper,4.000000000000002e-06,0.375,93749.99999999994,5.37109375e-10,698181818.1818181,640,8,20,4,7,19,1.5,3.0,32.0
p1d64b_f00_near_adiabatic_q3_55_67p5_a32_l1,src_05,silicon_die_upper,4.0000000000000015e-06,0.375,93749.99999999997,5.371093750000001e-10,698181818.181818,640,8,20,4,7,19,1.5,3.0,32.0
p1d64b_f00_near_adiabatic_q3_55_67p5_a32_l1,src_06,silicon_die_upper,4.000000000000002e-06,0.375,93749.99999999994,5.371093750000002e-10,698181818.1818179,640,8,20,4,7,19,1.5,3.0,32.0
p1d64b_f00_near_adiabatic_q3_55_67p5_a32_l1,src_07,silicon_die_upper,4.000000000000006e-06,0.375,93749.99999999987,5.371093749999998e-10,698181818.1818184,640,8,20,4,7,19,1.5,3.0,32.0
p1d64b_f00_near_adiabatic_q4_67p5_80_a48_l0,src_00,silicon_die_lower,5.999999999999999e-06,0.45,75000.00000000001,7.415771484374984e-10,606814814.8148161,810,9,30,3,8,29,1.8,3.6,48.0
p1d64b_f00_near_adiabatic_q4_67p5_80_a48_l0,src_01,silicon_die_lower,6.000000000000002e-06,0.45,74999.99999999999,6.591796874999987e-10,682666666.666668,720,8,30,3,7,29,1.8,3.6,48.0
p1d64b_f00_near_adiabatic_q4_67p5_80_a48_l0,src_02,silicon_die_lower,6.000000000000002e-06,0.45,74999.99999999999,7.415771484374984e-10,606814814.8148161,810,9,30,3,8,29,1.8,3.6,48.0
p1d64b_f00_near_adiabatic_q4_67p5_80_a48_l0,src_03,silicon_die_lower,6.000000000000006e-06,0.45,74999.99999999993,7.415771484374981e-10,606814814.8148164,810,9,30,3,8,29,1.8,3.6,48.0
p1d64b_f00_near_adiabatic_q4_67p5_80_a48_l0,src_04,silicon_die_upper,5.9999999999999985e-06,0.45,75000.00000000001,9.063720703125001e-10,496484848.48484844,1080,9,30,4,8,29,1.8,3.6,48.0
p1d64b_f00_near_adiabatic_q4_67p5_80_a48_l0,src_05,silicon_die_upper,6.000000000000001e-06,0.45,74999.99999999999,8.056640625000004e-10,558545454.5454543,960,8,30,4,7,29,1.8,3.6,48.0
p1d64b_f00_near_adiabatic_q4_67p5_80_a48_l0,src_06,silicon_die_upper,6.000000000000001e-06,0.45,74999.99999999999,9.063720703125001e-10,496484848.48484844,1080,9,30,4,8,29,1.8,3.6,48.0
p1d64b_f00_near_adiabatic_q4_67p5_80_a48_l0,src_07,silicon_die_upper,6.000000000000004e-06,0.45,74999.99999999994,9.063720703124999e-10,496484848.48484856,1080,9,30,4,8,29,1.8,3.6,48.0
p1d64b_f00_near_adiabatic_q4_67p5_80_a64_l1,src_00,silicon_die_lower,7.999999999999998e-06,0.45,56250.000000000015,9.00878906249998e-10,499512195.12195235,984,8,41,3,7,40,1.8,3.6,64.0
p1d64b_f00_near_adiabatic_q4_67p5_80_a64_l1,src_01,silicon_die_lower,7.999999999999998e-06,0.45,56250.000000000015,9.008789062499982e-10,499512195.12195224,984,8,41,3,7,40,1.8,3.6,64.0
p1d64b_f00_near_adiabatic_q4_67p5_80_a64_l1,src_02,silicon_die_lower,7.999999999999995e-06,0.45,56250.00000000004,9.008789062499979e-10,499512195.1219524,984,8,41,3,7,40,1.8,3.6,64.0
p1d64b_f00_near_adiabatic_q4_67p5_80_a64_l1,src_03,silicon_die_lower,8.000000000000006e-06,0.45,56249.999999999956,9.008789062499976e-10,499512195.1219526,984,8,41,3,7,40,1.8,3.6,64.0
p1d64b_f00_near_adiabatic_q4_67p5_80_a64_l1,src_04,silicon_die_upper,8.000000000000001e-06,0.45,56249.99999999999,1.1010742187500002e-09,408691796.0088691,1312,8,41,4,7,40,1.8,3.6,64.0
p1d64b_f00_near_adiabatic_q4_67p5_80_a64_l1,src_05,silicon_die_upper,7.999999999999998e-06,0.45,56250.000000000015,1.1010742187500002e-09,408691796.0088691,1312,8,41,4,7,40,1.8,3.6,64.0
p1d64b_f00_near_adiabatic_q4_67p5_80_a64_l1,src_06,silicon_die_upper,8.000000000000001e-06,0.45,56249.99999999999,1.1010742187500002e-09,408691796.0088691,1312,8,41,4,7,40,1.8,3.6,64.0
p1d64b_f00_near_adiabatic_q4_67p5_80_a64_l1,src_07,silicon_die_upper,8.000000000000006e-06,0.45,56249.999999999956,1.1010742187499996e-09,408691796.00886935,1312,8,41,4,7,40,1.8,3.6,64.0
p1d64b_f01_low_low_q1_30_42p5_a32_l0,src_00,silicon_die_lower,3.999999999999998e-06,0.225,56250.00000000003,4.94384765624999e-10,455111111.11111206,540,9,20,3,8,19,0.9,1.8,32.0
p1d64b_f01_low_low_q1_30_42p5_a32_l0,src_01,silicon_die_lower,4e-06,0.225,56250.00000000001,4.394531249999991e-10,512000000.0000011,480,8,20,3,7,19,0.9,1.8,32.0
p1d64b_f01_low_low_q1_30_42p5_a32_l0,src_02,silicon_die_lower,4e-06,0.225,56250.00000000001,4.94384765624999e-10,455111111.11111206,540,9,20,3,8,19,0.9,1.8,32.0
p1d64b_f01_low_low_q1_30_42p5_a32_l0,src_03,silicon_die_lower,4.000000000000002e-06,0.225,56249.99999999997,4.943847656249988e-10,455111111.11111224,540,9,20,3,8,19,0.9,1.8,32.0
p1d64b_f01_low_low_q1_30_42p5_a32_l0,src_04,silicon_die_upper,4e-06,0.225,56250.00000000001,6.042480468750002e-10,372363636.36363626,720,9,20,4,8,19,0.9,1.8,32.0
p1d64b_f01_low_low_q1_30_42p5_a32_l0,src_05,silicon_die_upper,4.0000000000000015e-06,0.225,56249.99999999998,5.371093750000002e-10,418909090.90909076,640,8,20,4,7,19,0.9,1.8,32.0
p1d64b_f01_low_low_q1_30_42p5_a32_l0,src_06,silicon_die_upper,4.0000000000000015e-06,0.225,56249.99999999998,6.042480468750002e-10,372363636.36363626,720,9,20,4,8,19,0.9,1.8,32.0
p1d64b_f01_low_low_q1_30_42p5_a32_l0,src_07,silicon_die_upper,4.000000000000004e-06,0.225,56249.99999999994,6.042480468749999e-10,372363636.36363643,720,9,20,4,8,19,0.9,1.8,32.0
p1d64b_f01_low_low_q1_30_42p5_a48_l1,src_00,silicon_die_lower,5.999999999999999e-06,0.225,37500.00000000001,6.811523437499984e-10,330322580.64516205,744,8,31,3,7,30,0.9,1.8,48.0
p1d64b_f01_low_low_q1_30_42p5_a48_l1,src_01,silicon_die_lower,5.999999999999999e-06,0.225,37500.00000000001,6.811523437499985e-10,330322580.645162,744,8,31,3,7,30,0.9,1.8,48.0
p1d64b_f01_low_low_q1_30_42p5_a48_l1,src_02,silicon_die_lower,5.999999999999998e-06,0.225,37500.000000000015,6.811523437499984e-10,330322580.64516205,744,8,31,3,7,30,0.9,1.8,48.0
p1d64b_f01_low_low_q1_30_42p5_a48_l1,src_03,silicon_die_lower,6.000000000000006e-06,0.225,37499.99999999996,6.811523437499981e-10,330322580.6451622,744,8,31,3,7,30,0.9,1.8,48.0
p1d64b_f01_low_low_q1_30_42p5_a48_l1,src_04,silicon_die_upper,6.000000000000001e-06,0.225,37499.99999999999,8.325195312500003e-10,270263929.6187682,992,8,31,4,7,30,0.9,1.8,48.0
p1d64b_f01_low_low_q1_30_42p5_a48_l1,src_05,silicon_die_upper,5.9999999999999985e-06,0.225,37500.00000000001,8.325195312500003e-10,270263929.6187682,992,8,31,4,7,30,0.9,1.8,48.0
p1d64b_f01_low_low_q1_30_42p5_a48_l1,src_06,silicon_die_upper,6.000000000000001e-06,0.225,37499.99999999999,8.325195312500003e-10,270263929.6187682,992,8,31,4,7,30,0.9,1.8,48.0
p1d64b_f01_low_low_q1_30_42p5_a48_l1,src_07,silicon_die_upper,6.000000000000004e-06,0.225,37499.99999999997,8.325195312499998e-10,270263929.6187684,992,8,31,4,7,30,0.9,1.8,48.0
p1d64b_f01_low_low_q2_42p5_55_a64_l0,src_00,silicon_die_lower,7.999999999999998e-06,0.3125,39062.50000000001,1.0134887695312478e-09,308340861.18639034,1107,9,41,3,8,40,1.25,2.5,64.0
p1d64b_f01_low_low_q2_42p5_55_a64_l0,src_01,silicon_die_lower,8.000000000000001e-06,0.3125,39062.49999999999,9.008789062499982e-10,346883468.834689,984,8,41,3,7,40,1.25,2.5,64.0
p1d64b_f01_low_low_q2_42p5_55_a64_l0,src_02,silicon_die_lower,8.000000000000001e-06,0.3125,39062.49999999999,1.0134887695312478e-09,308340861.18639034,1107,9,41,3,8,40,1.25,2.5,64.0
p1d64b_f01_low_low_q2_42p5_55_a64_l0,src_03,silicon_die_lower,8.000000000000006e-06,0.3125,39062.49999999997,1.0134887695312474e-09,308340861.18639046,1107,9,41,3,8,40,1.25,2.5,64.0
p1d64b_f01_low_low_q2_42p5_55_a64_l0,src_04,silicon_die_upper,7.999999999999998e-06,0.3125,39062.50000000001,1.2387084960937505e-09,252278886.4252278,1476,9,41,4,8,40,1.25,2.5,64.0
p1d64b_f01_low_low_q2_42p5_55_a64_l0,src_05,silicon_die_upper,8.000000000000001e-06,0.3125,39062.49999999999,1.1010742187500006e-09,283813747.2283812,1312,8,41,4,7,40,1.25,2.5,64.0
p1d64b_f01_low_low_q2_42p5_55_a64_l0,src_06,silicon_die_upper,8.000000000000001e-06,0.3125,39062.49999999999,1.2387084960937503e-09,252278886.42522782,1476,9,41,4,8,40,1.25,2.5,64.0
p1d64b_f01_low_low_q2_42p5_55_a64_l0,src_07,silicon_die_upper,8.000000000000006e-06,0.3125,39062.49999999997,1.2387084960937499e-09,252278886.4252279,1476,9,41,4,8,40,1.25,2.5,64.0
p1d64b_f01_low_low_q2_42p5_55_a16_l1,src_00,silicon_die_lower,1.9999999999999995e-06,0.3125,156250.00000000003,2.416992187499995e-10,1292929292.9292955,264,8,11,3,7,10,1.25,2.5,16.0
p1d64b_f01_low_low_q2_42p5_55_a16_l1,src_01,silicon_die_lower,1.9999999999999995e-06,0.3125,156250.00000000003,2.4169921874999955e-10,1292929292.9292953,264,8,11,3,7,10,1.25,2.5,16.0
p1d64b_f01_low_low_q2_42p5_55_a16_l1,src_02,silicon_die_lower,1.9999999999999986e-06,0.3125,156250.00000000012,2.4169921874999944e-10,1292929292.929296,264,8,11,3,7,10,1.25,2.5,16.0
p1d64b_f01_low_low_q2_42p5_55_a16_l1,src_03,silicon_die_lower,2.0000000000000016e-06,0.3125,156249.99999999988,2.416992187499994e-10,1292929292.9292963,264,8,11,3,7,10,1.25,2.5,16.0
p1d64b_f01_low_low_q2_42p5_55_a16_l1,src_04,silicon_die_upper,2.000000000000001e-06,0.3125,156249.9999999999,2.685546875000001e-10,1163636363.636363,320,8,10,4,7,9,1.25,2.5,16.0
p1d64b_f01_low_low_q2_42p5_55_a16_l1,src_05,silicon_die_upper,2.0000000000000008e-06,0.3125,156249.99999999994,2.685546875000001e-10,1163636363.636363,320,8,10,4,7,9,1.25,2.5,16.0
p1d64b_f01_low_low_q2_42p5_55_a16_l1,src_06,silicon_die_upper,2.000000000000001e-06,0.3125,156249.9999999999,2.685546875000001e-10,1163636363.636363,320,8,10,4,7,9,1.25,2.5,16.0
p1d64b_f01_low_low_q2_42p5_55_a16_l1,src_07,silicon_die_upper,2.000000000000003e-06,0.3125,156249.99999999977,2.6855468749999996e-10,1163636363.6363637,320,8,10,4,7,9,1.25,2.5,16.0
p1d64b_f01_low_low_q3_55_67p5_a32_l0,src_00,silicon_die_lower,3.999999999999998e-06,0.3875,96875.00000000004,4.94384765624999e-10,783802469.135804,540,9,20,3,8,19,1.55,3.1,32.0
p1d64b_f01_low_low_q3_55_67p5_a32_l0,src_01,silicon_die_lower,4e-06,0.3875,96875.0,4.394531249999991e-10,881777777.7777796,480,8,20,3,7,19,1.55,3.1,32.0
p1d64b_f01_low_low_q3_55_67p5_a32_l0,src_02,silicon_die_lower,4e-06,0.3875,96875.0,4.94384765624999e-10,783802469.135804,540,9,20,3,8,19,1.55,3.1,32.0
p1d64b_f01_low_low_q3_55_67p5_a32_l0,src_03,silicon_die_lower,4.000000000000002e-06,0.3875,96874.99999999994,4.943847656249988e-10,783802469.1358044,540,9,20,3,8,19,1.55,3.1,32.0
p1d64b_f01_low_low_q3_55_67p5_a32_l0,src_04,silicon_die_upper,4e-06,0.3875,96875.0,6.042480468750002e-10,641292929.292929,720,9,20,4,8,19,1.55,3.1,32.0
p1d64b_f01_low_low_q3_55_67p5_a32_l0,src_05,silicon_die_upper,4.0000000000000015e-06,0.3875,96874.99999999997,5.371093750000002e-10,721454545.4545451,640,8,20,4,7,19,1.55,3.1,32.0
p1d64b_f01_low_low_q3_55_67p5_a32_l0,src_06,silicon_die_upper,4.0000000000000015e-06,0.3875,96874.99999999997,6.042480468750002e-10,641292929.292929,720,9,20,4,8,19,1.55,3.1,32.0
p1d64b_f01_low_low_q3_55_67p5_a32_l0,src_07,silicon_die_upper,4.000000000000004e-06,0.3875,96874.9999999999,6.042480468749999e-10,641292929.2929294,720,9,20,4,8,19,1.55,3.1,32.0
p1d64b_f01_low_low_q3_55_67p5_a48_l1,src_00,silicon_die_lower,5.999999999999999e-06,0.3875,64583.33333333334,6.811523437499984e-10,568888888.8888903,744,8,31,3,7,30,1.55,3.1,48.0
p1d64b_f01_low_low_q3_55_67p5_a48_l1,src_01,silicon_die_lower,5.999999999999999e-06,0.3875,64583.33333333334,6.811523437499985e-10,568888888.8888901,744,8,31,3,7,30,1.55,3.1,48.0
p1d64b_f01_low_low_q3_55_67p5_a48_l1,src_02,silicon_die_lower,5.999999999999998e-06,0.3875,64583.33333333336,6.811523437499984e-10,568888888.8888903,744,8,31,3,7,30,1.55,3.1,48.0
p1d64b_f01_low_low_q3_55_67p5_a48_l1,src_03,silicon_die_lower,6.000000000000006e-06,0.3875,64583.33333333327,6.811523437499981e-10,568888888.8888905,744,8,31,3,7,30,1.55,3.1,48.0
p1d64b_f01_low_low_q3_55_67p5_a48_l1,src_04,silicon_die_upper,6.000000000000001e-06,0.3875,64583.33333333332,8.325195312500003e-10,465454545.4545453,992,8,31,4,7,30,1.55,3.1,48.0
p1d64b_f01_low_low_q3_55_67p5_a48_l1,src_05,silicon_die_upper,5.9999999999999985e-06,0.3875,64583.33333333335,8.325195312500003e-10,465454545.4545453,992,8,31,4,7,30,1.55,3.1,48.0
p1d64b_f01_low_low_q3_55_67p5_a48_l1,src_06,silicon_die_upper,6.000000000000001e-06,0.3875,64583.33333333332,8.325195312500003e-10,465454545.4545453,992,8,31,4,7,30,1.55,3.1,48.0
p1d64b_f01_low_low_q3_55_67p5_a48_l1,src_07,silicon_die_upper,6.000000000000004e-06,0.3875,64583.333333333285,8.325195312499998e-10,465454545.4545456,992,8,31,4,7,30,1.55,3.1,48.0
p1d64b_f01_low_low_q4_67p5_80_a64_l0,src_00,silicon_die_lower,7.999999999999998e-06,0.4625,57812.500000000015,1.0134887695312478e-09,456344474.55585766,1107,9,41,3,8,40,1.85,3.7,64.0
p1d64b_f01_low_low_q4_67p5_80_a64_l0,src_01,silicon_die_lower,8.000000000000001e-06,0.4625,57812.49999999999,9.008789062499982e-10,513387533.8753398,984,8,41,3,7,40,1.85,3.7,64.0
p1d64b_f01_low_low_q4_67p5_80_a64_l0,src_02,silicon_die_lower,8.000000000000001e-06,0.4625,57812.49999999999,1.0134887695312478e-09,456344474.55585766,1107,9,41,3,8,40,1.85,3.7,64.0
p1d64b_f01_low_low_q4_67p5_80_a64_l0,src_03,silicon_die_lower,8.000000000000006e-06,0.4625,57812.499999999956,1.0134887695312474e-09,456344474.5558579,1107,9,41,3,8,40,1.85,3.7,64.0
p1d64b_f01_low_low_q4_67p5_80_a64_l0,src_04,silicon_die_upper,7.999999999999998e-06,0.4625,57812.500000000015,1.2387084960937505e-09,373372751.90933716,1476,9,41,4,8,40,1.85,3.7,64.0
p1d64b_f01_low_low_q4_67p5_80_a64_l0,src_05,silicon_die_upper,8.000000000000001e-06,0.4625,57812.49999999999,1.1010742187500006e-09,420044345.89800423,1312,8,41,4,7,40,1.85,3.7,64.0
p1d64b_f01_low_low_q4_67p5_80_a64_l0,src_06,silicon_die_upper,8.000000000000001e-06,0.4625,57812.49999999999,1.2387084960937503e-09,373372751.9093372,1476,9,41,4,8,40,1.85,3.7,64.0
p1d64b_f01_low_low_q4_67p5_80_a64_l0,src_07,silicon_die_upper,8.000000000000006e-06,0.4625,57812.499999999956,1.2387084960937499e-09,373372751.90933734,1476,9,41,4,8,40,1.85,3.7,64.0
p1d64b_f01_low_low_q4_67p5_80_a16_l1,src_00,silicon_die_lower,1.9999999999999995e-06,0.4625,231250.00000000006,2.416992187499995e-10,1913535353.5353577,264,8,11,3,7,10,1.85,3.7,16.0
p1d64b_f01_low_low_q4_67p5_80_a16_l1,src_01,silicon_die_lower,1.9999999999999995e-06,0.4625,231250.00000000006,2.4169921874999955e-10,1913535353.5353572,264,8,11,3,7,10,1.85,3.7,16.0
p1d64b_f01_low_low_q4_67p5_80_a16_l1,src_02,silicon_die_lower,1.9999999999999986e-06,0.4625,231250.00000000017,2.4169921874999944e-10,1913535353.535358,264,8,11,3,7,10,1.85,3.7,16.0
p1d64b_f01_low_low_q4_67p5_80_a16_l1,src_03,silicon_die_lower,2.0000000000000016e-06,0.4625,231249.99999999983,2.416992187499994e-10,1913535353.5353584,264,8,11,3,7,10,1.85,3.7,16.0
p1d64b_f01_low_low_q4_67p5_80_a16_l1,src_04,silicon_die_upper,2.000000000000001e-06,0.4625,231249.99999999988,2.685546875000001e-10,1722181818.1818175,320,8,10,4,7,9,1.85,3.7,16.0
p1d64b_f01_low_low_q4_67p5_80_a16_l1,src_05,silicon_die_upper,2.0000000000000008e-06,0.4625,231249.9999999999,2.685546875000001e-10,1722181818.1818175,320,8,10,4,7,9,1.85,3.7,16.0
p1d64b_f01_low_low_q4_67p5_80_a16_l1,src_06,silicon_die_upper,2.000000000000001e-06,0.4625,231249.99999999988,2.685546875000001e-10,1722181818.1818175,320,8,10,4,7,9,1.85,3.7,16.0
p1d64b_f01_low_low_q4_67p5_80_a16_l1,src_07,silicon_die_upper,2.000000000000003e-06,0.4625,231249.99999999968,2.6855468749999996e-10,1722181818.1818185,320,8,10,4,7,9,1.85,3.7,16.0
p1d64b_f02_750_50_q1_30_42p5_a48_l0,src_00,silicon_die_lower,5.999999999999999e-06,0.35,58333.333333333336,7.415771484374984e-10,471967078.18930143,810,9,30,3,8,29,1.4,2.8,48.0
p1d64b_f02_750_50_q1_30_42p5_a48_l0,src_01,silicon_die_lower,6.000000000000002e-06,0.35,58333.333333333314,6.591796874999987e-10,530962962.962964,720,8,30,3,7,29,1.4,2.8,48.0
p1d64b_f02_750_50_q1_30_42p5_a48_l0,src_02,silicon_die_lower,6.000000000000002e-06,0.35,58333.333333333314,7.415771484374984e-10,471967078.18930143,810,9,30,3,8,29,1.4,2.8,48.0
p1d64b_f02_750_50_q1_30_42p5_a48_l0,src_03,silicon_die_lower,6.000000000000006e-06,0.35,58333.33333333327,7.415771484374981e-10,471967078.1893016,810,9,30,3,8,29,1.4,2.8,48.0
p1d64b_f02_750_50_q1_30_42p5_a48_l0,src_04,silicon_die_upper,5.9999999999999985e-06,0.35,58333.33333333334,9.063720703125001e-10,386154882.1548821,1080,9,30,4,8,29,1.4,2.8,48.0
p1d64b_f02_750_50_q1_30_42p5_a48_l0,src_05,silicon_die_upper,6.000000000000001e-06,0.35,58333.33333333332,8.056640625000004e-10,434424242.4242422,960,8,30,4,7,29,1.4,2.8,48.0
p1d64b_f02_750_50_q1_30_42p5_a48_l0,src_06,silicon_die_upper,6.000000000000001e-06,0.35,58333.33333333332,9.063720703125001e-10,386154882.1548821,1080,9,30,4,8,29,1.4,2.8,48.0
p1d64b_f02_750_50_q1_30_42p5_a48_l0,src_07,silicon_die_upper,6.000000000000004e-06,0.35,58333.333333333285,9.063720703124999e-10,386154882.1548822,1080,9,30,4,8,29,1.4,2.8,48.0
p1d64b_f02_750_50_q1_30_42p5_a64_l1,src_00,silicon_die_lower,7.999999999999998e-06,0.35,43750.00000000001,9.00878906249998e-10,388509485.0948518,984,8,41,3,7,40,1.4,2.8,64.0
p1d64b_f02_750_50_q1_30_42p5_a64_l1,src_01,silicon_die_lower,7.999999999999998e-06,0.35,43750.00000000001,9.008789062499982e-10,388509485.0948517,984,8,41,3,7,40,1.4,2.8,64.0
p1d64b_f02_750_50_q1_30_42p5_a64_l1,src_02,silicon_die_lower,7.999999999999995e-06,0.35,43750.00000000003,9.008789062499979e-10,388509485.09485185,984,8,41,3,7,40,1.4,2.8,64.0
p1d64b_f02_750_50_q1_30_42p5_a64_l1,src_03,silicon_die_lower,8.000000000000006e-06,0.35,43749.99999999996,9.008789062499976e-10,388509485.094852,984,8,41,3,7,40,1.4,2.8,64.0
p1d64b_f02_750_50_q1_30_42p5_a64_l1,src_04,silicon_die_upper,8.000000000000001e-06,0.35,43749.99999999999,1.1010742187500002e-09,317871396.89578706,1312,8,41,4,7,40,1.4,2.8,64.0
p1d64b_f02_750_50_q1_30_42p5_a64_l1,src_05,silicon_die_upper,7.999999999999998e-06,0.35,43750.00000000001,1.1010742187500002e-09,317871396.89578706,1312,8,41,4,7,40,1.4,2.8,64.0
p1d64b_f02_750_50_q1_30_42p5_a64_l1,src_06,silicon_die_upper,8.000000000000001e-06,0.35,43749.99999999999,1.1010742187500002e-09,317871396.89578706,1312,8,41,4,7,40,1.4,2.8,64.0
p1d64b_f02_750_50_q1_30_42p5_a64_l1,src_07,silicon_die_upper,8.000000000000006e-06,0.35,43749.99999999996,1.1010742187499996e-09,317871396.89578724,1312,8,41,4,7,40,1.4,2.8,64.0
p1d64b_f02_750_50_q2_42p5_55_a16_l0,src_00,silicon_die_lower,1.9999999999999995e-06,0.4625,231250.00000000006,2.471923828124995e-10,1871012345.6790164,270,9,10,3,8,9,1.85,3.7,16.0
p1d64b_f02_750_50_q2_42p5_55_a16_l0,src_01,silicon_die_lower,2.0000000000000003e-06,0.4625,231249.99999999997,2.1972656249999958e-10,2104888888.8888931,240,8,10,3,7,9,1.85,3.7,16.0
p1d64b_f02_750_50_q2_42p5_55_a16_l0,src_02,silicon_die_lower,2.0000000000000003e-06,0.4625,231249.99999999997,2.4719238281249944e-10,1871012345.6790166,270,9,10,3,8,9,1.85,3.7,16.0
p1d64b_f02_750_50_q2_42p5_55_a16_l0,src_03,silicon_die_lower,2.0000000000000016e-06,0.4625,231249.99999999983,2.471923828124994e-10,1871012345.679017,270,9,10,3,8,9,1.85,3.7,16.0
p1d64b_f02_750_50_q2_42p5_55_a16_l0,src_04,silicon_die_upper,1.9999999999999995e-06,0.4625,231250.00000000006,3.021240234375001e-10,1530828282.8282824,360,9,10,4,8,9,1.85,3.7,16.0
p1d64b_f02_750_50_q2_42p5_55_a16_l0,src_05,silicon_die_upper,2.0000000000000003e-06,0.4625,231249.99999999997,2.685546875000001e-10,1722181818.1818175,320,8,10,4,7,9,1.85,3.7,16.0
p1d64b_f02_750_50_q2_42p5_55_a16_l0,src_06,silicon_die_upper,2.0000000000000003e-06,0.4625,231249.99999999997,3.021240234375001e-10,1530828282.8282824,360,9,10,4,8,9,1.85,3.7,16.0
p1d64b_f02_750_50_q2_42p5_55_a16_l0,src_07,silicon_die_upper,2.0000000000000016e-06,0.4625,231249.99999999983,3.021240234375e-10,1530828282.8282828,360,9,10,4,8,9,1.85,3.7,16.0
p1d64b_f02_750_50_q2_42p5_55_a32_l1,src_00,silicon_die_lower,3.999999999999998e-06,0.4625,115625.00000000006,4.6142578124999894e-10,1002328042.3280447,504,8,21,3,7,20,1.85,3.7,32.0
p1d64b_f02_750_50_q2_42p5_55_a32_l1,src_01,silicon_die_lower,3.999999999999998e-06,0.4625,115625.00000000006,4.614257812499991e-10,1002328042.3280443,504,8,21,3,7,20,1.85,3.7,32.0
p1d64b_f02_750_50_q2_42p5_55_a32_l1,src_02,silicon_die_lower,3.999999999999997e-06,0.4625,115625.00000000009,4.6142578124999894e-10,1002328042.3280447,504,8,21,3,7,20,1.85,3.7,32.0
p1d64b_f02_750_50_q2_42p5_55_a32_l1,src_03,silicon_die_lower,4.000000000000002e-06,0.4625,115624.99999999994,4.614257812499987e-10,1002328042.3280452,504,8,21,3,7,20,1.85,3.7,32.0
p1d64b_f02_750_50_q2_42p5_55_a32_l1,src_04,silicon_die_upper,4.000000000000002e-06,0.4625,115624.99999999994,5.37109375e-10,861090909.0909091,640,8,20,4,7,19,1.85,3.7,32.0
p1d64b_f02_750_50_q2_42p5_55_a32_l1,src_05,silicon_die_upper,4.0000000000000015e-06,0.4625,115624.99999999996,5.371093750000001e-10,861090909.0909089,640,8,20,4,7,19,1.85,3.7,32.0
p1d64b_f02_750_50_q2_42p5_55_a32_l1,src_06,silicon_die_upper,4.000000000000002e-06,0.4625,115624.99999999994,5.371093750000002e-10,861090909.0909088,640,8,20,4,7,19,1.85,3.7,32.0
p1d64b_f02_750_50_q2_42p5_55_a32_l1,src_07,silicon_die_upper,4.000000000000006e-06,0.4625,115624.99999999984,5.371093749999998e-10,861090909.0909094,640,8,20,4,7,19,1.85,3.7,32.0
p1d64b_f02_750_50_q3_55_67p5_a48_l0,src_00,silicon_die_lower,5.999999999999999e-06,0.575,95833.33333333334,7.415771484374984e-10,775374485.5967095,810,9,30,3,8,29,2.3,4.6,48.0
p1d64b_f02_750_50_q3_55_67p5_a48_l0,src_01,silicon_die_lower,6.000000000000002e-06,0.575,95833.3333333333,6.591796874999987e-10,872296296.296298,720,8,30,3,7,29,2.3,4.6,48.0
p1d64b_f02_750_50_q3_55_67p5_a48_l0,src_02,silicon_die_lower,6.000000000000002e-06,0.575,95833.3333333333,7.415771484374984e-10,775374485.5967095,810,9,30,3,8,29,2.3,4.6,48.0
p1d64b_f02_750_50_q3_55_67p5_a48_l0,src_03,silicon_die_lower,6.000000000000006e-06,0.575,95833.33333333323,7.415771484374981e-10,775374485.5967097,810,9,30,3,8,29,2.3,4.6,48.0
p1d64b_f02_750_50_q3_55_67p5_a48_l0,src_04,silicon_die_upper,5.9999999999999985e-06,0.575,95833.33333333336,9.063720703125001e-10,634397306.3973063,1080,9,30,4,8,29,2.3,4.6,48.0
p1d64b_f02_750_50_q3_55_67p5_a48_l0,src_05,silicon_die_upper,6.000000000000001e-06,0.575,95833.33333333331,8.056640625000004e-10,713696969.6969694,960,8,30,4,7,29,2.3,4.6,48.0
p1d64b_f02_750_50_q3_55_67p5_a48_l0,src_06,silicon_die_upper,6.000000000000001e-06,0.575,95833.33333333331,9.063720703125001e-10,634397306.3973063,1080,9,30,4,8,29,2.3,4.6,48.0
p1d64b_f02_750_50_q3_55_67p5_a48_l0,src_07,silicon_die_upper,6.000000000000004e-06,0.575,95833.33333333326,9.063720703124999e-10,634397306.3973064,1080,9,30,4,8,29,2.3,4.6,48.0
p1d64b_f02_750_50_q3_55_67p5_a64_l1,src_00,silicon_die_lower,7.999999999999998e-06,0.575,71875.00000000001,9.00878906249998e-10,638265582.6558279,984,8,41,3,7,40,2.3,4.6,64.0
p1d64b_f02_750_50_q3_55_67p5_a64_l1,src_01,silicon_die_lower,7.999999999999998e-06,0.575,71875.00000000001,9.008789062499982e-10,638265582.6558278,984,8,41,3,7,40,2.3,4.6,64.0
p1d64b_f02_750_50_q3_55_67p5_a64_l1,src_02,silicon_die_lower,7.999999999999995e-06,0.575,71875.00000000004,9.008789062499979e-10,638265582.655828,984,8,41,3,7,40,2.3,4.6,64.0
p1d64b_f02_750_50_q3_55_67p5_a64_l1,src_03,silicon_die_lower,8.000000000000006e-06,0.575,71874.99999999994,9.008789062499976e-10,638265582.6558282,984,8,41,3,7,40,2.3,4.6,64.0
p1d64b_f02_750_50_q3_55_67p5_a64_l1,src_04,silicon_die_upper,8.000000000000001e-06,0.575,71874.99999999999,1.1010742187500002e-09,522217294.9002216,1312,8,41,4,7,40,2.3,4.6,64.0
p1d64b_f02_750_50_q3_55_67p5_a64_l1,src_05,silicon_die_upper,7.999999999999998e-06,0.575,71875.00000000001,1.1010742187500002e-09,522217294.9002216,1312,8,41,4,7,40,2.3,4.6,64.0
p1d64b_f02_750_50_q3_55_67p5_a64_l1,src_06,silicon_die_upper,8.000000000000001e-06,0.575,71874.99999999999,1.1010742187500002e-09,522217294.9002216,1312,8,41,4,7,40,2.3,4.6,64.0
p1d64b_f02_750_50_q3_55_67p5_a64_l1,src_07,silicon_die_upper,8.000000000000006e-06,0.575,71874.99999999994,1.1010742187499996e-09,522217294.9002219,1312,8,41,4,7,40,2.3,4.6,64.0
p1d64b_f02_750_50_q4_67p5_80_a16_l0,src_00,silicon_die_lower,1.9999999999999995e-06,0.6875,343750.0000000001,2.471923828124995e-10,2781234567.9012403,270,9,10,3,8,9,2.75,5.5,16.0
p1d64b_f02_750_50_q4_67p5_80_a16_l0,src_01,silicon_die_lower,2.0000000000000003e-06,0.6875,343749.99999999994,2.1972656249999958e-10,3128888888.888895,240,8,10,3,7,9,2.75,5.5,16.0
p1d64b_f02_750_50_q4_67p5_80_a16_l0,src_02,silicon_die_lower,2.0000000000000003e-06,0.6875,343749.99999999994,2.4719238281249944e-10,2781234567.901241,270,9,10,3,8,9,2.75,5.5,16.0
p1d64b_f02_750_50_q4_67p5_80_a16_l0,src_03,silicon_die_lower,2.0000000000000016e-06,0.6875,343749.9999999997,2.471923828124994e-10,2781234567.9012413,270,9,10,3,8,9,2.75,5.5,16.0
p1d64b_f02_750_50_q4_67p5_80_a16_l0,src_04,silicon_die_upper,1.9999999999999995e-06,0.6875,343750.0000000001,3.021240234375001e-10,2275555555.555555,360,9,10,4,8,9,2.75,5.5,16.0
p1d64b_f02_750_50_q4_67p5_80_a16_l0,src_05,silicon_die_upper,2.0000000000000003e-06,0.6875,343749.99999999994,2.685546875000001e-10,2559999999.999999,320,8,10,4,7,9,2.75,5.5,16.0
p1d64b_f02_750_50_q4_67p5_80_a16_l0,src_06,silicon_die_upper,2.0000000000000003e-06,0.6875,343749.99999999994,3.021240234375001e-10,2275555555.555555,360,9,10,4,8,9,2.75,5.5,16.0
p1d64b_f02_750_50_q4_67p5_80_a16_l0,src_07,silicon_die_upper,2.0000000000000016e-06,0.6875,343749.9999999997,3.021240234375e-10,2275555555.5555553,360,9,10,4,8,9,2.75,5.5,16.0
p1d64b_f02_750_50_q4_67p5_80_a32_l1,src_00,silicon_die_lower,3.999999999999998e-06,0.6875,171875.0000000001,4.6142578124999894e-10,1489947089.9470932,504,8,21,3,7,20,2.75,5.5,32.0
p1d64b_f02_750_50_q4_67p5_80_a32_l1,src_01,silicon_die_lower,3.999999999999998e-06,0.6875,171875.0000000001,4.614257812499991e-10,1489947089.9470928,504,8,21,3,7,20,2.75,5.5,32.0
p1d64b_f02_750_50_q4_67p5_80_a32_l1,src_02,silicon_die_lower,3.999999999999997e-06,0.6875,171875.00000000012,4.6142578124999894e-10,1489947089.9470932,504,8,21,3,7,20,2.75,5.5,32.0
p1d64b_f02_750_50_q4_67p5_80_a32_l1,src_03,silicon_die_lower,4.000000000000002e-06,0.6875,171874.9999999999,4.614257812499987e-10,1489947089.9470942,504,8,21,3,7,20,2.75,5.5,32.0
p1d64b_f02_750_50_q4_67p5_80_a32_l1,src_04,silicon_die_upper,4.000000000000002e-06,0.6875,171874.9999999999,5.37109375e-10,1280000000.0,640,8,20,4,7,19,2.75,5.5,32.0
p1d64b_f02_750_50_q4_67p5_80_a32_l1,src_05,silicon_die_upper,4.0000000000000015e-06,0.6875,171874.99999999994,5.371093750000001e-10,1279999999.9999998,640,8,20,4,7,19,2.75,5.5,32.0
p1d64b_f02_750_50_q4_67p5_80_a32_l1,src_06,silicon_die_upper,4.000000000000002e-06,0.6875,171874.9999999999,5.371093750000002e-10,1279999999.9999995,640,8,20,4,7,19,2.75,5.5,32.0
p1d64b_f02_750_50_q4_67p5_80_a32_l1,src_07,silicon_die_upper,4.000000000000006e-06,0.6875,171874.99999999977,5.371093749999998e-10,1280000000.0000005,640,8,20,4,7,19,2.75,5.5,32.0
p1d64b_f03_1000_100_q1_30_42p5_a64_l0,src_00,silicon_die_lower,7.999999999999998e-06,0.4625,57812.500000000015,1.0134887695312478e-09,456344474.55585766,1107,9,41,3,8,40,1.85,3.7,64.0
p1d64b_f03_1000_100_q1_30_42p5_a64_l0,src_01,silicon_die_lower,8.000000000000001e-06,0.4625,57812.49999999999,9.008789062499982e-10,513387533.8753398,984,8,41,3,7,40,1.85,3.7,64.0
p1d64b_f03_1000_100_q1_30_42p5_a64_l0,src_02,silicon_die_lower,8.000000000000001e-06,0.4625,57812.49999999999,1.0134887695312478e-09,456344474.55585766,1107,9,41,3,8,40,1.85,3.7,64.0
p1d64b_f03_1000_100_q1_30_42p5_a64_l0,src_03,silicon_die_lower,8.000000000000006e-06,0.4625,57812.499999999956,1.0134887695312474e-09,456344474.5558579,1107,9,41,3,8,40,1.85,3.7,64.0
p1d64b_f03_1000_100_q1_30_42p5_a64_l0,src_04,silicon_die_upper,7.999999999999998e-06,0.4625,57812.500000000015,1.2387084960937505e-09,373372751.90933716,1476,9,41,4,8,40,1.85,3.7,64.0
p1d64b_f03_1000_100_q1_30_42p5_a64_l0,src_05,silicon_die_upper,8.000000000000001e-06,0.4625,57812.49999999999,1.1010742187500006e-09,420044345.89800423,1312,8,41,4,7,40,1.85,3.7,64.0
p1d64b_f03_1000_100_q1_30_42p5_a64_l0,src_06,silicon_die_upper,8.000000000000001e-06,0.4625,57812.49999999999,1.2387084960937503e-09,373372751.9093372,1476,9,41,4,8,40,1.85,3.7,64.0
p1d64b_f03_1000_100_q1_30_42p5_a64_l0,src_07,silicon_die_upper,8.000000000000006e-06,0.4625,57812.499999999956,1.2387084960937499e-09,373372751.90933734,1476,9,41,4,8,40,1.85,3.7,64.0
p1d64b_f03_1000_100_q1_30_42p5_a16_l1,src_00,silicon_die_lower,1.9999999999999995e-06,0.4625,231250.00000000006,2.416992187499995e-10,1913535353.5353577,264,8,11,3,7,10,1.85,3.7,16.0
p1d64b_f03_1000_100_q1_30_42p5_a16_l1,src_01,silicon_die_lower,1.9999999999999995e-06,0.4625,231250.00000000006,2.4169921874999955e-10,1913535353.5353572,264,8,11,3,7,10,1.85,3.7,16.0
p1d64b_f03_1000_100_q1_30_42p5_a16_l1,src_02,silicon_die_lower,1.9999999999999986e-06,0.4625,231250.00000000017,2.4169921874999944e-10,1913535353.535358,264,8,11,3,7,10,1.85,3.7,16.0
p1d64b_f03_1000_100_q1_30_42p5_a16_l1,src_03,silicon_die_lower,2.0000000000000016e-06,0.4625,231249.99999999983,2.416992187499994e-10,1913535353.5353584,264,8,11,3,7,10,1.85,3.7,16.0
p1d64b_f03_1000_100_q1_30_42p5_a16_l1,src_04,silicon_die_upper,2.000000000000001e-06,0.4625,231249.99999999988,2.685546875000001e-10,1722181818.1818175,320,8,10,4,7,9,1.85,3.7,16.0
p1d64b_f03_1000_100_q1_30_42p5_a16_l1,src_05,silicon_die_upper,2.0000000000000008e-06,0.4625,231249.9999999999,2.685546875000001e-10,1722181818.1818175,320,8,10,4,7,9,1.85,3.7,16.0
p1d64b_f03_1000_100_q1_30_42p5_a16_l1,src_06,silicon_die_upper,2.000000000000001e-06,0.4625,231249.99999999988,2.685546875000001e-10,1722181818.1818175,320,8,10,4,7,9,1.85,3.7,16.0
p1d64b_f03_1000_100_q1_30_42p5_a16_l1,src_07,silicon_die_upper,2.000000000000003e-06,0.4625,231249.99999999968,2.6855468749999996e-10,1722181818.1818185,320,8,10,4,7,9,1.85,3.7,16.0
p1d64b_f03_1000_100_q2_42p5_55_a32_l0,src_00,silicon_die_lower,3.999999999999998e-06,0.625,156250.0000000001,4.94384765624999e-10,1264197530.8642,540,9,20,3,8,19,2.5,5.0,32.0
p1d64b_f03_1000_100_q2_42p5_55_a32_l0,src_01,silicon_die_lower,4e-06,0.625,156250.0,4.394531249999991e-10,1422222222.2222252,480,8,20,3,7,19,2.5,5.0,32.0
p1d64b_f03_1000_100_q2_42p5_55_a32_l0,src_02,silicon_die_lower,4e-06,0.625,156250.0,4.94384765624999e-10,1264197530.8642,540,9,20,3,8,19,2.5,5.0,32.0
p1d64b_f03_1000_100_q2_42p5_55_a32_l0,src_03,silicon_die_lower,4.000000000000002e-06,0.625,156249.9999999999,4.943847656249988e-10,1264197530.8642006,540,9,20,3,8,19,2.5,5.0,32.0
p1d64b_f03_1000_100_q2_42p5_55_a32_l0,src_04,silicon_die_upper,4e-06,0.625,156250.0,6.042480468750002e-10,1034343434.343434,720,9,20,4,8,19,2.5,5.0,32.0
p1d64b_f03_1000_100_q2_42p5_55_a32_l0,src_05,silicon_die_upper,4.0000000000000015e-06,0.625,156249.99999999994,5.371093750000002e-10,1163636363.636363,640,8,20,4,7,19,2.5,5.0,32.0
p1d64b_f03_1000_100_q2_42p5_55_a32_l0,src_06,silicon_die_upper,4.0000000000000015e-06,0.625,156249.99999999994,6.042480468750002e-10,1034343434.343434,720,9,20,4,8,19,2.5,5.0,32.0
p1d64b_f03_1000_100_q2_42p5_55_a32_l0,src_07,silicon_die_upper,4.000000000000004e-06,0.625,156249.99999999985,6.042480468749999e-10,1034343434.3434345,720,9,20,4,8,19,2.5,5.0,32.0
p1d64b_f03_1000_100_q2_42p5_55_a48_l1,src_00,silicon_die_lower,5.999999999999999e-06,0.625,104166.66666666667,6.811523437499984e-10,917562724.014339,744,8,31,3,7,30,2.5,5.0,48.0
p1d64b_f03_1000_100_q2_42p5_55_a48_l1,src_01,silicon_die_lower,5.999999999999999e-06,0.625,104166.66666666667,6.811523437499985e-10,917562724.0143389,744,8,31,3,7,30,2.5,5.0,48.0
p1d64b_f03_1000_100_q2_42p5_55_a48_l1,src_02,silicon_die_lower,5.999999999999998e-06,0.625,104166.66666666672,6.811523437499984e-10,917562724.014339,744,8,31,3,7,30,2.5,5.0,48.0
p1d64b_f03_1000_100_q2_42p5_55_a48_l1,src_03,silicon_die_lower,6.000000000000006e-06,0.625,104166.66666666656,6.811523437499981e-10,917562724.0143394,744,8,31,3,7,30,2.5,5.0,48.0
p1d64b_f03_1000_100_q2_42p5_55_a48_l1,src_04,silicon_die_upper,6.000000000000001e-06,0.625,104166.66666666664,8.325195312500003e-10,750733137.8299117,992,8,31,4,7,30,2.5,5.0,48.0
p1d64b_f03_1000_100_q2_42p5_55_a48_l1,src_05,silicon_die_upper,5.9999999999999985e-06,0.625,104166.6666666667,8.325195312500003e-10,750733137.8299117,992,8,31,4,7,30,2.5,5.0,48.0
p1d64b_f03_1000_100_q2_42p5_55_a48_l1,src_06,silicon_die_upper,6.000000000000001e-06,0.625,104166.66666666664,8.325195312500003e-10,750733137.8299117,992,8,31,4,7,30,2.5,5.0,48.0
p1d64b_f03_1000_100_q2_42p5_55_a48_l1,src_07,silicon_die_upper,6.000000000000004e-06,0.625,104166.66666666658,8.325195312499998e-10,750733137.8299122,992,8,31,4,7,30,2.5,5.0,48.0
p1d64b_f03_1000_100_q3_55_67p5_a64_l0,src_00,silicon_die_lower,7.999999999999998e-06,0.775,96875.00000000003,1.0134887695312478e-09,764685335.7422479,1107,9,41,3,8,40,3.1,6.2,64.0
p1d64b_f03_1000_100_q3_55_67p5_a64_l0,src_01,silicon_die_lower,8.000000000000001e-06,0.775,96874.99999999999,9.008789062499982e-10,860271002.7100289,984,8,41,3,7,40,3.1,6.2,64.0
p1d64b_f03_1000_100_q3_55_67p5_a64_l0,src_02,silicon_die_lower,8.000000000000001e-06,0.775,96874.99999999999,1.0134887695312478e-09,764685335.7422479,1107,9,41,3,8,40,3.1,6.2,64.0
p1d64b_f03_1000_100_q3_55_67p5_a64_l0,src_03,silicon_die_lower,8.000000000000006e-06,0.775,96874.99999999993,1.0134887695312474e-09,764685335.7422483,1107,9,41,3,8,40,3.1,6.2,64.0
p1d64b_f03_1000_100_q3_55_67p5_a64_l0,src_04,silicon_die_upper,7.999999999999998e-06,0.775,96875.00000000003,1.2387084960937505e-09,625651638.3345649,1476,9,41,4,8,40,3.1,6.2,64.0
p1d64b_f03_1000_100_q3_55_67p5_a64_l0,src_05,silicon_die_upper,8.000000000000001e-06,0.775,96874.99999999999,1.1010742187500006e-09,703858093.1263855,1312,8,41,4,7,40,3.1,6.2,64.0
p1d64b_f03_1000_100_q3_55_67p5_a64_l0,src_06,silicon_die_upper,8.000000000000001e-06,0.775,96874.99999999999,1.2387084960937503e-09,625651638.334565,1476,9,41,4,8,40,3.1,6.2,64.0
p1d64b_f03_1000_100_q3_55_67p5_a64_l0,src_07,silicon_die_upper,8.000000000000006e-06,0.775,96874.99999999993,1.2387084960937499e-09,625651638.3345653,1476,9,41,4,8,40,3.1,6.2,64.0
p1d64b_f03_1000_100_q3_55_67p5_a16_l1,src_00,silicon_die_lower,1.9999999999999995e-06,0.775,387500.0000000001,2.416992187499995e-10,3206464646.464653,264,8,11,3,7,10,3.1,6.2,16.0
p1d64b_f03_1000_100_q3_55_67p5_a16_l1,src_01,silicon_die_lower,1.9999999999999995e-06,0.775,387500.0000000001,2.4169921874999955e-10,3206464646.4646525,264,8,11,3,7,10,3.1,6.2,16.0
p1d64b_f03_1000_100_q3_55_67p5_a16_l1,src_02,silicon_die_lower,1.9999999999999986e-06,0.775,387500.0000000003,2.4169921874999944e-10,3206464646.464654,264,8,11,3,7,10,3.1,6.2,16.0
p1d64b_f03_1000_100_q3_55_67p5_a16_l1,src_03,silicon_die_lower,2.0000000000000016e-06,0.775,387499.9999999997,2.416992187499994e-10,3206464646.4646544,264,8,11,3,7,10,3.1,6.2,16.0
p1d64b_f03_1000_100_q3_55_67p5_a16_l1,src_04,silicon_die_upper,2.000000000000001e-06,0.775,387499.99999999977,2.685546875000001e-10,2885818181.8181806,320,8,10,4,7,9,3.1,6.2,16.0
p1d64b_f03_1000_100_q3_55_67p5_a16_l1,src_05,silicon_die_upper,2.0000000000000008e-06,0.775,387499.9999999999,2.685546875000001e-10,2885818181.8181806,320,8,10,4,7,9,3.1,6.2,16.0
p1d64b_f03_1000_100_q3_55_67p5_a16_l1,src_06,silicon_die_upper,2.000000000000001e-06,0.775,387499.99999999977,2.685546875000001e-10,2885818181.8181806,320,8,10,4,7,9,3.1,6.2,16.0
p1d64b_f03_1000_100_q3_55_67p5_a16_l1,src_07,silicon_die_upper,2.000000000000003e-06,0.775,387499.9999999995,2.6855468749999996e-10,2885818181.8181825,320,8,10,4,7,9,3.1,6.2,16.0
p1d64b_f03_1000_100_q4_67p5_80_a32_l0,src_00,silicon_die_lower,3.999999999999998e-06,0.9125,228125.0000000001,4.94384765624999e-10,1845728395.061732,540,9,20,3,8,19,3.65,7.3,32.0
p1d64b_f03_1000_100_q4_67p5_80_a32_l0,src_01,silicon_die_lower,4e-06,0.9125,228125.0,4.394531249999991e-10,2076444444.4444487,480,8,20,3,7,19,3.65,7.3,32.0
p1d64b_f03_1000_100_q4_67p5_80_a32_l0,src_02,silicon_die_lower,4e-06,0.9125,228125.0,4.94384765624999e-10,1845728395.061732,540,9,20,3,8,19,3.65,7.3,32.0
p1d64b_f03_1000_100_q4_67p5_80_a32_l0,src_03,silicon_die_lower,4.000000000000002e-06,0.9125,228124.99999999985,4.943847656249988e-10,1845728395.061733,540,9,20,3,8,19,3.65,7.3,32.0
p1d64b_f03_1000_100_q4_67p5_80_a32_l0,src_04,silicon_die_upper,4e-06,0.9125,228125.0,6.042480468750002e-10,1510141414.1414137,720,9,20,4,8,19,3.65,7.3,32.0
p1d64b_f03_1000_100_q4_67p5_80_a32_l0,src_05,silicon_die_upper,4.0000000000000015e-06,0.9125,228124.9999999999,5.371093750000002e-10,1698909090.90909,640,8,20,4,7,19,3.65,7.3,32.0
p1d64b_f03_1000_100_q4_67p5_80_a32_l0,src_06,silicon_die_upper,4.0000000000000015e-06,0.9125,228124.9999999999,6.042480468750002e-10,1510141414.1414137,720,9,20,4,8,19,3.65,7.3,32.0
p1d64b_f03_1000_100_q4_67p5_80_a32_l0,src_07,silicon_die_upper,4.000000000000004e-06,0.9125,228124.99999999977,6.042480468749999e-10,1510141414.1414144,720,9,20,4,8,19,3.65,7.3,32.0
p1d64b_f03_1000_100_q4_67p5_80_a48_l1,src_00,silicon_die_lower,5.999999999999999e-06,0.9125,152083.33333333334,6.811523437499984e-10,1339641577.060935,744,8,31,3,7,30,3.65,7.3,48.0
p1d64b_f03_1000_100_q4_67p5_80_a48_l1,src_01,silicon_die_lower,5.999999999999999e-06,0.9125,152083.33333333334,6.811523437499985e-10,1339641577.0609348,744,8,31,3,7,30,3.65,7.3,48.0
p1d64b_f03_1000_100_q4_67p5_80_a48_l1,src_02,silicon_die_lower,5.999999999999998e-06,0.9125,152083.3333333334,6.811523437499984e-10,1339641577.060935,744,8,31,3,7,30,3.65,7.3,48.0
p1d64b_f03_1000_100_q4_67p5_80_a48_l1,src_03,silicon_die_lower,6.000000000000006e-06,0.9125,152083.33333333317,6.811523437499981e-10,1339641577.0609355,744,8,31,3,7,30,3.65,7.3,48.0
p1d64b_f03_1000_100_q4_67p5_80_a48_l1,src_04,silicon_die_upper,6.000000000000001e-06,0.9125,152083.3333333333,8.325195312500003e-10,1096070381.231671,992,8,31,4,7,30,3.65,7.3,48.0
p1d64b_f03_1000_100_q4_67p5_80_a48_l1,src_05,silicon_die_upper,5.9999999999999985e-06,0.9125,152083.33333333337,8.325195312500003e-10,1096070381.231671,992,8,31,4,7,30,3.65,7.3,48.0
p1d64b_f03_1000_100_q4_67p5_80_a48_l1,src_06,silicon_die_upper,6.000000000000001e-06,0.9125,152083.3333333333,8.325195312500003e-10,1096070381.231671,992,8,31,4,7,30,3.65,7.3,48.0
p1d64b_f03_1000_100_q4_67p5_80_a48_l1,src_07,silicon_die_upper,6.000000000000004e-06,0.9125,152083.33333333323,8.325195312499998e-10,1096070381.2316718,992,8,31,4,7,30,3.65,7.3,48.0
p1d64b_f04_1500_200_q1_30_42p5_a16_l0,src_00,silicon_die_lower,1.9999999999999995e-06,0.6875,343750.0000000001,2.471923828124995e-10,2781234567.9012403,270,9,10,3,8,9,2.75,5.5,16.0
p1d64b_f04_1500_200_q1_30_42p5_a16_l0,src_01,silicon_die_lower,2.0000000000000003e-06,0.6875,343749.99999999994,2.1972656249999958e-10,3128888888.888895,240,8,10,3,7,9,2.75,5.5,16.0
p1d64b_f04_1500_200_q1_30_42p5_a16_l0,src_02,silicon_die_lower,2.0000000000000003e-06,0.6875,343749.99999999994,2.4719238281249944e-10,2781234567.901241,270,9,10,3,8,9,2.75,5.5,16.0
p1d64b_f04_1500_200_q1_30_42p5_a16_l0,src_03,silicon_die_lower,2.0000000000000016e-06,0.6875,343749.9999999997,2.471923828124994e-10,2781234567.9012413,270,9,10,3,8,9,2.75,5.5,16.0
p1d64b_f04_1500_200_q1_30_42p5_a16_l0,src_04,silicon_die_upper,1.9999999999999995e-06,0.6875,343750.0000000001,3.021240234375001e-10,2275555555.555555,360,9,10,4,8,9,2.75,5.5,16.0
p1d64b_f04_1500_200_q1_30_42p5_a16_l0,src_05,silicon_die_upper,2.0000000000000003e-06,0.6875,343749.99999999994,2.685546875000001e-10,2559999999.999999,320,8,10,4,7,9,2.75,5.5,16.0
p1d64b_f04_1500_200_q1_30_42p5_a16_l0,src_06,silicon_die_upper,2.0000000000000003e-06,0.6875,343749.99999999994,3.021240234375001e-10,2275555555.555555,360,9,10,4,8,9,2.75,5.5,16.0
p1d64b_f04_1500_200_q1_30_42p5_a16_l0,src_07,silicon_die_upper,2.0000000000000016e-06,0.6875,343749.9999999997,3.021240234375e-10,2275555555.5555553,360,9,10,4,8,9,2.75,5.5,16.0
p1d64b_f04_1500_200_q1_30_42p5_a32_l1,src_00,silicon_die_lower,3.999999999999998e-06,0.6875,171875.0000000001,4.6142578124999894e-10,1489947089.9470932,504,8,21,3,7,20,2.75,5.5,32.0
p1d64b_f04_1500_200_q1_30_42p5_a32_l1,src_01,silicon_die_lower,3.999999999999998e-06,0.6875,171875.0000000001,4.614257812499991e-10,1489947089.9470928,504,8,21,3,7,20,2.75,5.5,32.0
p1d64b_f04_1500_200_q1_30_42p5_a32_l1,src_02,silicon_die_lower,3.999999999999997e-06,0.6875,171875.00000000012,4.6142578124999894e-10,1489947089.9470932,504,8,21,3,7,20,2.75,5.5,32.0
p1d64b_f04_1500_200_q1_30_42p5_a32_l1,src_03,silicon_die_lower,4.000000000000002e-06,0.6875,171874.9999999999,4.614257812499987e-10,1489947089.9470942,504,8,21,3,7,20,2.75,5.5,32.0
p1d64b_f04_1500_200_q1_30_42p5_a32_l1,src_04,silicon_die_upper,4.000000000000002e-06,0.6875,171874.9999999999,5.37109375e-10,1280000000.0,640,8,20,4,7,19,2.75,5.5,32.0
p1d64b_f04_1500_200_q1_30_42p5_a32_l1,src_05,silicon_die_upper,4.0000000000000015e-06,0.6875,171874.99999999994,5.371093750000001e-10,1279999999.9999998,640,8,20,4,7,19,2.75,5.5,32.0
p1d64b_f04_1500_200_q1_30_42p5_a32_l1,src_06,silicon_die_upper,4.000000000000002e-06,0.6875,171874.9999999999,5.371093750000002e-10,1279999999.9999995,640,8,20,4,7,19,2.75,5.5,32.0
p1d64b_f04_1500_200_q1_30_42p5_a32_l1,src_07,silicon_die_upper,4.000000000000006e-06,0.6875,171874.99999999977,5.371093749999998e-10,1280000000.0000005,640,8,20,4,7,19,2.75,5.5,32.0
p1d64b_f04_1500_200_q2_42p5_55_a48_l0,src_00,silicon_die_lower,5.999999999999999e-06,0.9,150000.00000000003,7.415771484374984e-10,1213629629.6296322,810,9,30,3,8,29,3.6,7.2,48.0
p1d64b_f04_1500_200_q2_42p5_55_a48_l0,src_01,silicon_die_lower,6.000000000000002e-06,0.9,149999.99999999997,6.591796874999987e-10,1365333333.333336,720,8,30,3,7,29,3.6,7.2,48.0
p1d64b_f04_1500_200_q2_42p5_55_a48_l0,src_02,silicon_die_lower,6.000000000000002e-06,0.9,149999.99999999997,7.415771484374984e-10,1213629629.6296322,810,9,30,3,8,29,3.6,7.2,48.0
p1d64b_f04_1500_200_q2_42p5_55_a48_l0,src_03,silicon_die_lower,6.000000000000006e-06,0.9,149999.99999999985,7.415771484374981e-10,1213629629.6296327,810,9,30,3,8,29,3.6,7.2,48.0
p1d64b_f04_1500_200_q2_42p5_55_a48_l0,src_04,silicon_die_upper,5.9999999999999985e-06,0.9,150000.00000000003,9.063720703125001e-10,992969696.9696969,1080,9,30,4,8,29,3.6,7.2,48.0
p1d64b_f04_1500_200_q2_42p5_55_a48_l0,src_05,silicon_die_upper,6.000000000000001e-06,0.9,149999.99999999997,8.056640625000004e-10,1117090909.0909085,960,8,30,4,7,29,3.6,7.2,48.0
p1d64b_f04_1500_200_q2_42p5_55_a48_l0,src_06,silicon_die_upper,6.000000000000001e-06,0.9,149999.99999999997,9.063720703125001e-10,992969696.9696969,1080,9,30,4,8,29,3.6,7.2,48.0
p1d64b_f04_1500_200_q2_42p5_55_a48_l0,src_07,silicon_die_upper,6.000000000000004e-06,0.9,149999.99999999988,9.063720703124999e-10,992969696.9696971,1080,9,30,4,8,29,3.6,7.2,48.0
p1d64b_f04_1500_200_q2_42p5_55_a64_l1,src_00,silicon_die_lower,7.999999999999998e-06,0.9,112500.00000000003,9.00878906249998e-10,999024390.2439047,984,8,41,3,7,40,3.6,7.2,64.0
p1d64b_f04_1500_200_q2_42p5_55_a64_l1,src_01,silicon_die_lower,7.999999999999998e-06,0.9,112500.00000000003,9.008789062499982e-10,999024390.2439045,984,8,41,3,7,40,3.6,7.2,64.0
p1d64b_f04_1500_200_q2_42p5_55_a64_l1,src_02,silicon_die_lower,7.999999999999995e-06,0.9,112500.00000000007,9.008789062499979e-10,999024390.2439048,984,8,41,3,7,40,3.6,7.2,64.0
p1d64b_f04_1500_200_q2_42p5_55_a64_l1,src_03,silicon_die_lower,8.000000000000006e-06,0.9,112499.99999999991,9.008789062499976e-10,999024390.2439052,984,8,41,3,7,40,3.6,7.2,64.0
p1d64b_f04_1500_200_q2_42p5_55_a64_l1,src_04,silicon_die_upper,8.000000000000001e-06,0.9,112499.99999999999,1.1010742187500002e-09,817383592.0177382,1312,8,41,4,7,40,3.6,7.2,64.0
p1d64b_f04_1500_200_q2_42p5_55_a64_l1,src_05,silicon_die_upper,7.999999999999998e-06,0.9,112500.00000000003,1.1010742187500002e-09,817383592.0177382,1312,8,41,4,7,40,3.6,7.2,64.0
p1d64b_f04_1500_200_q2_42p5_55_a64_l1,src_06,silicon_die_upper,8.000000000000001e-06,0.9,112499.99999999999,1.1010742187500002e-09,817383592.0177382,1312,8,41,4,7,40,3.6,7.2,64.0
p1d64b_f04_1500_200_q2_42p5_55_a64_l1,src_07,silicon_die_upper,8.000000000000006e-06,0.9,112499.99999999991,1.1010742187499996e-09,817383592.0177387,1312,8,41,4,7,40,3.6,7.2,64.0
p1d64b_f04_1500_200_q3_55_67p5_a16_l0,src_00,silicon_die_lower,1.9999999999999995e-06,1.1125,556250.0000000001,2.471923828124995e-10,4500543209.876553,270,9,10,3,8,9,4.45,8.9,16.0
p1d64b_f04_1500_200_q3_55_67p5_a16_l0,src_01,silicon_die_lower,2.0000000000000003e-06,1.1125,556249.9999999999,2.1972656249999958e-10,5063111111.111121,240,8,10,3,7,9,4.45,8.9,16.0
p1d64b_f04_1500_200_q3_55_67p5_a16_l0,src_02,silicon_die_lower,2.0000000000000003e-06,1.1125,556249.9999999999,2.4719238281249944e-10,4500543209.876554,270,9,10,3,8,9,4.45,8.9,16.0
p1d64b_f04_1500_200_q3_55_67p5_a16_l0,src_03,silicon_die_lower,2.0000000000000016e-06,1.1125,556249.9999999995,2.471923828124994e-10,4500543209.8765545,270,9,10,3,8,9,4.45,8.9,16.0
p1d64b_f04_1500_200_q3_55_67p5_a16_l0,src_04,silicon_die_upper,1.9999999999999995e-06,1.1125,556250.0000000001,3.021240234375001e-10,3682262626.262625,360,9,10,4,8,9,4.45,8.9,16.0
p1d64b_f04_1500_200_q3_55_67p5_a16_l0,src_05,silicon_die_upper,2.0000000000000003e-06,1.1125,556249.9999999999,2.685546875000001e-10,4142545454.545453,320,8,10,4,7,9,4.45,8.9,16.0
p1d64b_f04_1500_200_q3_55_67p5_a16_l0,src_06,silicon_die_upper,2.0000000000000003e-06,1.1125,556249.9999999999,3.021240234375001e-10,3682262626.262625,360,9,10,4,8,9,4.45,8.9,16.0
p1d64b_f04_1500_200_q3_55_67p5_a16_l0,src_07,silicon_die_upper,2.0000000000000016e-06,1.1125,556249.9999999995,3.021240234375e-10,3682262626.262626,360,9,10,4,8,9,4.45,8.9,16.0
p1d64b_f04_1500_200_q3_55_67p5_a32_l1,src_00,silicon_die_lower,3.999999999999998e-06,1.1125,278125.0000000001,4.6142578124999894e-10,2411005291.0052967,504,8,21,3,7,20,4.45,8.9,32.0
p1d64b_f04_1500_200_q3_55_67p5_a32_l1,src_01,silicon_die_lower,3.999999999999998e-06,1.1125,278125.0000000001,4.614257812499991e-10,2411005291.0052958,504,8,21,3,7,20,4.45,8.9,32.0
p1d64b_f04_1500_200_q3_55_67p5_a32_l1,src_02,silicon_die_lower,3.999999999999997e-06,1.1125,278125.0000000002,4.6142578124999894e-10,2411005291.0052967,504,8,21,3,7,20,4.45,8.9,32.0
p1d64b_f04_1500_200_q3_55_67p5_a32_l1,src_03,silicon_die_lower,4.000000000000002e-06,1.1125,278124.9999999998,4.614257812499987e-10,2411005291.005298,504,8,21,3,7,20,4.45,8.9,32.0
p1d64b_f04_1500_200_q3_55_67p5_a32_l1,src_04,silicon_die_upper,4.000000000000002e-06,1.1125,278124.9999999998,5.37109375e-10,2071272727.2727273,640,8,20,4,7,19,4.45,8.9,32.0
p1d64b_f04_1500_200_q3_55_67p5_a32_l1,src_05,silicon_die_upper,4.0000000000000015e-06,1.1125,278124.9999999999,5.371093750000001e-10,2071272727.2727268,640,8,20,4,7,19,4.45,8.9,32.0
p1d64b_f04_1500_200_q3_55_67p5_a32_l1,src_06,silicon_die_upper,4.000000000000002e-06,1.1125,278124.9999999998,5.371093750000002e-10,2071272727.2727265,640,8,20,4,7,19,4.45,8.9,32.0
p1d64b_f04_1500_200_q3_55_67p5_a32_l1,src_07,silicon_die_upper,4.000000000000006e-06,1.1125,278124.9999999996,5.371093749999998e-10,2071272727.272728,640,8,20,4,7,19,4.45,8.9,32.0
p1d64b_f04_1500_200_q4_67p5_80_a48_l0,src_00,silicon_die_lower,5.999999999999999e-06,1.3375,222916.6666666667,7.415771484374984e-10,1803588477.3662589,810,9,30,3,8,29,5.35,10.7,48.0
p1d64b_f04_1500_200_q4_67p5_80_a48_l0,src_01,silicon_die_lower,6.000000000000002e-06,1.3375,222916.66666666657,6.591796874999987e-10,2029037037.037041,720,8,30,3,7,29,5.35,10.7,48.0
p1d64b_f04_1500_200_q4_67p5_80_a48_l0,src_02,silicon_die_lower,6.000000000000002e-06,1.3375,222916.66666666657,7.415771484374984e-10,1803588477.3662589,810,9,30,3,8,29,5.35,10.7,48.0
p1d64b_f04_1500_200_q4_67p5_80_a48_l0,src_03,silicon_die_lower,6.000000000000006e-06,1.3375,222916.66666666642,7.415771484374981e-10,1803588477.3662598,810,9,30,3,8,29,5.35,10.7,48.0
p1d64b_f04_1500_200_q4_67p5_80_a48_l0,src_04,silicon_die_upper,5.9999999999999985e-06,1.3375,222916.66666666672,9.063720703125001e-10,1475663299.6632993,1080,9,30,4,8,29,5.35,10.7,48.0
p1d64b_f04_1500_200_q4_67p5_80_a48_l0,src_05,silicon_die_upper,6.000000000000001e-06,1.3375,222916.66666666663,8.056640625000004e-10,1660121212.1212113,960,8,30,4,7,29,5.35,10.7,48.0
p1d64b_f04_1500_200_q4_67p5_80_a48_l0,src_06,silicon_die_upper,6.000000000000001e-06,1.3375,222916.66666666663,9.063720703125001e-10,1475663299.6632993,1080,9,30,4,8,29,5.35,10.7,48.0
p1d64b_f04_1500_200_q4_67p5_80_a48_l0,src_07,silicon_die_upper,6.000000000000004e-06,1.3375,222916.66666666648,9.063720703124999e-10,1475663299.6632998,1080,9,30,4,8,29,5.35,10.7,48.0
p1d64b_f04_1500_200_q4_67p5_80_a64_l1,src_00,silicon_die_lower,7.999999999999998e-06,1.3375,167187.50000000003,9.00878906249998e-10,1484661246.6124694,984,8,41,3,7,40,5.35,10.7,64.0
p1d64b_f04_1500_200_q4_67p5_80_a64_l1,src_01,silicon_die_lower,7.999999999999998e-06,1.3375,167187.50000000003,9.008789062499982e-10,1484661246.612469,984,8,41,3,7,40,5.35,10.7,64.0
p1d64b_f04_1500_200_q4_67p5_80_a64_l1,src_02,silicon_die_lower,7.999999999999995e-06,1.3375,167187.50000000012,9.008789062499979e-10,1484661246.6124694,984,8,41,3,7,40,5.35,10.7,64.0
p1d64b_f04_1500_200_q4_67p5_80_a64_l1,src_03,silicon_die_lower,8.000000000000006e-06,1.3375,167187.49999999985,9.008789062499976e-10,1484661246.61247,984,8,41,3,7,40,5.35,10.7,64.0
p1d64b_f04_1500_200_q4_67p5_80_a64_l1,src_04,silicon_die_upper,8.000000000000001e-06,1.3375,167187.49999999997,1.1010742187500002e-09,1214722838.137472,1312,8,41,4,7,40,5.35,10.7,64.0
p1d64b_f04_1500_200_q4_67p5_80_a64_l1,src_05,silicon_die_upper,7.999999999999998e-06,1.3375,167187.50000000003,1.1010742187500002e-09,1214722838.137472,1312,8,41,4,7,40,5.35,10.7,64.0
p1d64b_f04_1500_200_q4_67p5_80_a64_l1,src_06,silicon_die_upper,8.000000000000001e-06,1.3375,167187.49999999997,1.1010742187500002e-09,1214722838.137472,1312,8,41,4,7,40,5.35,10.7,64.0
p1d64b_f04_1500_200_q4_67p5_80_a64_l1,src_07,silicon_die_upper,8.000000000000006e-06,1.3375,167187.49999999985,1.1010742187499996e-09,1214722838.1374726,1312,8,41,4,7,40,5.35,10.7,64.0
p1d64b_f05_2000_20_q1_30_42p5_a32_l0,src_00,silicon_die_lower,3.999999999999998e-06,0.85,212500.0000000001,4.94384765624999e-10,1719308641.975312,540,9,20,3,8,19,3.4,6.8,32.0
p1d64b_f05_2000_20_q1_30_42p5_a32_l0,src_01,silicon_die_lower,4e-06,0.85,212500.0,4.394531249999991e-10,1934222222.2222261,480,8,20,3,7,19,3.4,6.8,32.0
p1d64b_f05_2000_20_q1_30_42p5_a32_l0,src_02,silicon_die_lower,4e-06,0.85,212500.0,4.94384765624999e-10,1719308641.975312,540,9,20,3,8,19,3.4,6.8,32.0
p1d64b_f05_2000_20_q1_30_42p5_a32_l0,src_03,silicon_die_lower,4.000000000000002e-06,0.85,212499.99999999988,4.943847656249988e-10,1719308641.975313,540,9,20,3,8,19,3.4,6.8,32.0
p1d64b_f05_2000_20_q1_30_42p5_a32_l0,src_04,silicon_die_upper,4e-06,0.85,212500.0,6.042480468750002e-10,1406707070.70707,720,9,20,4,8,19,3.4,6.8,32.0
p1d64b_f05_2000_20_q1_30_42p5_a32_l0,src_05,silicon_die_upper,4.0000000000000015e-06,0.85,212499.9999999999,5.371093750000002e-10,1582545454.5454538,640,8,20,4,7,19,3.4,6.8,32.0
p1d64b_f05_2000_20_q1_30_42p5_a32_l0,src_06,silicon_die_upper,4.0000000000000015e-06,0.85,212499.9999999999,6.042480468750002e-10,1406707070.70707,720,9,20,4,8,19,3.4,6.8,32.0
p1d64b_f05_2000_20_q1_30_42p5_a32_l0,src_07,silicon_die_upper,4.000000000000004e-06,0.85,212499.99999999977,6.042480468749999e-10,1406707070.7070708,720,9,20,4,8,19,3.4,6.8,32.0
p1d64b_f05_2000_20_q1_30_42p5_a48_l1,src_00,silicon_die_lower,5.999999999999999e-06,0.85,141666.6666666667,6.811523437499984e-10,1247885304.659501,744,8,31,3,7,30,3.4,6.8,48.0
p1d64b_f05_2000_20_q1_30_42p5_a48_l1,src_01,silicon_die_lower,5.999999999999999e-06,0.85,141666.6666666667,6.811523437499985e-10,1247885304.6595008,744,8,31,3,7,30,3.4,6.8,48.0
p1d64b_f05_2000_20_q1_30_42p5_a48_l1,src_02,silicon_die_lower,5.999999999999998e-06,0.85,141666.66666666672,6.811523437499984e-10,1247885304.659501,744,8,31,3,7,30,3.4,6.8,48.0
p1d64b_f05_2000_20_q1_30_42p5_a48_l1,src_03,silicon_die_lower,6.000000000000006e-06,0.85,141666.6666666665,6.811523437499981e-10,1247885304.6595016,744,8,31,3,7,30,3.4,6.8,48.0
p1d64b_f05_2000_20_q1_30_42p5_a48_l1,src_04,silicon_die_upper,6.000000000000001e-06,0.85,141666.66666666663,8.325195312500003e-10,1020997067.4486799,992,8,31,4,7,30,3.4,6.8,48.0
p1d64b_f05_2000_20_q1_30_42p5_a48_l1,src_05,silicon_die_upper,5.9999999999999985e-06,0.85,141666.6666666667,8.325195312500003e-10,1020997067.4486799,992,8,31,4,7,30,3.4,6.8,48.0
p1d64b_f05_2000_20_q1_30_42p5_a48_l1,src_06,silicon_die_upper,6.000000000000001e-06,0.85,141666.66666666663,8.325195312500003e-10,1020997067.4486799,992,8,31,4,7,30,3.4,6.8,48.0
p1d64b_f05_2000_20_q1_30_42p5_a48_l1,src_07,silicon_die_upper,6.000000000000004e-06,0.85,141666.66666666657,8.325195312499998e-10,1020997067.4486806,992,8,31,4,7,30,3.4,6.8,48.0
p1d64b_f05_2000_20_q2_42p5_55_a64_l0,src_00,silicon_die_lower,7.999999999999998e-06,1.125,140625.00000000003,1.0134887695312478e-09,1110027100.2710052,1107,9,41,3,8,40,4.5,9.0,64.0
p1d64b_f05_2000_20_q2_42p5_55_a64_l0,src_01,silicon_die_lower,8.000000000000001e-06,1.125,140624.99999999997,9.008789062499982e-10,1248780487.8048806,984,8,41,3,7,40,4.5,9.0,64.0
p1d64b_f05_2000_20_q2_42p5_55_a64_l0,src_02,silicon_die_lower,8.000000000000001e-06,1.125,140624.99999999997,1.0134887695312478e-09,1110027100.2710052,1107,9,41,3,8,40,4.5,9.0,64.0
p1d64b_f05_2000_20_q2_42p5_55_a64_l0,src_03,silicon_die_lower,8.000000000000006e-06,1.125,140624.99999999988,1.0134887695312474e-09,1110027100.2710056,1107,9,41,3,8,40,4.5,9.0,64.0
p1d64b_f05_2000_20_q2_42p5_55_a64_l0,src_04,silicon_die_upper,7.999999999999998e-06,1.125,140625.00000000003,1.2387084960937505e-09,908203991.13082,1476,9,41,4,8,40,4.5,9.0,64.0
p1d64b_f05_2000_20_q2_42p5_55_a64_l0,src_05,silicon_die_upper,8.000000000000001e-06,1.125,140624.99999999997,1.1010742187500006e-09,1021729490.0221723,1312,8,41,4,7,40,4.5,9.0,64.0
p1d64b_f05_2000_20_q2_42p5_55_a64_l0,src_06,silicon_die_upper,8.000000000000001e-06,1.125,140624.99999999997,1.2387084960937503e-09,908203991.1308202,1476,9,41,4,8,40,4.5,9.0,64.0
p1d64b_f05_2000_20_q2_42p5_55_a64_l0,src_07,silicon_die_upper,8.000000000000006e-06,1.125,140624.99999999988,1.2387084960937499e-09,908203991.1308205,1476,9,41,4,8,40,4.5,9.0,64.0
p1d64b_f05_2000_20_q2_42p5_55_a16_l1,src_00,silicon_die_lower,1.9999999999999995e-06,1.125,562500.0000000001,2.416992187499995e-10,4654545454.5454645,264,8,11,3,7,10,4.5,9.0,16.0
p1d64b_f05_2000_20_q2_42p5_55_a16_l1,src_01,silicon_die_lower,1.9999999999999995e-06,1.125,562500.0000000001,2.4169921874999955e-10,4654545454.545464,264,8,11,3,7,10,4.5,9.0,16.0
p1d64b_f05_2000_20_q2_42p5_55_a16_l1,src_02,silicon_die_lower,1.9999999999999986e-06,1.125,562500.0000000003,2.4169921874999944e-10,4654545454.545465,264,8,11,3,7,10,4.5,9.0,16.0
p1d64b_f05_2000_20_q2_42p5_55_a16_l1,src_03,silicon_die_lower,2.0000000000000016e-06,1.125,562499.9999999995,2.416992187499994e-10,4654545454.545466,264,8,11,3,7,10,4.5,9.0,16.0
p1d64b_f05_2000_20_q2_42p5_55_a16_l1,src_04,silicon_die_upper,2.000000000000001e-06,1.125,562499.9999999997,2.685546875000001e-10,4189090909.090907,320,8,10,4,7,9,4.5,9.0,16.0
p1d64b_f05_2000_20_q2_42p5_55_a16_l1,src_05,silicon_die_upper,2.0000000000000008e-06,1.125,562499.9999999998,2.685546875000001e-10,4189090909.090907,320,8,10,4,7,9,4.5,9.0,16.0
p1d64b_f05_2000_20_q2_42p5_55_a16_l1,src_06,silicon_die_upper,2.000000000000001e-06,1.125,562499.9999999997,2.685546875000001e-10,4189090909.090907,320,8,10,4,7,9,4.5,9.0,16.0
p1d64b_f05_2000_20_q2_42p5_55_a16_l1,src_07,silicon_die_upper,2.000000000000003e-06,1.125,562499.9999999992,2.6855468749999996e-10,4189090909.0909095,320,8,10,4,7,9,4.5,9.0,16.0
p1d64b_f05_2000_20_q3_55_67p5_a32_l0,src_00,silicon_die_lower,3.999999999999998e-06,1.4,350000.0000000001,4.94384765624999e-10,2831802469.135808,540,9,20,3,8,19,5.6,11.2,32.0
p1d64b_f05_2000_20_q3_55_67p5_a32_l0,src_01,silicon_die_lower,4e-06,1.4,350000.0,4.394531249999991e-10,3185777777.777784,480,8,20,3,7,19,5.6,11.2,32.0
p1d64b_f05_2000_20_q3_55_67p5_a32_l0,src_02,silicon_die_lower,4e-06,1.4,350000.0,4.94384765624999e-10,2831802469.135808,540,9,20,3,8,19,5.6,11.2,32.0
p1d64b_f05_2000_20_q3_55_67p5_a32_l0,src_03,silicon_die_lower,4.000000000000002e-06,1.4,349999.99999999977,4.943847656249988e-10,2831802469.1358094,540,9,20,3,8,19,5.6,11.2,32.0
p1d64b_f05_2000_20_q3_55_67p5_a32_l0,src_04,silicon_die_upper,4e-06,1.4,350000.0,6.042480468750002e-10,2316929292.929292,720,9,20,4,8,19,5.6,11.2,32.0
p1d64b_f05_2000_20_q3_55_67p5_a32_l0,src_05,silicon_die_upper,4.0000000000000015e-06,1.4,349999.9999999998,5.371093750000002e-10,2606545454.545453,640,8,20,4,7,19,5.6,11.2,32.0
p1d64b_f05_2000_20_q3_55_67p5_a32_l0,src_06,silicon_die_upper,4.0000000000000015e-06,1.4,349999.9999999998,6.042480468750002e-10,2316929292.929292,720,9,20,4,8,19,5.6,11.2,32.0
p1d64b_f05_2000_20_q3_55_67p5_a32_l0,src_07,silicon_die_upper,4.000000000000004e-06,1.4,349999.99999999965,6.042480468749999e-10,2316929292.929293,720,9,20,4,8,19,5.6,11.2,32.0
p1d64b_f05_2000_20_q3_55_67p5_a48_l1,src_00,silicon_die_lower,5.999999999999999e-06,1.4,233333.33333333334,6.811523437499984e-10,2055340501.7921193,744,8,31,3,7,30,5.6,11.2,48.0
p1d64b_f05_2000_20_q3_55_67p5_a48_l1,src_01,silicon_die_lower,5.999999999999999e-06,1.4,233333.33333333334,6.811523437499985e-10,2055340501.792119,744,8,31,3,7,30,5.6,11.2,48.0
p1d64b_f05_2000_20_q3_55_67p5_a48_l1,src_02,silicon_die_lower,5.999999999999998e-06,1.4,233333.3333333334,6.811523437499984e-10,2055340501.7921193,744,8,31,3,7,30,5.6,11.2,48.0
p1d64b_f05_2000_20_q3_55_67p5_a48_l1,src_03,silicon_die_lower,6.000000000000006e-06,1.4,233333.33333333308,6.811523437499981e-10,2055340501.7921202,744,8,31,3,7,30,5.6,11.2,48.0
p1d64b_f05_2000_20_q3_55_67p5_a48_l1,src_04,silicon_die_upper,6.000000000000001e-06,1.4,233333.33333333328,8.325195312500003e-10,1681642228.7390022,992,8,31,4,7,30,5.6,11.2,48.0
p1d64b_f05_2000_20_q3_55_67p5_a48_l1,src_05,silicon_die_upper,5.9999999999999985e-06,1.4,233333.33333333337,8.325195312500003e-10,1681642228.7390022,992,8,31,4,7,30,5.6,11.2,48.0
p1d64b_f05_2000_20_q3_55_67p5_a48_l1,src_06,silicon_die_upper,6.000000000000001e-06,1.4,233333.33333333328,8.325195312500003e-10,1681642228.7390022,992,8,31,4,7,30,5.6,11.2,48.0
p1d64b_f05_2000_20_q3_55_67p5_a48_l1,src_07,silicon_die_upper,6.000000000000004e-06,1.4,233333.33333333314,8.325195312499998e-10,1681642228.7390032,992,8,31,4,7,30,5.6,11.2,48.0
p1d64b_f05_2000_20_q4_67p5_80_a64_l0,src_00,silicon_die_lower,7.999999999999998e-06,1.675,209375.00000000006,1.0134887695312478e-09,1652707015.959052,1107,9,41,3,8,40,6.7,13.4,64.0
p1d64b_f05_2000_20_q4_67p5_80_a64_l0,src_01,silicon_die_lower,8.000000000000001e-06,1.675,209374.99999999997,9.008789062499982e-10,1859295392.9539332,984,8,41,3,7,40,6.7,13.4,64.0
p1d64b_f05_2000_20_q4_67p5_80_a64_l0,src_02,silicon_die_lower,8.000000000000001e-06,1.675,209374.99999999997,1.0134887695312478e-09,1652707015.959052,1107,9,41,3,8,40,6.7,13.4,64.0
p1d64b_f05_2000_20_q4_67p5_80_a64_l0,src_03,silicon_die_lower,8.000000000000006e-06,1.675,209374.99999999983,1.0134887695312474e-09,1652707015.9590528,1107,9,41,3,8,40,6.7,13.4,64.0
p1d64b_f05_2000_20_q4_67p5_80_a64_l0,src_04,silicon_die_upper,7.999999999999998e-06,1.675,209375.00000000006,1.2387084960937505e-09,1352214831.239221,1476,9,41,4,8,40,6.7,13.4,64.0
p1d64b_f05_2000_20_q4_67p5_80_a64_l0,src_05,silicon_die_upper,8.000000000000001e-06,1.675,209374.99999999997,1.1010742187500006e-09,1521241685.1441233,1312,8,41,4,7,40,6.7,13.4,64.0
p1d64b_f05_2000_20_q4_67p5_80_a64_l0,src_06,silicon_die_upper,8.000000000000001e-06,1.675,209374.99999999997,1.2387084960937503e-09,1352214831.239221,1476,9,41,4,8,40,6.7,13.4,64.0
p1d64b_f05_2000_20_q4_67p5_80_a64_l0,src_07,silicon_die_upper,8.000000000000006e-06,1.675,209374.99999999983,1.2387084960937499e-09,1352214831.2392216,1476,9,41,4,8,40,6.7,13.4,64.0
p1d64b_f05_2000_20_q4_67p5_80_a16_l1,src_00,silicon_die_lower,1.9999999999999995e-06,1.675,837500.0000000002,2.416992187499995e-10,6930101010.101025,264,8,11,3,7,10,6.7,13.4,16.0
p1d64b_f05_2000_20_q4_67p5_80_a16_l1,src_01,silicon_die_lower,1.9999999999999995e-06,1.675,837500.0000000002,2.4169921874999955e-10,6930101010.101024,264,8,11,3,7,10,6.7,13.4,16.0
p1d64b_f05_2000_20_q4_67p5_80_a16_l1,src_02,silicon_die_lower,1.9999999999999986e-06,1.675,837500.0000000006,2.4169921874999944e-10,6930101010.101027,264,8,11,3,7,10,6.7,13.4,16.0
p1d64b_f05_2000_20_q4_67p5_80_a16_l1,src_03,silicon_die_lower,2.0000000000000016e-06,1.675,837499.9999999993,2.416992187499994e-10,6930101010.1010275,264,8,11,3,7,10,6.7,13.4,16.0
p1d64b_f05_2000_20_q4_67p5_80_a16_l1,src_04,silicon_die_upper,2.000000000000001e-06,1.675,837499.9999999995,2.685546875000001e-10,6237090909.090906,320,8,10,4,7,9,6.7,13.4,16.0
p1d64b_f05_2000_20_q4_67p5_80_a16_l1,src_05,silicon_die_upper,2.0000000000000008e-06,1.675,837499.9999999997,2.685546875000001e-10,6237090909.090906,320,8,10,4,7,9,6.7,13.4,16.0
p1d64b_f05_2000_20_q4_67p5_80_a16_l1,src_06,silicon_die_upper,2.000000000000001e-06,1.675,837499.9999999995,2.685546875000001e-10,6237090909.090906,320,8,10,4,7,9,6.7,13.4,16.0
p1d64b_f05_2000_20_q4_67p5_80_a16_l1,src_07,silicon_die_upper,2.000000000000003e-06,1.675,837499.9999999988,2.6855468749999996e-10,6237090909.09091,320,8,10,4,7,9,6.7,13.4,16.0
p1d64b_f06_2500_100_q1_30_42p5_a48_l0,src_00,silicon_die_lower,5.999999999999999e-06,1.0625,177083.33333333334,7.415771484374984e-10,1432757201.6460936,810,9,30,3,8,29,4.25,8.5,48.0
p1d64b_f06_2500_100_q1_30_42p5_a48_l0,src_01,silicon_die_lower,6.000000000000002e-06,1.0625,177083.33333333328,6.591796874999987e-10,1611851851.851855,720,8,30,3,7,29,4.25,8.5,48.0
p1d64b_f06_2500_100_q1_30_42p5_a48_l0,src_02,silicon_die_lower,6.000000000000002e-06,1.0625,177083.33333333328,7.415771484374984e-10,1432757201.6460936,810,9,30,3,8,29,4.25,8.5,48.0
p1d64b_f06_2500_100_q1_30_42p5_a48_l0,src_03,silicon_die_lower,6.000000000000006e-06,1.0625,177083.33333333314,7.415771484374981e-10,1432757201.6460943,810,9,30,3,8,29,4.25,8.5,48.0
p1d64b_f06_2500_100_q1_30_42p5_a48_l0,src_04,silicon_die_upper,5.9999999999999985e-06,1.0625,177083.33333333337,9.063720703125001e-10,1172255892.255892,1080,9,30,4,8,29,4.25,8.5,48.0
p1d64b_f06_2500_100_q1_30_42p5_a48_l0,src_05,silicon_die_upper,6.000000000000001e-06,1.0625,177083.3333333333,8.056640625000004e-10,1318787878.7878783,960,8,30,4,7,29,4.25,8.5,48.0
p1d64b_f06_2500_100_q1_30_42p5_a48_l0,src_06,silicon_die_upper,6.000000000000001e-06,1.0625,177083.3333333333,9.063720703125001e-10,1172255892.255892,1080,9,30,4,8,29,4.25,8.5,48.0
p1d64b_f06_2500_100_q1_30_42p5_a48_l0,src_07,silicon_die_upper,6.000000000000004e-06,1.0625,177083.3333333332,9.063720703124999e-10,1172255892.2558923,1080,9,30,4,8,29,4.25,8.5,48.0
p1d64b_f06_2500_100_q1_30_42p5_a64_l1,src_00,silicon_die_lower,7.999999999999998e-06,1.0625,132812.50000000003,9.00878906249998e-10,1179403794.0379431,984,8,41,3,7,40,4.25,8.5,64.0
p1d64b_f06_2500_100_q1_30_42p5_a64_l1,src_01,silicon_die_lower,7.999999999999998e-06,1.0625,132812.50000000003,9.008789062499982e-10,1179403794.0379426,984,8,41,3,7,40,4.25,8.5,64.0
p1d64b_f06_2500_100_q1_30_42p5_a64_l1,src_02,silicon_die_lower,7.999999999999995e-06,1.0625,132812.5000000001,9.008789062499979e-10,1179403794.0379431,984,8,41,3,7,40,4.25,8.5,64.0
p1d64b_f06_2500_100_q1_30_42p5_a64_l1,src_03,silicon_die_lower,8.000000000000006e-06,1.0625,132812.49999999988,9.008789062499976e-10,1179403794.0379436,984,8,41,3,7,40,4.25,8.5,64.0
p1d64b_f06_2500_100_q1_30_42p5_a64_l1,src_04,silicon_die_upper,8.000000000000001e-06,1.0625,132812.49999999997,1.1010742187500002e-09,964966740.5764965,1312,8,41,4,7,40,4.25,8.5,64.0
p1d64b_f06_2500_100_q1_30_42p5_a64_l1,src_05,silicon_die_upper,7.999999999999998e-06,1.0625,132812.50000000003,1.1010742187500002e-09,964966740.5764965,1312,8,41,4,7,40,4.25,8.5,64.0
p1d64b_f06_2500_100_q1_30_42p5_a64_l1,src_06,silicon_die_upper,8.000000000000001e-06,1.0625,132812.49999999997,1.1010742187500002e-09,964966740.5764965,1312,8,41,4,7,40,4.25,8.5,64.0
p1d64b_f06_2500_100_q1_30_42p5_a64_l1,src_07,silicon_die_upper,8.000000000000006e-06,1.0625,132812.49999999988,1.1010742187499996e-09,964966740.5764971,1312,8,41,4,7,40,4.25,8.5,64.0
p1d64b_f06_2500_100_q2_42p5_55_a16_l0,src_00,silicon_die_lower,1.9999999999999995e-06,1.375,687500.0000000002,2.471923828124995e-10,5562469135.802481,270,9,10,3,8,9,5.5,11.0,16.0
p1d64b_f06_2500_100_q2_42p5_55_a16_l0,src_01,silicon_die_lower,2.0000000000000003e-06,1.375,687499.9999999999,2.1972656249999958e-10,6257777777.77779,240,8,10,3,7,9,5.5,11.0,16.0
p1d64b_f06_2500_100_q2_42p5_55_a16_l0,src_02,silicon_die_lower,2.0000000000000003e-06,1.375,687499.9999999999,2.4719238281249944e-10,5562469135.802482,270,9,10,3,8,9,5.5,11.0,16.0
p1d64b_f06_2500_100_q2_42p5_55_a16_l0,src_03,silicon_die_lower,2.0000000000000016e-06,1.375,687499.9999999994,2.471923828124994e-10,5562469135.802483,270,9,10,3,8,9,5.5,11.0,16.0
p1d64b_f06_2500_100_q2_42p5_55_a16_l0,src_04,silicon_die_upper,1.9999999999999995e-06,1.375,687500.0000000002,3.021240234375001e-10,4551111111.11111,360,9,10,4,8,9,5.5,11.0,16.0
p1d64b_f06_2500_100_q2_42p5_55_a16_l0,src_05,silicon_die_upper,2.0000000000000003e-06,1.375,687499.9999999999,2.685546875000001e-10,5119999999.999998,320,8,10,4,7,9,5.5,11.0,16.0
p1d64b_f06_2500_100_q2_42p5_55_a16_l0,src_06,silicon_die_upper,2.0000000000000003e-06,1.375,687499.9999999999,3.021240234375001e-10,4551111111.11111,360,9,10,4,8,9,5.5,11.0,16.0
p1d64b_f06_2500_100_q2_42p5_55_a16_l0,src_07,silicon_die_upper,2.0000000000000016e-06,1.375,687499.9999999994,3.021240234375e-10,4551111111.111111,360,9,10,4,8,9,5.5,11.0,16.0
p1d64b_f06_2500_100_q2_42p5_55_a32_l1,src_00,silicon_die_lower,3.999999999999998e-06,1.375,343750.0000000002,4.6142578124999894e-10,2979894179.8941865,504,8,21,3,7,20,5.5,11.0,32.0
p1d64b_f06_2500_100_q2_42p5_55_a32_l1,src_01,silicon_die_lower,3.999999999999998e-06,1.375,343750.0000000002,4.614257812499991e-10,2979894179.8941855,504,8,21,3,7,20,5.5,11.0,32.0
p1d64b_f06_2500_100_q2_42p5_55_a32_l1,src_02,silicon_die_lower,3.999999999999997e-06,1.375,343750.00000000023,4.6142578124999894e-10,2979894179.8941865,504,8,21,3,7,20,5.5,11.0,32.0
p1d64b_f06_2500_100_q2_42p5_55_a32_l1,src_03,silicon_die_lower,4.000000000000002e-06,1.375,343749.9999999998,4.614257812499987e-10,2979894179.8941884,504,8,21,3,7,20,5.5,11.0,32.0
p1d64b_f06_2500_100_q2_42p5_55_a32_l1,src_04,silicon_die_upper,4.000000000000002e-06,1.375,343749.9999999998,5.37109375e-10,2560000000.0,640,8,20,4,7,19,5.5,11.0,32.0
p1d64b_f06_2500_100_q2_42p5_55_a32_l1,src_05,silicon_die_upper,4.0000000000000015e-06,1.375,343749.9999999999,5.371093750000001e-10,2559999999.9999995,640,8,20,4,7,19,5.5,11.0,32.0
p1d64b_f06_2500_100_q2_42p5_55_a32_l1,src_06,silicon_die_upper,4.000000000000002e-06,1.375,343749.9999999998,5.371093750000002e-10,2559999999.999999,640,8,20,4,7,19,5.5,11.0,32.0
p1d64b_f06_2500_100_q2_42p5_55_a32_l1,src_07,silicon_die_upper,4.000000000000006e-06,1.375,343749.99999999953,5.371093749999998e-10,2560000000.000001,640,8,20,4,7,19,5.5,11.0,32.0
p1d64b_f06_2500_100_q3_55_67p5_a48_l0,src_00,silicon_die_lower,5.999999999999999e-06,1.725,287500.00000000006,7.415771484374984e-10,2326123456.7901287,810,9,30,3,8,29,6.9,13.8,48.0
p1d64b_f06_2500_100_q3_55_67p5_a48_l0,src_01,silicon_die_lower,6.000000000000002e-06,1.725,287499.99999999994,6.591796874999987e-10,2616888888.8888946,720,8,30,3,7,29,6.9,13.8,48.0
p1d64b_f06_2500_100_q3_55_67p5_a48_l0,src_02,silicon_die_lower,6.000000000000002e-06,1.725,287499.99999999994,7.415771484374984e-10,2326123456.7901287,810,9,30,3,8,29,6.9,13.8,48.0
p1d64b_f06_2500_100_q3_55_67p5_a48_l0,src_03,silicon_die_lower,6.000000000000006e-06,1.725,287499.9999999997,7.415771484374981e-10,2326123456.7901297,810,9,30,3,8,29,6.9,13.8,48.0
p1d64b_f06_2500_100_q3_55_67p5_a48_l0,src_04,silicon_die_upper,5.9999999999999985e-06,1.725,287500.0000000001,9.063720703125001e-10,1903191919.191919,1080,9,30,4,8,29,6.9,13.8,48.0
p1d64b_f06_2500_100_q3_55_67p5_a48_l0,src_05,silicon_die_upper,6.000000000000001e-06,1.725,287499.99999999994,8.056640625000004e-10,2141090909.0909083,960,8,30,4,7,29,6.9,13.8,48.0
p1d64b_f06_2500_100_q3_55_67p5_a48_l0,src_06,silicon_die_upper,6.000000000000001e-06,1.725,287499.99999999994,9.063720703125001e-10,1903191919.191919,1080,9,30,4,8,29,6.9,13.8,48.0
p1d64b_f06_2500_100_q3_55_67p5_a48_l0,src_07,silicon_die_upper,6.000000000000004e-06,1.725,287499.9999999998,9.063720703124999e-10,1903191919.1919196,1080,9,30,4,8,29,6.9,13.8,48.0
p1d64b_f06_2500_100_q3_55_67p5_a64_l1,src_00,silicon_die_lower,7.999999999999998e-06,1.725,215625.00000000006,9.00878906249998e-10,1914796747.967484,984,8,41,3,7,40,6.9,13.8,64.0
p1d64b_f06_2500_100_q3_55_67p5_a64_l1,src_01,silicon_die_lower,7.999999999999998e-06,1.725,215625.00000000006,9.008789062499982e-10,1914796747.9674835,984,8,41,3,7,40,6.9,13.8,64.0
p1d64b_f06_2500_100_q3_55_67p5_a64_l1,src_02,silicon_die_lower,7.999999999999995e-06,1.725,215625.00000000015,9.008789062499979e-10,1914796747.9674842,984,8,41,3,7,40,6.9,13.8,64.0
p1d64b_f06_2500_100_q3_55_67p5_a64_l1,src_03,silicon_die_lower,8.000000000000006e-06,1.725,215624.99999999983,9.008789062499976e-10,1914796747.967485,984,8,41,3,7,40,6.9,13.8,64.0
p1d64b_f06_2500_100_q3_55_67p5_a64_l1,src_04,silicon_die_upper,8.000000000000001e-06,1.725,215624.99999999997,1.1010742187500002e-09,1566651884.700665,1312,8,41,4,7,40,6.9,13.8,64.0
p1d64b_f06_2500_100_q3_55_67p5_a64_l1,src_05,silicon_die_upper,7.999999999999998e-06,1.725,215625.00000000006,1.1010742187500002e-09,1566651884.700665,1312,8,41,4,7,40,6.9,13.8,64.0
p1d64b_f06_2500_100_q3_55_67p5_a64_l1,src_06,silicon_die_upper,8.000000000000001e-06,1.725,215624.99999999997,1.1010742187500002e-09,1566651884.700665,1312,8,41,4,7,40,6.9,13.8,64.0
p1d64b_f06_2500_100_q3_55_67p5_a64_l1,src_07,silicon_die_upper,8.000000000000006e-06,1.725,215624.99999999983,1.1010742187499996e-09,1566651884.700666,1312,8,41,4,7,40,6.9,13.8,64.0
p1d64b_f06_2500_100_q4_67p5_80_a16_l0,src_00,silicon_die_lower,1.9999999999999995e-06,2.0625,1031250.0000000002,2.471923828124995e-10,8343703703.703721,270,9,10,3,8,9,8.25,16.5,16.0
p1d64b_f06_2500_100_q4_67p5_80_a16_l0,src_01,silicon_die_lower,2.0000000000000003e-06,2.0625,1031249.9999999999,2.1972656249999958e-10,9386666666.666685,240,8,10,3,7,9,8.25,16.5,16.0
p1d64b_f06_2500_100_q4_67p5_80_a16_l0,src_02,silicon_die_lower,2.0000000000000003e-06,2.0625,1031249.9999999999,2.4719238281249944e-10,8343703703.703723,270,9,10,3,8,9,8.25,16.5,16.0
p1d64b_f06_2500_100_q4_67p5_80_a16_l0,src_03,silicon_die_lower,2.0000000000000016e-06,2.0625,1031249.9999999992,2.471923828124994e-10,8343703703.703724,270,9,10,3,8,9,8.25,16.5,16.0
p1d64b_f06_2500_100_q4_67p5_80_a16_l0,src_04,silicon_die_upper,1.9999999999999995e-06,2.0625,1031250.0000000002,3.021240234375001e-10,6826666666.666664,360,9,10,4,8,9,8.25,16.5,16.0
p1d64b_f06_2500_100_q4_67p5_80_a16_l0,src_05,silicon_die_upper,2.0000000000000003e-06,2.0625,1031249.9999999999,2.685546875000001e-10,7679999999.999996,320,8,10,4,7,9,8.25,16.5,16.0
p1d64b_f06_2500_100_q4_67p5_80_a16_l0,src_06,silicon_die_upper,2.0000000000000003e-06,2.0625,1031249.9999999999,3.021240234375001e-10,6826666666.666664,360,9,10,4,8,9,8.25,16.5,16.0
p1d64b_f06_2500_100_q4_67p5_80_a16_l0,src_07,silicon_die_upper,2.0000000000000016e-06,2.0625,1031249.9999999992,3.021240234375e-10,6826666666.666667,360,9,10,4,8,9,8.25,16.5,16.0
p1d64b_f06_2500_100_q4_67p5_80_a32_l1,src_00,silicon_die_lower,3.999999999999998e-06,2.0625,515625.00000000023,4.6142578124999894e-10,4469841269.84128,504,8,21,3,7,20,8.25,16.5,32.0
p1d64b_f06_2500_100_q4_67p5_80_a32_l1,src_01,silicon_die_lower,3.999999999999998e-06,2.0625,515625.00000000023,4.614257812499991e-10,4469841269.841279,504,8,21,3,7,20,8.25,16.5,32.0
p1d64b_f06_2500_100_q4_67p5_80_a32_l1,src_02,silicon_die_lower,3.999999999999997e-06,2.0625,515625.00000000035,4.6142578124999894e-10,4469841269.84128,504,8,21,3,7,20,8.25,16.5,32.0
p1d64b_f06_2500_100_q4_67p5_80_a32_l1,src_03,silicon_die_lower,4.000000000000002e-06,2.0625,515624.9999999997,4.614257812499987e-10,4469841269.841283,504,8,21,3,7,20,8.25,16.5,32.0
p1d64b_f06_2500_100_q4_67p5_80_a32_l1,src_04,silicon_die_upper,4.000000000000002e-06,2.0625,515624.9999999997,5.37109375e-10,3840000000.0,640,8,20,4,7,19,8.25,16.5,32.0
p1d64b_f06_2500_100_q4_67p5_80_a32_l1,src_05,silicon_die_upper,4.0000000000000015e-06,2.0625,515624.9999999998,5.371093750000001e-10,3839999999.999999,640,8,20,4,7,19,8.25,16.5,32.0
p1d64b_f06_2500_100_q4_67p5_80_a32_l1,src_06,silicon_die_upper,4.000000000000002e-06,2.0625,515624.9999999997,5.371093750000002e-10,3839999999.999998,640,8,20,4,7,19,8.25,16.5,32.0
p1d64b_f06_2500_100_q4_67p5_80_a32_l1,src_07,silicon_die_upper,4.000000000000006e-06,2.0625,515624.99999999924,5.371093749999998e-10,3840000000.0000014,640,8,20,4,7,19,8.25,16.5,32.0
p1d64b_f07_2500_200_q1_30_42p5_a64_l0,src_00,silicon_die_lower,7.999999999999998e-06,1.0625,132812.50000000003,1.0134887695312478e-09,1048358928.033727,1107,9,41,3,8,40,4.25,8.5,64.0
p1d64b_f07_2500_200_q1_30_42p5_a64_l0,src_01,silicon_die_lower,8.000000000000001e-06,1.0625,132812.49999999997,9.008789062499982e-10,1179403794.0379426,984,8,41,3,7,40,4.25,8.5,64.0
p1d64b_f07_2500_200_q1_30_42p5_a64_l0,src_02,silicon_die_lower,8.000000000000001e-06,1.0625,132812.49999999997,1.0134887695312478e-09,1048358928.033727,1107,9,41,3,8,40,4.25,8.5,64.0
p1d64b_f07_2500_200_q1_30_42p5_a64_l0,src_03,silicon_die_lower,8.000000000000006e-06,1.0625,132812.49999999988,1.0134887695312474e-09,1048358928.0337275,1107,9,41,3,8,40,4.25,8.5,64.0
p1d64b_f07_2500_200_q1_30_42p5_a64_l0,src_04,silicon_die_upper,7.999999999999998e-06,1.0625,132812.50000000003,1.2387084960937505e-09,857748213.8457745,1476,9,41,4,8,40,4.25,8.5,64.0
p1d64b_f07_2500_200_q1_30_42p5_a64_l0,src_05,silicon_die_upper,8.000000000000001e-06,1.0625,132812.49999999997,1.1010742187500006e-09,964966740.5764961,1312,8,41,4,7,40,4.25,8.5,64.0
p1d64b_f07_2500_200_q1_30_42p5_a64_l0,src_06,silicon_die_upper,8.000000000000001e-06,1.0625,132812.49999999997,1.2387084960937503e-09,857748213.8457747,1476,9,41,4,8,40,4.25,8.5,64.0
p1d64b_f07_2500_200_q1_30_42p5_a64_l0,src_07,silicon_die_upper,8.000000000000006e-06,1.0625,132812.49999999988,1.2387084960937499e-09,857748213.8457749,1476,9,41,4,8,40,4.25,8.5,64.0
p1d64b_f07_2500_200_q1_30_42p5_a16_l1,src_00,silicon_die_lower,1.9999999999999995e-06,1.0625,531250.0000000001,2.416992187499995e-10,4395959595.959605,264,8,11,3,7,10,4.25,8.5,16.0
p1d64b_f07_2500_200_q1_30_42p5_a16_l1,src_01,silicon_die_lower,1.9999999999999995e-06,1.0625,531250.0000000001,2.4169921874999955e-10,4395959595.959604,264,8,11,3,7,10,4.25,8.5,16.0
p1d64b_f07_2500_200_q1_30_42p5_a16_l1,src_02,silicon_die_lower,1.9999999999999986e-06,1.0625,531250.0000000003,2.4169921874999944e-10,4395959595.959606,264,8,11,3,7,10,4.25,8.5,16.0
p1d64b_f07_2500_200_q1_30_42p5_a16_l1,src_03,silicon_die_lower,2.0000000000000016e-06,1.0625,531249.9999999995,2.416992187499994e-10,4395959595.959607,264,8,11,3,7,10,4.25,8.5,16.0
p1d64b_f07_2500_200_q1_30_42p5_a16_l1,src_04,silicon_die_upper,2.000000000000001e-06,1.0625,531249.9999999997,2.685546875000001e-10,3956363636.3636346,320,8,10,4,7,9,4.25,8.5,16.0
p1d64b_f07_2500_200_q1_30_42p5_a16_l1,src_05,silicon_die_upper,2.0000000000000008e-06,1.0625,531249.9999999998,2.685546875000001e-10,3956363636.3636346,320,8,10,4,7,9,4.25,8.5,16.0
p1d64b_f07_2500_200_q1_30_42p5_a16_l1,src_06,silicon_die_upper,2.000000000000001e-06,1.0625,531249.9999999997,2.685546875000001e-10,3956363636.3636346,320,8,10,4,7,9,4.25,8.5,16.0
p1d64b_f07_2500_200_q1_30_42p5_a16_l1,src_07,silicon_die_upper,2.000000000000003e-06,1.0625,531249.9999999992,2.6855468749999996e-10,3956363636.363637,320,8,10,4,7,9,4.25,8.5,16.0
p1d64b_f07_2500_200_q2_42p5_55_a32_l0,src_00,silicon_die_lower,3.999999999999998e-06,1.375,343750.0000000002,4.94384765624999e-10,2781234567.9012403,540,9,20,3,8,19,5.5,11.0,32.0
p1d64b_f07_2500_200_q2_42p5_55_a32_l0,src_01,silicon_die_lower,4e-06,1.375,343750.0,4.394531249999991e-10,3128888888.8888955,480,8,20,3,7,19,5.5,11.0,32.0
p1d64b_f07_2500_200_q2_42p5_55_a32_l0,src_02,silicon_die_lower,4e-06,1.375,343750.0,4.94384765624999e-10,2781234567.9012403,540,9,20,3,8,19,5.5,11.0,32.0
p1d64b_f07_2500_200_q2_42p5_55_a32_l0,src_03,silicon_die_lower,4.000000000000002e-06,1.375,343749.9999999998,4.943847656249988e-10,2781234567.9012413,540,9,20,3,8,19,5.5,11.0,32.0
p1d64b_f07_2500_200_q2_42p5_55_a32_l0,src_04,silicon_die_upper,4e-06,1.375,343750.0,6.042480468750002e-10,2275555555.555555,720,9,20,4,8,19,5.5,11.0,32.0
p1d64b_f07_2500_200_q2_42p5_55_a32_l0,src_05,silicon_die_upper,4.0000000000000015e-06,1.375,343749.9999999999,5.371093750000002e-10,2559999999.999999,640,8,20,4,7,19,5.5,11.0,32.0
p1d64b_f07_2500_200_q2_42p5_55_a32_l0,src_06,silicon_die_upper,4.0000000000000015e-06,1.375,343749.9999999999,6.042480468750002e-10,2275555555.555555,720,9,20,4,8,19,5.5,11.0,32.0
p1d64b_f07_2500_200_q2_42p5_55_a32_l0,src_07,silicon_die_upper,4.000000000000004e-06,1.375,343749.99999999965,6.042480468749999e-10,2275555555.555556,720,9,20,4,8,19,5.5,11.0,32.0
p1d64b_f07_2500_200_q2_42p5_55_a48_l1,src_00,silicon_die_lower,5.999999999999999e-06,1.375,229166.6666666667,6.811523437499984e-10,2018637992.8315458,744,8,31,3,7,30,5.5,11.0,48.0
p1d64b_f07_2500_200_q2_42p5_55_a48_l1,src_01,silicon_die_lower,5.999999999999999e-06,1.375,229166.6666666667,6.811523437499985e-10,2018637992.8315456,744,8,31,3,7,30,5.5,11.0,48.0
p1d64b_f07_2500_200_q2_42p5_55_a48_l1,src_02,silicon_die_lower,5.999999999999998e-06,1.375,229166.66666666674,6.811523437499984e-10,2018637992.8315458,744,8,31,3,7,30,5.5,11.0,48.0
p1d64b_f07_2500_200_q2_42p5_55_a48_l1,src_03,silicon_die_lower,6.000000000000006e-06,1.375,229166.66666666642,6.811523437499981e-10,2018637992.8315468,744,8,31,3,7,30,5.5,11.0,48.0
p1d64b_f07_2500_200_q2_42p5_55_a48_l1,src_04,silicon_die_upper,6.000000000000001e-06,1.375,229166.66666666663,8.325195312500003e-10,1651612903.2258058,992,8,31,4,7,30,5.5,11.0,48.0
p1d64b_f07_2500_200_q2_42p5_55_a48_l1,src_05,silicon_die_upper,5.9999999999999985e-06,1.375,229166.66666666672,8.325195312500003e-10,1651612903.2258058,992,8,31,4,7,30,5.5,11.0,48.0
p1d64b_f07_2500_200_q2_42p5_55_a48_l1,src_06,silicon_die_upper,6.000000000000001e-06,1.375,229166.66666666663,8.325195312500003e-10,1651612903.2258058,992,8,31,4,7,30,5.5,11.0,48.0
p1d64b_f07_2500_200_q2_42p5_55_a48_l1,src_07,silicon_die_upper,6.000000000000004e-06,1.375,229166.6666666665,8.325195312499998e-10,1651612903.225807,992,8,31,4,7,30,5.5,11.0,48.0
p1d64b_f07_2500_200_q3_55_67p5_a64_l0,src_00,silicon_die_lower,7.999999999999998e-06,1.725,215625.00000000006,1.0134887695312478e-09,1702041553.7488747,1107,9,41,3,8,40,6.9,13.8,64.0
p1d64b_f07_2500_200_q3_55_67p5_a64_l0,src_01,silicon_die_lower,8.000000000000001e-06,1.725,215624.99999999997,9.008789062499982e-10,1914796747.9674835,984,8,41,3,7,40,6.9,13.8,64.0
p1d64b_f07_2500_200_q3_55_67p5_a64_l0,src_02,silicon_die_lower,8.000000000000001e-06,1.725,215624.99999999997,1.0134887695312478e-09,1702041553.7488747,1107,9,41,3,8,40,6.9,13.8,64.0
p1d64b_f07_2500_200_q3_55_67p5_a64_l0,src_03,silicon_die_lower,8.000000000000006e-06,1.725,215624.99999999983,1.0134887695312474e-09,1702041553.7488754,1107,9,41,3,8,40,6.9,13.8,64.0
p1d64b_f07_2500_200_q3_55_67p5_a64_l0,src_04,silicon_die_upper,7.999999999999998e-06,1.725,215625.00000000006,1.2387084960937505e-09,1392579453.0672574,1476,9,41,4,8,40,6.9,13.8,64.0
p1d64b_f07_2500_200_q3_55_67p5_a64_l0,src_05,silicon_die_upper,8.000000000000001e-06,1.725,215624.99999999997,1.1010742187500006e-09,1566651884.7006643,1312,8,41,4,7,40,6.9,13.8,64.0
p1d64b_f07_2500_200_q3_55_67p5_a64_l0,src_06,silicon_die_upper,8.000000000000001e-06,1.725,215624.99999999997,1.2387084960937503e-09,1392579453.0672576,1476,9,41,4,8,40,6.9,13.8,64.0
p1d64b_f07_2500_200_q3_55_67p5_a64_l0,src_07,silicon_die_upper,8.000000000000006e-06,1.725,215624.99999999983,1.2387084960937499e-09,1392579453.0672581,1476,9,41,4,8,40,6.9,13.8,64.0
p1d64b_f07_2500_200_q3_55_67p5_a16_l1,src_00,silicon_die_lower,1.9999999999999995e-06,1.725,862500.0000000002,2.416992187499995e-10,7136969696.969712,264,8,11,3,7,10,6.9,13.8,16.0
p1d64b_f07_2500_200_q3_55_67p5_a16_l1,src_01,silicon_die_lower,1.9999999999999995e-06,1.725,862500.0000000002,2.4169921874999955e-10,7136969696.96971,264,8,11,3,7,10,6.9,13.8,16.0
p1d64b_f07_2500_200_q3_55_67p5_a16_l1,src_02,silicon_die_lower,1.9999999999999986e-06,1.725,862500.0000000006,2.4169921874999944e-10,7136969696.969714,264,8,11,3,7,10,6.9,13.8,16.0
p1d64b_f07_2500_200_q3_55_67p5_a16_l1,src_03,silicon_die_lower,2.0000000000000016e-06,1.725,862499.9999999993,2.416992187499994e-10,7136969696.969715,264,8,11,3,7,10,6.9,13.8,16.0
p1d64b_f07_2500_200_q3_55_67p5_a16_l1,src_04,silicon_die_upper,2.000000000000001e-06,1.725,862499.9999999995,2.685546875000001e-10,6423272727.272725,320,8,10,4,7,9,6.9,13.8,16.0
p1d64b_f07_2500_200_q3_55_67p5_a16_l1,src_05,silicon_die_upper,2.0000000000000008e-06,1.725,862499.9999999998,2.685546875000001e-10,6423272727.272725,320,8,10,4,7,9,6.9,13.8,16.0
p1d64b_f07_2500_200_q3_55_67p5_a16_l1,src_06,silicon_die_upper,2.000000000000001e-06,1.725,862499.9999999995,2.685546875000001e-10,6423272727.272725,320,8,10,4,7,9,6.9,13.8,16.0
p1d64b_f07_2500_200_q3_55_67p5_a16_l1,src_07,silicon_die_upper,2.000000000000003e-06,1.725,862499.9999999988,2.6855468749999996e-10,6423272727.272729,320,8,10,4,7,9,6.9,13.8,16.0
p1d64b_f07_2500_200_q4_67p5_80_a32_l0,src_00,silicon_die_lower,3.999999999999998e-06,2.0625,515625.00000000023,4.94384765624999e-10,4171851851.8518605,540,9,20,3,8,19,8.25,16.5,32.0
p1d64b_f07_2500_200_q4_67p5_80_a32_l0,src_01,silicon_die_lower,4e-06,2.0625,515625.0,4.394531249999991e-10,4693333333.333343,480,8,20,3,7,19,8.25,16.5,32.0
p1d64b_f07_2500_200_q4_67p5_80_a32_l0,src_02,silicon_die_lower,4e-06,2.0625,515625.0,4.94384765624999e-10,4171851851.8518605,540,9,20,3,8,19,8.25,16.5,32.0
p1d64b_f07_2500_200_q4_67p5_80_a32_l0,src_03,silicon_die_lower,4.000000000000002e-06,2.0625,515624.9999999997,4.943847656249988e-10,4171851851.851862,540,9,20,3,8,19,8.25,16.5,32.0
p1d64b_f07_2500_200_q4_67p5_80_a32_l0,src_04,silicon_die_upper,4e-06,2.0625,515625.0,6.042480468750002e-10,3413333333.333332,720,9,20,4,8,19,8.25,16.5,32.0
p1d64b_f07_2500_200_q4_67p5_80_a32_l0,src_05,silicon_die_upper,4.0000000000000015e-06,2.0625,515624.9999999998,5.371093750000002e-10,3839999999.999998,640,8,20,4,7,19,8.25,16.5,32.0
p1d64b_f07_2500_200_q4_67p5_80_a32_l0,src_06,silicon_die_upper,4.0000000000000015e-06,2.0625,515624.9999999998,6.042480468750002e-10,3413333333.333332,720,9,20,4,8,19,8.25,16.5,32.0
p1d64b_f07_2500_200_q4_67p5_80_a32_l0,src_07,silicon_die_upper,4.000000000000004e-06,2.0625,515624.9999999995,6.042480468749999e-10,3413333333.333334,720,9,20,4,8,19,8.25,16.5,32.0
p1d64b_f07_2500_200_q4_67p5_80_a48_l1,src_00,silicon_die_lower,5.999999999999999e-06,2.0625,343750.00000000006,6.811523437499984e-10,3027956989.2473187,744,8,31,3,7,30,8.25,16.5,48.0
p1d64b_f07_2500_200_q4_67p5_80_a48_l1,src_01,silicon_die_lower,5.999999999999999e-06,2.0625,343750.00000000006,6.811523437499985e-10,3027956989.2473183,744,8,31,3,7,30,8.25,16.5,48.0
p1d64b_f07_2500_200_q4_67p5_80_a48_l1,src_02,silicon_die_lower,5.999999999999998e-06,2.0625,343750.0000000001,6.811523437499984e-10,3027956989.2473187,744,8,31,3,7,30,8.25,16.5,48.0
p1d64b_f07_2500_200_q4_67p5_80_a48_l1,src_03,silicon_die_lower,6.000000000000006e-06,2.0625,343749.99999999965,6.811523437499981e-10,3027956989.24732,744,8,31,3,7,30,8.25,16.5,48.0
p1d64b_f07_2500_200_q4_67p5_80_a48_l1,src_04,silicon_die_upper,6.000000000000001e-06,2.0625,343749.99999999994,8.325195312500003e-10,2477419354.838709,992,8,31,4,7,30,8.25,16.5,48.0
p1d64b_f07_2500_200_q4_67p5_80_a48_l1,src_05,silicon_die_upper,5.9999999999999985e-06,2.0625,343750.0000000001,8.325195312500003e-10,2477419354.838709,992,8,31,4,7,30,8.25,16.5,48.0
p1d64b_f07_2500_200_q4_67p5_80_a48_l1,src_06,silicon_die_upper,6.000000000000001e-06,2.0625,343749.99999999994,8.325195312500003e-10,2477419354.838709,992,8,31,4,7,30,8.25,16.5,48.0
p1d64b_f07_2500_200_q4_67p5_80_a48_l1,src_07,silicon_die_upper,6.000000000000004e-06,2.0625,343749.99999999977,8.325195312499998e-10,2477419354.8387103,992,8,31,4,7,30,8.25,16.5,48.0
